ISO-10303-21;
HEADER;
/* Generated by software containing ST-Developer
 * from STEP Tools, Inc. (www.steptools.com) 
 */
/* OPTION: using custom renumber hook */

FILE_DESCRIPTION(
/* description */ ('STEP AP242 Edition 2',
'CAx-IF Rec.Pracs.---Representation and Presentation of Product Manufa
cturing Information (PMI)---4.0---2014-10-13',
'CAx-IF Rec.Pracs.---3D Tessellated Geometry---0.4---2014-09-14','2;1',
'CAx-IF Rec.Pracs.---User Defined Attributes---1.5---2016-08-15'),
/* implementation_level */ '2;1');

FILE_NAME(
/* name */ 'Back Case',
/* time_stamp */ '2026-06-05T22:14:22Z',
/* author */ (''),
/* organization */ (''),
/* preprocessor_version */ 'ST-DEVELOPER v20',
/* originating_system */ 'ONSHAPE BY PTC INC, 1.216',
/* authorisation */ '  ');

FILE_SCHEMA (('AP242_MANAGED_MODEL_BASED_3D_ENGINEERING_MIM_LF { 1 0 10303 442 3 1 4 }'));
ENDSEC;

DATA;
#10=SHAPE_REPRESENTATION_RELATIONSHIP('','',#793,#11);
#11=ADVANCED_BREP_SHAPE_REPRESENTATION('',(#791),#1962);
#12=(
BOUNDED_SURFACE()
B_SPLINE_SURFACE(5,3,((#1610,#1611,#1612,#1613),(#1614,#1615,#1616,#1617),
(#1618,#1619,#1620,#1621),(#1622,#1623,#1624,#1625),(#1626,#1627,#1628,
#1629),(#1630,#1631,#1632,#1633),(#1634,#1635,#1636,#1637),(#1638,#1639,
#1640,#1641),(#1642,#1643,#1644,#1645),(#1646,#1647,#1648,#1649),(#1650,
#1651,#1652,#1653),(#1654,#1655,#1656,#1657),(#1658,#1659,#1660,#1661)),
 .SURF_OF_REVOLUTION.,.F.,.F.,.F.)
B_SPLINE_SURFACE_WITH_KNOTS((6,2,5,6),(4,4),(0.,0.5,1.,1.0060000387398),
(0.,1.),.UNSPECIFIED.)
GEOMETRIC_REPRESENTATION_ITEM()
RATIONAL_B_SPLINE_SURFACE(((1.,0.800304809464223,0.800304809464223,1.),
(1.,0.800304809464223,0.800304809464223,1.),(1.,0.800304809464223,0.800304809464223,
1.),(1.,0.800304809464223,0.800304809464223,1.),(1.,0.800304809464223,0.800304809464223,
1.),(1.,0.800304809464223,0.800304809464223,1.),(1.,0.800304809464223,0.800304809464223,
1.),(1.,0.800304809464223,0.800304809464223,1.),(1.,0.800304809464223,0.800304809464223,
1.),(1.,0.800304809464223,0.800304809464223,1.),(1.,0.800304809464223,0.800304809464223,
1.),(1.,0.800304809464223,0.800304809464223,1.),(1.,0.800304809464223,0.800304809464223,
1.)))
REPRESENTATION_ITEM('')
SURFACE()
);
#13=(
BOUNDED_SURFACE()
B_SPLINE_SURFACE(5,3,((#1692,#1693,#1694,#1695),(#1696,#1697,#1698,#1699),
(#1700,#1701,#1702,#1703),(#1704,#1705,#1706,#1707),(#1708,#1709,#1710,
#1711),(#1712,#1713,#1714,#1715),(#1716,#1717,#1718,#1719),(#1720,#1721,
#1722,#1723),(#1724,#1725,#1726,#1727),(#1728,#1729,#1730,#1731),(#1732,
#1733,#1734,#1735),(#1736,#1737,#1738,#1739),(#1740,#1741,#1742,#1743)),
 .SURF_OF_REVOLUTION.,.F.,.F.,.F.)
B_SPLINE_SURFACE_WITH_KNOTS((6,2,5,6),(4,4),(0.,0.5,1.,1.00600001401273),
(0.,1.),.UNSPECIFIED.)
GEOMETRIC_REPRESENTATION_ITEM()
RATIONAL_B_SPLINE_SURFACE(((1.,0.800304811448082,0.800304811448082,1.),
(1.,0.800304811448082,0.800304811448082,1.),(1.,0.800304811448082,0.800304811448082,
1.),(1.,0.800304811448082,0.800304811448082,1.),(1.,0.800304811448082,0.800304811448082,
1.),(1.,0.800304811448082,0.800304811448082,1.),(1.,0.800304811448082,0.800304811448082,
1.),(1.,0.800304811448082,0.800304811448082,1.),(1.,0.800304811448082,0.800304811448082,
1.),(1.,0.800304811448082,0.800304811448082,1.),(1.,0.800304811448082,0.800304811448082,
1.),(1.,0.800304811448082,0.800304811448082,1.),(1.,0.800304811448082,0.800304811448082,
1.)))
REPRESENTATION_ITEM('')
SURFACE()
);
#14=B_SPLINE_SURFACE_WITH_KNOTS('',3,3,((#1409,#1410,#1411,#1412,#1413,
#1414,#1415,#1416,#1417),(#1418,#1419,#1420,#1421,#1422,#1423,#1424,#1425,
#1426),(#1427,#1428,#1429,#1430,#1431,#1432,#1433,#1434,#1435),(#1436,#1437,
#1438,#1439,#1440,#1441,#1442,#1443,#1444),(#1445,#1446,#1447,#1448,#1449,
#1450,#1451,#1452,#1453)),.UNSPECIFIED.,.F.,.F.,.F.,(4,1,4),(4,1,1,1,1,
1,4),(-0.00600001443189875,0.496999992784051,1.),(4.68412096892462,5.47894253233709,
5.87635331404333,6.27376409574956,6.6711748774558,7.06858565916204,7.86340722257451),
 .UNSPECIFIED.);
#15=B_SPLINE_SURFACE_WITH_KNOTS('',3,3,((#1454,#1455,#1456,#1457,#1458,
#1459,#1460,#1461,#1462),(#1463,#1464,#1465,#1466,#1467,#1468,#1469,#1470,
#1471),(#1472,#1473,#1474,#1475,#1476,#1477,#1478,#1479,#1480),(#1481,#1482,
#1483,#1484,#1485,#1486,#1487,#1488,#1489),(#1490,#1491,#1492,#1493,#1494,
#1495,#1496,#1497,#1498)),.UNSPECIFIED.,.F.,.F.,.F.,(4,1,4),(4,1,1,1,1,
1,4),(-0.00600001443189406,0.496999992784053,1.),(4.68412096892534,5.4789425323372,
5.87635331404313,6.27376409574906,6.67117487745499,7.06858565916091,7.86340722257277),
 .UNSPECIFIED.);
#16=B_SPLINE_SURFACE_WITH_KNOTS('',3,3,((#1499,#1500,#1501,#1502,#1503,
#1504,#1505,#1506,#1507,#1508,#1509,#1510,#1511,#1512,#1513,#1514,#1515,
#1516,#1517),(#1518,#1519,#1520,#1521,#1522,#1523,#1524,#1525,#1526,#1527,
#1528,#1529,#1530,#1531,#1532,#1533,#1534,#1535,#1536),(#1537,#1538,#1539,
#1540,#1541,#1542,#1543,#1544,#1545,#1546,#1547,#1548,#1549,#1550,#1551,
#1552,#1553,#1554,#1555),(#1556,#1557,#1558,#1559,#1560,#1561,#1562,#1563,
#1564,#1565,#1566,#1567,#1568,#1569,#1570,#1571,#1572,#1573,#1574),(#1575,
#1576,#1577,#1578,#1579,#1580,#1581,#1582,#1583,#1584,#1585,#1586,#1587,
#1588,#1589,#1590,#1591,#1592,#1593)),.UNSPECIFIED.,.F.,.T.,.F.,(4,1,4),
(1,1,1,1,1,1,1,1,1,1,1,1,1,1,1,1,1,1,1,1,1,1,1),(4.13479769957015E-5,0.500020673988498,
1.),(-1.17809724509617,-0.785398163397448,-0.392699081698725,0.,0.392699081698724,
0.785398163397448,1.17809724509617,1.5707963267949,1.96349540849362,2.35619449019234,
2.74889357189107,3.14159265358979,3.53429173528852,3.92699081698724,4.31968989868597,
4.71238898038469,5.10508806208341,5.49778714378214,5.89048622548086,6.28318530717959,
6.67588438887831,7.06858347057703,7.46128255227576),.UNSPECIFIED.);
#17=B_SPLINE_SURFACE_WITH_KNOTS('',5,1,((#1594,#1595),(#1596,#1597),(#1598,
#1599),(#1600,#1601),(#1602,#1603),(#1604,#1605),(#1606,#1607),(#1608,#1609)),
 .SURF_OF_LINEAR_EXTRUSION.,.F.,.F.,.F.,(6,2,6),(2,2),(0.,0.5,1.),(0.,1.),
 .UNSPECIFIED.);
#18=B_SPLINE_SURFACE_WITH_KNOTS('',5,1,((#1669,#1670),(#1671,#1672),(#1673,
#1674),(#1675,#1676),(#1677,#1678),(#1679,#1680),(#1681,#1682),(#1683,#1684)),
 .SURF_OF_LINEAR_EXTRUSION.,.F.,.F.,.F.,(6,2,6),(2,2),(0.,0.5,1.),(0.,1.),
 .UNSPECIFIED.);
#19=B_SPLINE_SURFACE_WITH_KNOTS('',5,1,((#1748,#1749),(#1750,#1751),(#1752,
#1753),(#1754,#1755),(#1756,#1757),(#1758,#1759),(#1760,#1761),(#1762,#1763)),
 .SURF_OF_LINEAR_EXTRUSION.,.F.,.F.,.F.,(6,2,6),(2,2),(0.,0.5,1.),(0.,1.),
 .UNSPECIFIED.);
#20=B_SPLINE_SURFACE_WITH_KNOTS('',5,1,((#1790,#1791),(#1792,#1793),(#1794,
#1795),(#1796,#1797),(#1798,#1799),(#1800,#1801),(#1802,#1803),(#1804,#1805)),
 .SURF_OF_LINEAR_EXTRUSION.,.F.,.F.,.F.,(6,2,6),(2,2),(0.,0.5,1.),(0.,1.),
 .UNSPECIFIED.);
#21=B_SPLINE_SURFACE_WITH_KNOTS('',5,1,((#1832,#1833),(#1834,#1835),(#1836,
#1837),(#1838,#1839),(#1840,#1841),(#1842,#1843),(#1844,#1845),(#1846,#1847),
(#1848,#1849),(#1850,#1851),(#1852,#1853),(#1854,#1855),(#1856,#1857)),
 .SURF_OF_LINEAR_EXTRUSION.,.F.,.F.,.F.,(6,2,5,6),(2,2),(0.,0.5,1.,1.00600098545995),
(0.,1.),.UNSPECIFIED.);
#22=B_SPLINE_SURFACE_WITH_KNOTS('',5,1,((#1858,#1859),(#1860,#1861),(#1862,
#1863),(#1864,#1865),(#1866,#1867),(#1868,#1869),(#1870,#1871),(#1872,#1873)),
 .SURF_OF_LINEAR_EXTRUSION.,.F.,.F.,.F.,(6,2,6),(2,2),(0.,0.5,1.),(0.,1.),
 .UNSPECIFIED.);
#23=B_SPLINE_SURFACE_WITH_KNOTS('',5,1,((#1885,#1886),(#1887,#1888),(#1889,
#1890),(#1891,#1892),(#1893,#1894),(#1895,#1896),(#1897,#1898),(#1899,#1900)),
 .SURF_OF_LINEAR_EXTRUSION.,.F.,.F.,.F.,(6,2,6),(2,2),(0.,0.5,1.),(0.,1.),
 .UNSPECIFIED.);
#24=B_SPLINE_SURFACE_WITH_KNOTS('',5,1,((#1912,#1913),(#1914,#1915),(#1916,
#1917),(#1918,#1919),(#1920,#1921),(#1922,#1923),(#1924,#1925),(#1926,#1927)),
 .SURF_OF_LINEAR_EXTRUSION.,.F.,.F.,.F.,(6,2,6),(2,2),(0.,0.5,1.),(0.,1.),
 .UNSPECIFIED.);
#25=B_SPLINE_SURFACE_WITH_KNOTS('',5,1,((#1935,#1936),(#1937,#1938),(#1939,
#1940),(#1941,#1942),(#1943,#1944),(#1945,#1946),(#1947,#1948),(#1949,#1950),
(#1951,#1952),(#1953,#1954),(#1955,#1956),(#1957,#1958),(#1959,#1960)),
 .SURF_OF_LINEAR_EXTRUSION.,.F.,.F.,.F.,(6,5,2,6),(2,2),(-0.00600000000001322,
0.,0.5,1.),(0.,1.),.UNSPECIFIED.);
#26=CYLINDRICAL_SURFACE('',#800,0.005);
#27=CYLINDRICAL_SURFACE('',#807,0.005);
#28=CYLINDRICAL_SURFACE('',#820,0.00505);
#29=CYLINDRICAL_SURFACE('',#821,0.0015);
#30=CYLINDRICAL_SURFACE('',#822,0.0015);
#31=CYLINDRICAL_SURFACE('',#823,0.00275);
#32=CYLINDRICAL_SURFACE('',#824,0.00275);
#33=CYLINDRICAL_SURFACE('',#827,0.00255);
#34=CYLINDRICAL_SURFACE('',#831,0.00255);
#35=LINE('',#990,#85);
#36=LINE('',#997,#86);
#37=LINE('',#1004,#87);
#38=LINE('',#1006,#88);
#39=LINE('',#1008,#89);
#40=LINE('',#1010,#90);
#41=LINE('',#1012,#91);
#42=LINE('',#1019,#92);
#43=LINE('',#1021,#93);
#44=LINE('',#1023,#94);
#45=LINE('',#1030,#95);
#46=LINE('',#1032,#96);
#47=LINE('',#1034,#97);
#48=LINE('',#1036,#98);
#49=LINE('',#1038,#99);
#50=LINE('',#1045,#100);
#51=LINE('',#1052,#101);
#52=LINE('',#1054,#102);
#53=LINE('',#1056,#103);
#54=LINE('',#1058,#104);
#55=LINE('',#1062,#105);
#56=LINE('',#1065,#106);
#57=LINE('',#1067,#107);
#58=LINE('',#1069,#108);
#59=LINE('',#1071,#109);
#60=LINE('',#1073,#110);
#61=LINE('',#1088,#111);
#62=LINE('',#1100,#112);
#63=LINE('',#1120,#113);
#64=LINE('',#1133,#114);
#65=LINE('',#1222,#115);
#66=LINE('',#1224,#116);
#67=LINE('',#1226,#117);
#68=LINE('',#1261,#118);
#69=LINE('',#1269,#119);
#70=LINE('',#1271,#120);
#71=LINE('',#1292,#121);
#72=LINE('',#1293,#122);
#73=LINE('',#1295,#123);
#74=LINE('',#1297,#124);
#75=LINE('',#1308,#125);
#76=LINE('',#1315,#126);
#77=LINE('',#1321,#127);
#78=LINE('',#1323,#128);
#79=LINE('',#1345,#129);
#80=LINE('',#1347,#130);
#81=LINE('',#1354,#131);
#82=LINE('',#1356,#132);
#83=LINE('',#1362,#133);
#84=LINE('',#1381,#134);
#85=VECTOR('',#845,1.);
#86=VECTOR('',#846,1.);
#87=VECTOR('',#847,1.);
#88=VECTOR('',#848,1.);
#89=VECTOR('',#849,1.);
#90=VECTOR('',#850,1.);
#91=VECTOR('',#851,1.);
#92=VECTOR('',#852,1.);
#93=VECTOR('',#853,1.);
#94=VECTOR('',#854,1.);
#95=VECTOR('',#855,1.);
#96=VECTOR('',#856,1.);
#97=VECTOR('',#857,1.);
#98=VECTOR('',#858,1.);
#99=VECTOR('',#859,1.);
#100=VECTOR('',#860,1.);
#101=VECTOR('',#861,1.);
#102=VECTOR('',#862,1.);
#103=VECTOR('',#863,1.);
#104=VECTOR('',#864,1.);
#105=VECTOR('',#869,1.);
#106=VECTOR('',#870,1.);
#107=VECTOR('',#871,1.);
#108=VECTOR('',#872,1.);
#109=VECTOR('',#873,1.);
#110=VECTOR('',#874,1.);
#111=VECTOR('',#877,1.);
#112=VECTOR('',#878,1.);
#113=VECTOR('',#887,1.);
#114=VECTOR('',#890,1.);
#115=VECTOR('',#901,1.);
#116=VECTOR('',#902,1.);
#117=VECTOR('',#903,1.);
#118=VECTOR('',#906,1.);
#119=VECTOR('',#907,1.);
#120=VECTOR('',#908,1.);
#121=VECTOR('',#911,1.);
#122=VECTOR('',#912,1.);
#123=VECTOR('',#913,1.);
#124=VECTOR('',#916,1.);
#125=VECTOR('',#919,1.);
#126=VECTOR('',#922,1.);
#127=VECTOR('',#925,1.);
#128=VECTOR('',#926,1.);
#129=VECTOR('',#929,1.);
#130=VECTOR('',#930,1.);
#131=VECTOR('',#933,1.);
#132=VECTOR('',#934,1.);
#133=VECTOR('',#937,1.);
#134=VECTOR('',#950,1.);
#135=B_SPLINE_CURVE_WITH_KNOTS('',3,(#979,#980,#981,#982),.UNSPECIFIED.,
 .F.,.F.,(4,4),(0.,1.),.UNSPECIFIED.);
#136=B_SPLINE_CURVE_WITH_KNOTS('',3,(#985,#986,#987,#988),.UNSPECIFIED.,
 .F.,.F.,(4,4),(0.,1.),.UNSPECIFIED.);
#137=B_SPLINE_CURVE_WITH_KNOTS('',3,(#992,#993,#994,#995),.UNSPECIFIED.,
 .F.,.F.,(4,4),(0.,1.),.UNSPECIFIED.);
#138=B_SPLINE_CURVE_WITH_KNOTS('',3,(#999,#1000,#1001,#1002),
 .UNSPECIFIED.,.F.,.F.,(4,4),(0.,1.),.UNSPECIFIED.);
#139=B_SPLINE_CURVE_WITH_KNOTS('',3,(#1014,#1015,#1016,#1017),
 .UNSPECIFIED.,.F.,.F.,(4,4),(0.,1.),.UNSPECIFIED.);
#140=B_SPLINE_CURVE_WITH_KNOTS('',3,(#1025,#1026,#1027,#1028),
 .UNSPECIFIED.,.F.,.F.,(4,4),(0.,1.),.UNSPECIFIED.);
#141=B_SPLINE_CURVE_WITH_KNOTS('',3,(#1040,#1041,#1042,#1043),
 .UNSPECIFIED.,.F.,.F.,(4,4),(0.,1.),.UNSPECIFIED.);
#142=B_SPLINE_CURVE_WITH_KNOTS('',3,(#1047,#1048,#1049,#1050),
 .UNSPECIFIED.,.F.,.F.,(4,4),(0.,1.),.UNSPECIFIED.);
#143=B_SPLINE_CURVE_WITH_KNOTS('',3,(#1075,#1076,#1077,#1078,#1079,#1080,
#1081),.UNSPECIFIED.,.F.,.F.,(4,1,1,1,4),(0.,0.24999999728821,0.499999994576419,
0.749999991864629,0.999999989152839),.UNSPECIFIED.);
#144=B_SPLINE_CURVE_WITH_KNOTS('',3,(#1082,#1083,#1084,#1085,#1086),
 .UNSPECIFIED.,.F.,.F.,(4,1,4),(0.,0.5,1.),.UNSPECIFIED.);
#145=B_SPLINE_CURVE_WITH_KNOTS('',3,(#1090,#1091,#1092,#1093,#1094,#1095,
#1096,#1097,#1098),.UNSPECIFIED.,.F.,.F.,(4,1,1,1,1,1,4),(0.,0.00219490272042939,
0.00329235408064409,0.00438980544085878,0.00548725680107348,0.00658470816128817,
0.00877961088171756),.UNSPECIFIED.);
#146=B_SPLINE_CURVE_WITH_KNOTS('',3,(#1102,#1103,#1104,#1105,#1106,#1107,
#1108,#1109,#1110,#1111,#1112),.UNSPECIFIED.,.F.,.F.,(4,1,1,1,1,1,1,1,4),
(-4.71152267406822E-6,0.000103297510254379,0.000211306543182826,0.00042732460903972,
0.000859360740753508,0.0012913968724673,0.00172343300418109,0.00258750526760866,
0.00345157753103624),.UNSPECIFIED.);
#147=B_SPLINE_CURVE_WITH_KNOTS('',3,(#1123,#1124,#1125,#1126),
 .UNSPECIFIED.,.F.,.F.,(4,4),(0.,1.),.UNSPECIFIED.);
#148=B_SPLINE_CURVE_WITH_KNOTS('',3,(#1128,#1129,#1130,#1131),
 .UNSPECIFIED.,.F.,.F.,(4,4),(0.,1.),.UNSPECIFIED.);
#149=B_SPLINE_CURVE_WITH_KNOTS('',3,(#1137,#1138,#1139,#1140,#1141,#1142,
#1143),.UNSPECIFIED.,.F.,.F.,(4,1,1,1,4),(0.,0.249999997288211,0.499999994576421,
0.749999991864632,0.999999989152842),.UNSPECIFIED.);
#150=B_SPLINE_CURVE_WITH_KNOTS('',3,(#1146,#1147,#1148,#1149,#1150,#1151,
#1152,#1153,#1154,#1155,#1156),.UNSPECIFIED.,.F.,.F.,(4,1,1,1,1,1,1,1,4),
(0.,0.000850167555295997,0.00170033511059199,0.00212541888823999,0.00255050266588799,
0.00297558644353599,0.00318812833235999,0.00329439927677199,0.00340067022118399),
 .UNSPECIFIED.);
#151=B_SPLINE_CURVE_WITH_KNOTS('',3,(#1157,#1158,#1159,#1160,#1161,#1162,
#1163,#1164,#1165),.UNSPECIFIED.,.F.,.F.,(4,1,1,1,1,1,4),(0.,0.00219490272042943,
0.00329235408064414,0.00438980544085885,0.00548725680107356,0.00658470816128828,
0.0087796108817177),.UNSPECIFIED.);
#152=B_SPLINE_CURVE_WITH_KNOTS('',3,(#1166,#1167,#1168,#1169,#1170),
 .UNSPECIFIED.,.F.,.F.,(4,1,4),(0.,0.5,1.),.UNSPECIFIED.);
#153=B_SPLINE_CURVE_WITH_KNOTS('',3,(#1172,#1173,#1174,#1175),
 .UNSPECIFIED.,.F.,.F.,(4,4),(0.,1.),.UNSPECIFIED.);
#154=B_SPLINE_CURVE_WITH_KNOTS('',3,(#1177,#1178,#1179,#1180,#1181,#1182,
#1183,#1184,#1185,#1186,#1187,#1188,#1189,#1190,#1191,#1192,#1193,#1194,
#1195),.UNSPECIFIED.,.T.,.F.,(1,1,1,1,1,1,1,1,1,1,1,1,1,1,1,1,1,1,1,1,1,
1,1),(-0.190789473684211,-0.128289473684211,-0.0657894736842105,0.,0.059375,
0.12171875,0.1842109375,0.246710546875,0.30921052734375,0.371710526367187,
0.434210526318359,0.496710526315918,0.559210526315796,0.62171052631579,
0.684210526315789,0.746710526315789,0.809210526315789,0.871710526315789,
0.934210526315789,1.,1.059375,1.12171875,1.1842109375),.UNSPECIFIED.);
#155=B_SPLINE_CURVE_WITH_KNOTS('',3,(#1197,#1198,#1199,#1200),
 .UNSPECIFIED.,.F.,.F.,(4,4),(0.,1.),.UNSPECIFIED.);
#156=B_SPLINE_CURVE_WITH_KNOTS('',3,(#1202,#1203,#1204,#1205),
 .UNSPECIFIED.,.F.,.F.,(4,4),(0.,1.),.UNSPECIFIED.);
#157=B_SPLINE_CURVE_WITH_KNOTS('',3,(#1207,#1208,#1209,#1210),
 .UNSPECIFIED.,.F.,.F.,(4,4),(0.,1.),.UNSPECIFIED.);
#158=B_SPLINE_CURVE_WITH_KNOTS('',3,(#1212,#1213,#1214,#1215),
 .UNSPECIFIED.,.F.,.F.,(4,4),(0.,1.),.UNSPECIFIED.);
#159=B_SPLINE_CURVE_WITH_KNOTS('',3,(#1217,#1218,#1219,#1220),
 .UNSPECIFIED.,.F.,.F.,(4,4),(0.,1.),.UNSPECIFIED.);
#160=B_SPLINE_CURVE_WITH_KNOTS('',3,(#1228,#1229,#1230,#1231),
 .UNSPECIFIED.,.F.,.F.,(4,4),(0.,1.),.UNSPECIFIED.);
#161=B_SPLINE_CURVE_WITH_KNOTS('',3,(#1233,#1234,#1235,#1236),
 .UNSPECIFIED.,.F.,.F.,(4,4),(0.,1.),.UNSPECIFIED.);
#162=B_SPLINE_CURVE_WITH_KNOTS('',3,(#1238,#1239,#1240,#1241),
 .UNSPECIFIED.,.F.,.F.,(4,4),(0.,0.999998174150412),.UNSPECIFIED.);
#163=B_SPLINE_CURVE_WITH_KNOTS('',3,(#1243,#1244,#1245,#1246,#1247),
 .UNSPECIFIED.,.F.,.F.,(4,1,4),(0.0315067327546781,0.515753366377339,1.),
 .UNSPECIFIED.);
#164=B_SPLINE_CURVE_WITH_KNOTS('',3,(#1249,#1250,#1251,#1252),
 .UNSPECIFIED.,.F.,.F.,(4,4),(0.,1.),.UNSPECIFIED.);
#165=B_SPLINE_CURVE_WITH_KNOTS('',3,(#1254,#1255,#1256,#1257,#1258,#1259),
 .UNSPECIFIED.,.F.,.F.,(4,1,1,4),(0.,0.5,0.75,1.),.UNSPECIFIED.);
#166=B_SPLINE_CURVE_WITH_KNOTS('',3,(#1264,#1265,#1266,#1267),
 .UNSPECIFIED.,.F.,.F.,(4,4),(0.,1.),.UNSPECIFIED.);
#167=B_SPLINE_CURVE_WITH_KNOTS('',3,(#1273,#1274,#1275,#1276,#1277,#1278,
#1279,#1280,#1281,#1282,#1283,#1284,#1285,#1286,#1287,#1288,#1289,#1290,
#1291),.UNSPECIFIED.,.F.,.F.,(4,1,1,1,1,1,1,1,1,1,1,1,1,1,1,1,4),(0.,0.0625,
0.125,0.140625,0.15625,0.1875,0.25,0.375,0.5,0.625,0.75,0.8125,0.875,0.890625,
0.90625,0.9375,1.),.UNSPECIFIED.);
#168=B_SPLINE_CURVE_WITH_KNOTS('',5,(#1299,#1300,#1301,#1302,#1303,#1304,
#1305,#1306),.UNSPECIFIED.,.F.,.F.,(6,2,6),(0.,0.5,1.),.UNSPECIFIED.);
#169=B_SPLINE_CURVE_WITH_KNOTS('',3,(#1310,#1311,#1312,#1313),
 .UNSPECIFIED.,.F.,.F.,(4,4),(0.,1.),.UNSPECIFIED.);
#170=B_SPLINE_CURVE_WITH_KNOTS('',3,(#1317,#1318,#1319,#1320),
 .UNSPECIFIED.,.F.,.F.,(4,4),(0.,1.),.UNSPECIFIED.);
#171=B_SPLINE_CURVE_WITH_KNOTS('',3,(#1325,#1326,#1327,#1328,#1329,#1330,
#1331,#1332,#1333,#1334,#1335,#1336,#1337,#1338,#1339,#1340,#1341,#1342,
#1343),.UNSPECIFIED.,.F.,.F.,(4,1,1,1,1,1,1,1,1,1,1,1,1,1,1,1,4),(0.,0.0625,
0.125,0.15625,0.1875,0.25,0.375,0.5,0.625,0.6875,0.75,0.8125,0.84375,0.875,
0.90625,0.9375,1.),.UNSPECIFIED.);
#172=B_SPLINE_CURVE_WITH_KNOTS('',3,(#1349,#1350,#1351,#1352),
 .UNSPECIFIED.,.F.,.F.,(4,4),(0.,1.),.UNSPECIFIED.);
#173=B_SPLINE_CURVE_WITH_KNOTS('',3,(#1358,#1359,#1360,#1361),
 .UNSPECIFIED.,.F.,.F.,(4,4),(0.,1.),.UNSPECIFIED.);
#174=B_SPLINE_CURVE_WITH_KNOTS('',3,(#1364,#1365,#1366,#1367,#1368,#1369,
#1370,#1371,#1372,#1373,#1374),.UNSPECIFIED.,.T.,.F.,(1,1,1,1,1,1,1,1,1,
1,1,1,1,1,1),(-0.375,-0.25,-0.125,0.,0.125,0.25,0.375,0.5,0.625,0.75,0.875,
1.,1.125,1.25,1.375),.UNSPECIFIED.);
#175=B_SPLINE_CURVE_WITH_KNOTS('',3,(#1387,#1388,#1389,#1390,#1391,#1392,
#1393,#1394),.UNSPECIFIED.,.F.,.F.,(4,1,1,1,1,4),(0.,0.25,0.5,0.75,0.875,
1.),.UNSPECIFIED.);
#176=B_SPLINE_CURVE_WITH_KNOTS('',3,(#1399,#1400,#1401,#1402,#1403,#1404,
#1405,#1406),.UNSPECIFIED.,.F.,.F.,(4,1,1,1,1,4),(0.,0.25,0.5,0.75,0.875,
1.),.UNSPECIFIED.);
#177=B_SPLINE_CURVE_WITH_KNOTS('',3,(#1662,#1663,#1664,#1665,#1666,#1667,
#1668),.UNSPECIFIED.,.F.,.F.,(4,1,1,1,4),(0.,0.25,0.5,0.75,1.),
 .UNSPECIFIED.);
#178=B_SPLINE_CURVE_WITH_KNOTS('',3,(#1685,#1686,#1687,#1688,#1689,#1690,
#1691),.UNSPECIFIED.,.F.,.F.,(4,1,1,1,4),(0.,0.25,0.5,0.75,1.),
 .UNSPECIFIED.);
#179=B_SPLINE_CURVE_WITH_KNOTS('',3,(#1744,#1745,#1746,#1747),
 .UNSPECIFIED.,.F.,.F.,(4,4),(0.,1.),.UNSPECIFIED.);
#180=B_SPLINE_CURVE_WITH_KNOTS('',3,(#1764,#1765,#1766,#1767,#1768,#1769,
#1770,#1771,#1772,#1773,#1774,#1775,#1776,#1777,#1778,#1779,#1780,#1781,
#1782,#1783,#1784,#1785,#1786,#1787,#1788,#1789),.UNSPECIFIED.,.F.,.F.,
(4,1,1,1,1,1,1,1,1,1,1,1,1,1,1,1,1,1,1,1,1,1,1,4),(0.,0.0625,0.09375,0.125,
0.15625,0.1875,0.25,0.3125,0.375,0.4375,0.46875,0.484375,0.5,0.515625,0.53125,
0.5625,0.625,0.6875,0.71875,0.75,0.78125,0.8125,0.875,1.),.UNSPECIFIED.);
#181=B_SPLINE_CURVE_WITH_KNOTS('',3,(#1806,#1807,#1808,#1809,#1810,#1811,
#1812,#1813,#1814,#1815,#1816,#1817,#1818,#1819,#1820,#1821,#1822,#1823,
#1824,#1825,#1826,#1827,#1828,#1829,#1830,#1831),.UNSPECIFIED.,.F.,.F.,
(4,1,1,1,1,1,1,1,1,1,1,1,1,1,1,1,1,1,1,1,1,1,1,4),(0.,0.0625,0.09375,0.125,
0.15625,0.1875,0.25,0.3125,0.375,0.4375,0.46875,0.484375,0.5,0.515625,0.53125,
0.5625,0.625,0.6875,0.71875,0.75,0.78125,0.8125,0.875,1.),.UNSPECIFIED.);
#182=B_SPLINE_CURVE_WITH_KNOTS('',3,(#1874,#1875,#1876,#1877,#1878,#1879,
#1880,#1881,#1882,#1883,#1884),.UNSPECIFIED.,.F.,.F.,(4,1,1,1,1,1,1,1,4),
(0.,0.25,0.375,0.4375,0.5,0.5625,0.625,0.75,1.),.UNSPECIFIED.);
#183=B_SPLINE_CURVE_WITH_KNOTS('',3,(#1901,#1902,#1903,#1904,#1905,#1906,
#1907,#1908,#1909,#1910,#1911),.UNSPECIFIED.,.F.,.F.,(4,1,1,1,1,1,1,1,4),
(0.,0.25,0.375,0.4375,0.5,0.5625,0.625,0.75,1.),.UNSPECIFIED.);
#184=B_SPLINE_CURVE_WITH_KNOTS('',3,(#1928,#1929,#1930,#1931,#1932,#1933,
#1934),.UNSPECIFIED.,.F.,.F.,(4,1,1,1,4),(-8.00000000278571E-6,0.000480004557323224,
0.000968009114649234,0.00145601367197524,0.00194401822930125),
 .UNSPECIFIED.);
#185=ORIENTED_EDGE('',*,*,#411,.T.);
#186=ORIENTED_EDGE('',*,*,#412,.F.);
#187=ORIENTED_EDGE('',*,*,#413,.T.);
#188=ORIENTED_EDGE('',*,*,#414,.T.);
#189=ORIENTED_EDGE('',*,*,#415,.F.);
#190=ORIENTED_EDGE('',*,*,#416,.T.);
#191=ORIENTED_EDGE('',*,*,#417,.F.);
#192=ORIENTED_EDGE('',*,*,#418,.T.);
#193=ORIENTED_EDGE('',*,*,#419,.T.);
#194=ORIENTED_EDGE('',*,*,#420,.T.);
#195=ORIENTED_EDGE('',*,*,#421,.T.);
#196=ORIENTED_EDGE('',*,*,#422,.F.);
#197=ORIENTED_EDGE('',*,*,#423,.T.);
#198=ORIENTED_EDGE('',*,*,#424,.T.);
#199=ORIENTED_EDGE('',*,*,#425,.T.);
#200=ORIENTED_EDGE('',*,*,#426,.T.);
#201=ORIENTED_EDGE('',*,*,#427,.F.);
#202=ORIENTED_EDGE('',*,*,#428,.T.);
#203=ORIENTED_EDGE('',*,*,#429,.T.);
#204=ORIENTED_EDGE('',*,*,#430,.T.);
#205=ORIENTED_EDGE('',*,*,#431,.T.);
#206=ORIENTED_EDGE('',*,*,#432,.F.);
#207=ORIENTED_EDGE('',*,*,#433,.T.);
#208=ORIENTED_EDGE('',*,*,#434,.T.);
#209=ORIENTED_EDGE('',*,*,#435,.T.);
#210=ORIENTED_EDGE('',*,*,#436,.T.);
#211=ORIENTED_EDGE('',*,*,#437,.F.);
#212=ORIENTED_EDGE('',*,*,#438,.F.);
#213=ORIENTED_EDGE('',*,*,#439,.T.);
#214=ORIENTED_EDGE('',*,*,#440,.T.);
#215=ORIENTED_EDGE('',*,*,#441,.F.);
#216=ORIENTED_EDGE('',*,*,#442,.F.);
#217=ORIENTED_EDGE('',*,*,#443,.T.);
#218=ORIENTED_EDGE('',*,*,#444,.F.);
#219=ORIENTED_EDGE('',*,*,#445,.T.);
#220=ORIENTED_EDGE('',*,*,#446,.T.);
#221=ORIENTED_EDGE('',*,*,#447,.T.);
#222=ORIENTED_EDGE('',*,*,#425,.F.);
#223=ORIENTED_EDGE('',*,*,#448,.T.);
#224=ORIENTED_EDGE('',*,*,#417,.T.);
#225=ORIENTED_EDGE('',*,*,#449,.T.);
#226=ORIENTED_EDGE('',*,*,#450,.F.);
#227=ORIENTED_EDGE('',*,*,#451,.F.);
#228=ORIENTED_EDGE('',*,*,#452,.F.);
#229=ORIENTED_EDGE('',*,*,#453,.T.);
#230=ORIENTED_EDGE('',*,*,#454,.T.);
#231=ORIENTED_EDGE('',*,*,#455,.F.);
#232=ORIENTED_EDGE('',*,*,#456,.T.);
#233=ORIENTED_EDGE('',*,*,#457,.F.);
#234=ORIENTED_EDGE('',*,*,#458,.T.);
#235=ORIENTED_EDGE('',*,*,#452,.T.);
#236=ORIENTED_EDGE('',*,*,#459,.F.);
#237=ORIENTED_EDGE('',*,*,#450,.T.);
#238=ORIENTED_EDGE('',*,*,#460,.T.);
#239=ORIENTED_EDGE('',*,*,#461,.F.);
#240=ORIENTED_EDGE('',*,*,#462,.T.);
#241=ORIENTED_EDGE('',*,*,#435,.F.);
#242=ORIENTED_EDGE('',*,*,#463,.T.);
#243=ORIENTED_EDGE('',*,*,#427,.T.);
#244=ORIENTED_EDGE('',*,*,#464,.T.);
#245=ORIENTED_EDGE('',*,*,#465,.T.);
#246=ORIENTED_EDGE('',*,*,#457,.T.);
#247=ORIENTED_EDGE('',*,*,#466,.T.);
#248=ORIENTED_EDGE('',*,*,#461,.T.);
#249=ORIENTED_EDGE('',*,*,#467,.T.);
#250=ORIENTED_EDGE('',*,*,#454,.F.);
#251=ORIENTED_EDGE('',*,*,#468,.T.);
#252=ORIENTED_EDGE('',*,*,#464,.F.);
#253=ORIENTED_EDGE('',*,*,#426,.F.);
#254=ORIENTED_EDGE('',*,*,#469,.T.);
#255=ORIENTED_EDGE('',*,*,#415,.T.);
#256=ORIENTED_EDGE('',*,*,#470,.T.);
#257=ORIENTED_EDGE('',*,*,#471,.T.);
#258=ORIENTED_EDGE('',*,*,#472,.T.);
#259=ORIENTED_EDGE('',*,*,#473,.T.);
#260=ORIENTED_EDGE('',*,*,#474,.T.);
#261=ORIENTED_EDGE('',*,*,#475,.F.);
#262=ORIENTED_EDGE('',*,*,#476,.F.);
#263=ORIENTED_EDGE('',*,*,#477,.T.);
#264=ORIENTED_EDGE('',*,*,#478,.T.);
#265=ORIENTED_EDGE('',*,*,#479,.T.);
#266=ORIENTED_EDGE('',*,*,#480,.T.);
#267=ORIENTED_EDGE('',*,*,#481,.T.);
#268=ORIENTED_EDGE('',*,*,#482,.T.);
#269=ORIENTED_EDGE('',*,*,#483,.T.);
#270=ORIENTED_EDGE('',*,*,#484,.T.);
#271=ORIENTED_EDGE('',*,*,#485,.T.);
#272=ORIENTED_EDGE('',*,*,#486,.F.);
#273=ORIENTED_EDGE('',*,*,#487,.T.);
#274=ORIENTED_EDGE('',*,*,#486,.T.);
#275=ORIENTED_EDGE('',*,*,#488,.T.);
#276=ORIENTED_EDGE('',*,*,#477,.F.);
#277=ORIENTED_EDGE('',*,*,#489,.F.);
#278=ORIENTED_EDGE('',*,*,#444,.T.);
#279=ORIENTED_EDGE('',*,*,#490,.F.);
#280=ORIENTED_EDGE('',*,*,#491,.T.);
#281=ORIENTED_EDGE('',*,*,#476,.T.);
#282=ORIENTED_EDGE('',*,*,#492,.F.);
#283=ORIENTED_EDGE('',*,*,#445,.F.);
#284=ORIENTED_EDGE('',*,*,#489,.T.);
#285=ORIENTED_EDGE('',*,*,#475,.T.);
#286=ORIENTED_EDGE('',*,*,#493,.T.);
#287=ORIENTED_EDGE('',*,*,#494,.F.);
#288=ORIENTED_EDGE('',*,*,#446,.F.);
#289=ORIENTED_EDGE('',*,*,#492,.T.);
#290=ORIENTED_EDGE('',*,*,#494,.T.);
#291=ORIENTED_EDGE('',*,*,#495,.T.);
#292=ORIENTED_EDGE('',*,*,#496,.F.);
#293=ORIENTED_EDGE('',*,*,#447,.F.);
#294=ORIENTED_EDGE('',*,*,#496,.T.);
#295=ORIENTED_EDGE('',*,*,#497,.T.);
#296=ORIENTED_EDGE('',*,*,#440,.F.);
#297=ORIENTED_EDGE('',*,*,#498,.T.);
#298=ORIENTED_EDGE('',*,*,#499,.T.);
#299=ORIENTED_EDGE('',*,*,#442,.T.);
#300=ORIENTED_EDGE('',*,*,#438,.T.);
#301=ORIENTED_EDGE('',*,*,#500,.T.);
#302=ORIENTED_EDGE('',*,*,#501,.F.);
#303=ORIENTED_EDGE('',*,*,#502,.T.);
#304=ORIENTED_EDGE('',*,*,#501,.T.);
#305=ORIENTED_EDGE('',*,*,#503,.T.);
#306=ORIENTED_EDGE('',*,*,#504,.F.);
#307=ORIENTED_EDGE('',*,*,#505,.F.);
#308=ORIENTED_EDGE('',*,*,#504,.T.);
#309=ORIENTED_EDGE('',*,*,#506,.T.);
#310=ORIENTED_EDGE('',*,*,#484,.F.);
#311=ORIENTED_EDGE('',*,*,#507,.T.);
#312=ORIENTED_EDGE('',*,*,#508,.T.);
#313=ORIENTED_EDGE('',*,*,#441,.T.);
#314=ORIENTED_EDGE('',*,*,#455,.T.);
#315=ORIENTED_EDGE('',*,*,#411,.F.);
#316=ORIENTED_EDGE('',*,*,#456,.F.);
#317=ORIENTED_EDGE('',*,*,#412,.T.);
#318=ORIENTED_EDGE('',*,*,#466,.F.);
#319=ORIENTED_EDGE('',*,*,#462,.F.);
#320=ORIENTED_EDGE('',*,*,#459,.T.);
#321=ORIENTED_EDGE('',*,*,#451,.T.);
#322=ORIENTED_EDGE('',*,*,#443,.F.);
#323=ORIENTED_EDGE('',*,*,#499,.F.);
#324=ORIENTED_EDGE('',*,*,#509,.T.);
#325=ORIENTED_EDGE('',*,*,#490,.T.);
#326=ORIENTED_EDGE('',*,*,#509,.F.);
#327=ORIENTED_EDGE('',*,*,#498,.F.);
#328=ORIENTED_EDGE('',*,*,#439,.F.);
#329=ORIENTED_EDGE('',*,*,#502,.F.);
#330=ORIENTED_EDGE('',*,*,#505,.T.);
#331=ORIENTED_EDGE('',*,*,#507,.F.);
#332=ORIENTED_EDGE('',*,*,#487,.F.);
#333=ORIENTED_EDGE('',*,*,#491,.F.);
#334=ORIENTED_EDGE('',*,*,#432,.T.);
#335=ORIENTED_EDGE('',*,*,#510,.F.);
#336=ORIENTED_EDGE('',*,*,#430,.F.);
#337=ORIENTED_EDGE('',*,*,#511,.T.);
#338=ORIENTED_EDGE('',*,*,#429,.F.);
#339=ORIENTED_EDGE('',*,*,#512,.T.);
#340=ORIENTED_EDGE('',*,*,#433,.F.);
#341=ORIENTED_EDGE('',*,*,#511,.F.);
#342=ORIENTED_EDGE('',*,*,#422,.T.);
#343=ORIENTED_EDGE('',*,*,#513,.F.);
#344=ORIENTED_EDGE('',*,*,#420,.F.);
#345=ORIENTED_EDGE('',*,*,#514,.T.);
#346=ORIENTED_EDGE('',*,*,#419,.F.);
#347=ORIENTED_EDGE('',*,*,#515,.T.);
#348=ORIENTED_EDGE('',*,*,#423,.F.);
#349=ORIENTED_EDGE('',*,*,#514,.F.);
#350=ORIENTED_EDGE('',*,*,#421,.F.);
#351=ORIENTED_EDGE('',*,*,#513,.T.);
#352=ORIENTED_EDGE('',*,*,#431,.F.);
#353=ORIENTED_EDGE('',*,*,#510,.T.);
#354=ORIENTED_EDGE('',*,*,#418,.F.);
#355=ORIENTED_EDGE('',*,*,#448,.F.);
#356=ORIENTED_EDGE('',*,*,#424,.F.);
#357=ORIENTED_EDGE('',*,*,#515,.F.);
#358=ORIENTED_EDGE('',*,*,#428,.F.);
#359=ORIENTED_EDGE('',*,*,#463,.F.);
#360=ORIENTED_EDGE('',*,*,#434,.F.);
#361=ORIENTED_EDGE('',*,*,#512,.F.);
#362=ORIENTED_EDGE('',*,*,#508,.F.);
#363=ORIENTED_EDGE('',*,*,#469,.F.);
#364=ORIENTED_EDGE('',*,*,#453,.F.);
#365=ORIENTED_EDGE('',*,*,#458,.F.);
#366=ORIENTED_EDGE('',*,*,#465,.F.);
#367=ORIENTED_EDGE('',*,*,#468,.F.);
#368=ORIENTED_EDGE('',*,*,#416,.F.);
#369=ORIENTED_EDGE('',*,*,#483,.F.);
#370=ORIENTED_EDGE('',*,*,#516,.F.);
#371=ORIENTED_EDGE('',*,*,#449,.F.);
#372=ORIENTED_EDGE('',*,*,#516,.T.);
#373=ORIENTED_EDGE('',*,*,#482,.F.);
#374=ORIENTED_EDGE('',*,*,#517,.F.);
#375=ORIENTED_EDGE('',*,*,#460,.F.);
#376=ORIENTED_EDGE('',*,*,#481,.F.);
#377=ORIENTED_EDGE('',*,*,#518,.T.);
#378=ORIENTED_EDGE('',*,*,#436,.F.);
#379=ORIENTED_EDGE('',*,*,#467,.F.);
#380=ORIENTED_EDGE('',*,*,#517,.T.);
#381=ORIENTED_EDGE('',*,*,#488,.F.);
#382=ORIENTED_EDGE('',*,*,#485,.F.);
#383=ORIENTED_EDGE('',*,*,#519,.F.);
#384=ORIENTED_EDGE('',*,*,#478,.F.);
#385=ORIENTED_EDGE('',*,*,#519,.T.);
#386=ORIENTED_EDGE('',*,*,#506,.F.);
#387=ORIENTED_EDGE('',*,*,#520,.F.);
#388=ORIENTED_EDGE('',*,*,#479,.F.);
#389=ORIENTED_EDGE('',*,*,#518,.F.);
#390=ORIENTED_EDGE('',*,*,#480,.F.);
#391=ORIENTED_EDGE('',*,*,#520,.T.);
#392=ORIENTED_EDGE('',*,*,#503,.F.);
#393=ORIENTED_EDGE('',*,*,#500,.F.);
#394=ORIENTED_EDGE('',*,*,#437,.T.);
#395=ORIENTED_EDGE('',*,*,#493,.F.);
#396=ORIENTED_EDGE('',*,*,#474,.F.);
#397=ORIENTED_EDGE('',*,*,#521,.F.);
#398=ORIENTED_EDGE('',*,*,#495,.F.);
#399=ORIENTED_EDGE('',*,*,#521,.T.);
#400=ORIENTED_EDGE('',*,*,#473,.F.);
#401=ORIENTED_EDGE('',*,*,#522,.F.);
#402=ORIENTED_EDGE('',*,*,#497,.F.);
#403=ORIENTED_EDGE('',*,*,#522,.T.);
#404=ORIENTED_EDGE('',*,*,#472,.F.);
#405=ORIENTED_EDGE('',*,*,#471,.F.);
#406=ORIENTED_EDGE('',*,*,#523,.T.);
#407=ORIENTED_EDGE('',*,*,#413,.F.);
#408=ORIENTED_EDGE('',*,*,#470,.F.);
#409=ORIENTED_EDGE('',*,*,#414,.F.);
#410=ORIENTED_EDGE('',*,*,#523,.F.);
#411=EDGE_CURVE('',#524,#524,#600,.F.);
#412=EDGE_CURVE('',#525,#525,#601,.T.);
#413=EDGE_CURVE('',#526,#527,#135,.T.);
#414=EDGE_CURVE('',#527,#528,#136,.T.);
#415=EDGE_CURVE('',#529,#528,#35,.T.);
#416=EDGE_CURVE('',#529,#530,#137,.T.);
#417=EDGE_CURVE('',#531,#530,#36,.T.);
#418=EDGE_CURVE('',#531,#532,#138,.T.);
#419=EDGE_CURVE('',#532,#533,#37,.T.);
#420=EDGE_CURVE('',#533,#534,#38,.T.);
#421=EDGE_CURVE('',#534,#535,#39,.T.);
#422=EDGE_CURVE('',#536,#535,#40,.T.);
#423=EDGE_CURVE('',#536,#537,#41,.T.);
#424=EDGE_CURVE('',#537,#538,#139,.T.);
#425=EDGE_CURVE('',#538,#539,#42,.T.);
#426=EDGE_CURVE('',#539,#540,#43,.T.);
#427=EDGE_CURVE('',#541,#540,#44,.T.);
#428=EDGE_CURVE('',#541,#542,#140,.T.);
#429=EDGE_CURVE('',#542,#543,#45,.T.);
#430=EDGE_CURVE('',#543,#544,#46,.T.);
#431=EDGE_CURVE('',#544,#545,#47,.T.);
#432=EDGE_CURVE('',#546,#545,#48,.T.);
#433=EDGE_CURVE('',#546,#547,#49,.T.);
#434=EDGE_CURVE('',#547,#548,#141,.T.);
#435=EDGE_CURVE('',#548,#549,#50,.T.);
#436=EDGE_CURVE('',#549,#550,#142,.T.);
#437=EDGE_CURVE('',#551,#550,#51,.T.);
#438=EDGE_CURVE('',#552,#551,#52,.T.);
#439=EDGE_CURVE('',#552,#553,#53,.T.);
#440=EDGE_CURVE('',#553,#526,#54,.T.);
#441=EDGE_CURVE('',#554,#554,#602,.T.);
#442=EDGE_CURVE('',#555,#556,#55,.T.);
#443=EDGE_CURVE('',#555,#557,#56,.T.);
#444=EDGE_CURVE('',#558,#557,#57,.T.);
#445=EDGE_CURVE('',#558,#559,#58,.T.);
#446=EDGE_CURVE('',#559,#560,#59,.T.);
#447=EDGE_CURVE('',#560,#556,#60,.T.);
#448=EDGE_CURVE('',#538,#531,#143,.T.);
#449=EDGE_CURVE('',#530,#561,#144,.T.);
#450=EDGE_CURVE('',#562,#561,#61,.T.);
#451=EDGE_CURVE('',#563,#562,#145,.T.);
#452=EDGE_CURVE('',#564,#563,#62,.T.);
#453=EDGE_CURVE('',#564,#565,#146,.T.);
#454=EDGE_CURVE('',#565,#539,#603,.T.);
#455=EDGE_CURVE('',#566,#566,#604,.T.);
#456=EDGE_CURVE('',#567,#567,#605,.T.);
#457=EDGE_CURVE('',#568,#569,#63,.T.);
#458=EDGE_CURVE('',#568,#564,#147,.T.);
#459=EDGE_CURVE('',#562,#563,#606,.T.);
#460=EDGE_CURVE('',#561,#570,#148,.T.);
#461=EDGE_CURVE('',#571,#570,#64,.T.);
#462=EDGE_CURVE('',#571,#569,#607,.T.);
#463=EDGE_CURVE('',#548,#541,#149,.T.);
#464=EDGE_CURVE('',#540,#572,#608,.T.);
#465=EDGE_CURVE('',#572,#568,#150,.T.);
#466=EDGE_CURVE('',#569,#571,#151,.T.);
#467=EDGE_CURVE('',#570,#549,#152,.T.);
#468=EDGE_CURVE('',#565,#572,#153,.T.);
#469=EDGE_CURVE('',#573,#573,#154,.T.);
#470=EDGE_CURVE('',#528,#574,#155,.T.);
#471=EDGE_CURVE('',#574,#575,#156,.T.);
#472=EDGE_CURVE('',#575,#576,#157,.T.);
#473=EDGE_CURVE('',#576,#577,#158,.T.);
#474=EDGE_CURVE('',#577,#578,#159,.T.);
#475=EDGE_CURVE('',#579,#578,#65,.T.);
#476=EDGE_CURVE('',#580,#579,#66,.T.);
#477=EDGE_CURVE('',#580,#581,#67,.T.);
#478=EDGE_CURVE('',#581,#582,#160,.T.);
#479=EDGE_CURVE('',#582,#583,#161,.T.);
#480=EDGE_CURVE('',#583,#584,#162,.T.);
#481=EDGE_CURVE('',#584,#585,#163,.T.);
#482=EDGE_CURVE('',#585,#586,#164,.T.);
#483=EDGE_CURVE('',#586,#529,#165,.T.);
#484=EDGE_CURVE('',#587,#588,#68,.T.);
#485=EDGE_CURVE('',#588,#589,#166,.T.);
#486=EDGE_CURVE('',#590,#589,#69,.T.);
#487=EDGE_CURVE('',#590,#587,#70,.T.);
#488=EDGE_CURVE('',#589,#581,#167,.T.);
#489=EDGE_CURVE('',#558,#580,#71,.T.);
#490=EDGE_CURVE('',#591,#557,#72,.T.);
#491=EDGE_CURVE('',#591,#590,#73,.T.);
#492=EDGE_CURVE('',#559,#579,#74,.T.);
#493=EDGE_CURVE('',#578,#592,#168,.F.);
#494=EDGE_CURVE('',#560,#592,#75,.T.);
#495=EDGE_CURVE('',#592,#593,#169,.T.);
#496=EDGE_CURVE('',#556,#593,#76,.T.);
#497=EDGE_CURVE('',#593,#526,#170,.T.);
#498=EDGE_CURVE('',#553,#594,#77,.T.);
#499=EDGE_CURVE('',#594,#555,#78,.T.);
#500=EDGE_CURVE('',#551,#595,#171,.T.);
#501=EDGE_CURVE('',#596,#595,#79,.T.);
#502=EDGE_CURVE('',#596,#552,#80,.T.);
#503=EDGE_CURVE('',#595,#597,#172,.T.);
#504=EDGE_CURVE('',#598,#597,#81,.T.);
#505=EDGE_CURVE('',#596,#598,#82,.T.);
#506=EDGE_CURVE('',#597,#588,#173,.T.);
#507=EDGE_CURVE('',#587,#598,#83,.T.);
#508=EDGE_CURVE('',#599,#599,#174,.T.);
#509=EDGE_CURVE('',#594,#591,#84,.T.);
#510=EDGE_CURVE('',#544,#545,#609,.T.);
#511=EDGE_CURVE('',#543,#546,#610,.T.);
#512=EDGE_CURVE('',#542,#547,#175,.T.);
#513=EDGE_CURVE('',#534,#535,#611,.T.);
#514=EDGE_CURVE('',#533,#536,#612,.T.);
#515=EDGE_CURVE('',#532,#537,#176,.T.);
#516=EDGE_CURVE('',#561,#586,#177,.T.);
#517=EDGE_CURVE('',#570,#585,#178,.F.);
#518=EDGE_CURVE('',#584,#550,#179,.F.);
#519=EDGE_CURVE('',#582,#588,#180,.F.);
#520=EDGE_CURVE('',#583,#597,#181,.F.);
#521=EDGE_CURVE('',#593,#577,#182,.F.);
#522=EDGE_CURVE('',#526,#576,#183,.F.);
#523=EDGE_CURVE('',#574,#527,#184,.T.);
#524=VERTEX_POINT('',#976);
#525=VERTEX_POINT('',#978);
#526=VERTEX_POINT('',#983);
#527=VERTEX_POINT('',#984);
#528=VERTEX_POINT('',#989);
#529=VERTEX_POINT('',#991);
#530=VERTEX_POINT('',#996);
#531=VERTEX_POINT('',#998);
#532=VERTEX_POINT('',#1003);
#533=VERTEX_POINT('',#1005);
#534=VERTEX_POINT('',#1007);
#535=VERTEX_POINT('',#1009);
#536=VERTEX_POINT('',#1011);
#537=VERTEX_POINT('',#1013);
#538=VERTEX_POINT('',#1018);
#539=VERTEX_POINT('',#1020);
#540=VERTEX_POINT('',#1022);
#541=VERTEX_POINT('',#1024);
#542=VERTEX_POINT('',#1029);
#543=VERTEX_POINT('',#1031);
#544=VERTEX_POINT('',#1033);
#545=VERTEX_POINT('',#1035);
#546=VERTEX_POINT('',#1037);
#547=VERTEX_POINT('',#1039);
#548=VERTEX_POINT('',#1044);
#549=VERTEX_POINT('',#1046);
#550=VERTEX_POINT('',#1051);
#551=VERTEX_POINT('',#1053);
#552=VERTEX_POINT('',#1055);
#553=VERTEX_POINT('',#1057);
#554=VERTEX_POINT('',#1061);
#555=VERTEX_POINT('',#1063);
#556=VERTEX_POINT('',#1064);
#557=VERTEX_POINT('',#1066);
#558=VERTEX_POINT('',#1068);
#559=VERTEX_POINT('',#1070);
#560=VERTEX_POINT('',#1072);
#561=VERTEX_POINT('',#1087);
#562=VERTEX_POINT('',#1089);
#563=VERTEX_POINT('',#1099);
#564=VERTEX_POINT('',#1101);
#565=VERTEX_POINT('',#1113);
#566=VERTEX_POINT('',#1117);
#567=VERTEX_POINT('',#1119);
#568=VERTEX_POINT('',#1121);
#569=VERTEX_POINT('',#1122);
#570=VERTEX_POINT('',#1132);
#571=VERTEX_POINT('',#1134);
#572=VERTEX_POINT('',#1145);
#573=VERTEX_POINT('',#1196);
#574=VERTEX_POINT('',#1201);
#575=VERTEX_POINT('',#1206);
#576=VERTEX_POINT('',#1211);
#577=VERTEX_POINT('',#1216);
#578=VERTEX_POINT('',#1221);
#579=VERTEX_POINT('',#1223);
#580=VERTEX_POINT('',#1225);
#581=VERTEX_POINT('',#1227);
#582=VERTEX_POINT('',#1232);
#583=VERTEX_POINT('',#1237);
#584=VERTEX_POINT('',#1242);
#585=VERTEX_POINT('',#1248);
#586=VERTEX_POINT('',#1253);
#587=VERTEX_POINT('',#1262);
#588=VERTEX_POINT('',#1263);
#589=VERTEX_POINT('',#1268);
#590=VERTEX_POINT('',#1270);
#591=VERTEX_POINT('',#1294);
#592=VERTEX_POINT('',#1307);
#593=VERTEX_POINT('',#1314);
#594=VERTEX_POINT('',#1322);
#595=VERTEX_POINT('',#1344);
#596=VERTEX_POINT('',#1346);
#597=VERTEX_POINT('',#1353);
#598=VERTEX_POINT('',#1355);
#599=VERTEX_POINT('',#1375);
#600=CIRCLE('',#796,0.0015);
#601=CIRCLE('',#797,0.0015);
#602=CIRCLE('',#799,0.00505);
#603=CIRCLE('',#801,0.005);
#604=CIRCLE('',#803,0.0015);
#605=CIRCLE('',#804,0.0015);
#606=CIRCLE('',#805,0.00275);
#607=CIRCLE('',#806,0.00275);
#608=CIRCLE('',#808,0.005);
#609=CIRCLE('',#828,0.00255);
#610=CIRCLE('',#829,0.00255);
#611=CIRCLE('',#832,0.00255);
#612=CIRCLE('',#833,0.00255);
#613=EDGE_LOOP('',(#185));
#614=EDGE_LOOP('',(#186));
#615=EDGE_LOOP('',(#187,#188,#189,#190,#191,#192,#193,#194,#195,#196,#197,
#198,#199,#200,#201,#202,#203,#204,#205,#206,#207,#208,#209,#210,#211,#212,
#213,#214));
#616=EDGE_LOOP('',(#215));
#617=EDGE_LOOP('',(#216,#217,#218,#219,#220,#221));
#618=EDGE_LOOP('',(#222,#223,#224,#225,#226,#227,#228,#229,#230));
#619=EDGE_LOOP('',(#231));
#620=EDGE_LOOP('',(#232));
#621=EDGE_LOOP('',(#233,#234,#235,#236,#237,#238,#239,#240));
#622=EDGE_LOOP('',(#241,#242,#243,#244,#245,#246,#247,#248,#249));
#623=EDGE_LOOP('',(#250,#251,#252,#253));
#624=EDGE_LOOP('',(#254));
#625=EDGE_LOOP('',(#255,#256,#257,#258,#259,#260,#261,#262,#263,#264,#265,
#266,#267,#268,#269));
#626=EDGE_LOOP('',(#270,#271,#272,#273));
#627=EDGE_LOOP('',(#274,#275,#276,#277,#278,#279,#280));
#628=EDGE_LOOP('',(#281,#282,#283,#284));
#629=EDGE_LOOP('',(#285,#286,#287,#288,#289));
#630=EDGE_LOOP('',(#290,#291,#292,#293));
#631=EDGE_LOOP('',(#294,#295,#296,#297,#298,#299));
#632=EDGE_LOOP('',(#300,#301,#302,#303));
#633=EDGE_LOOP('',(#304,#305,#306,#307));
#634=EDGE_LOOP('',(#308,#309,#310,#311));
#635=EDGE_LOOP('',(#312));
#636=EDGE_LOOP('',(#313));
#637=EDGE_LOOP('',(#314));
#638=EDGE_LOOP('',(#315));
#639=EDGE_LOOP('',(#316));
#640=EDGE_LOOP('',(#317));
#641=EDGE_LOOP('',(#318,#319));
#642=EDGE_LOOP('',(#320,#321));
#643=EDGE_LOOP('',(#322,#323,#324,#325));
#644=EDGE_LOOP('',(#326,#327,#328,#329,#330,#331,#332,#333));
#645=EDGE_LOOP('',(#334,#335,#336,#337));
#646=EDGE_LOOP('',(#338,#339,#340,#341));
#647=EDGE_LOOP('',(#342,#343,#344,#345));
#648=EDGE_LOOP('',(#346,#347,#348,#349));
#649=EDGE_LOOP('',(#350,#351));
#650=EDGE_LOOP('',(#352,#353));
#651=EDGE_LOOP('',(#354,#355,#356,#357));
#652=EDGE_LOOP('',(#358,#359,#360,#361));
#653=EDGE_LOOP('',(#362));
#654=EDGE_LOOP('',(#363));
#655=EDGE_LOOP('',(#364,#365,#366,#367));
#656=EDGE_LOOP('',(#368,#369,#370,#371));
#657=EDGE_LOOP('',(#372,#373,#374,#375));
#658=EDGE_LOOP('',(#376,#377,#378,#379,#380));
#659=EDGE_LOOP('',(#381,#382,#383,#384));
#660=EDGE_LOOP('',(#385,#386,#387,#388));
#661=EDGE_LOOP('',(#389,#390,#391,#392,#393,#394));
#662=EDGE_LOOP('',(#395,#396,#397,#398));
#663=EDGE_LOOP('',(#399,#400,#401,#402));
#664=EDGE_LOOP('',(#403,#404,#405,#406,#407));
#665=EDGE_LOOP('',(#408,#409,#410));
#666=FACE_BOUND('',#613,.T.);
#667=FACE_BOUND('',#614,.T.);
#668=FACE_BOUND('',#615,.T.);
#669=FACE_BOUND('',#616,.T.);
#670=FACE_BOUND('',#617,.T.);
#671=FACE_BOUND('',#618,.T.);
#672=FACE_BOUND('',#619,.T.);
#673=FACE_BOUND('',#620,.T.);
#674=FACE_BOUND('',#621,.T.);
#675=FACE_BOUND('',#622,.T.);
#676=FACE_BOUND('',#623,.T.);
#677=FACE_BOUND('',#624,.T.);
#678=FACE_BOUND('',#625,.T.);
#679=FACE_BOUND('',#626,.T.);
#680=FACE_BOUND('',#627,.T.);
#681=FACE_BOUND('',#628,.T.);
#682=FACE_BOUND('',#629,.T.);
#683=FACE_BOUND('',#630,.T.);
#684=FACE_BOUND('',#631,.T.);
#685=FACE_BOUND('',#632,.T.);
#686=FACE_BOUND('',#633,.T.);
#687=FACE_BOUND('',#634,.T.);
#688=FACE_BOUND('',#635,.T.);
#689=FACE_BOUND('',#636,.T.);
#690=FACE_BOUND('',#637,.T.);
#691=FACE_BOUND('',#638,.T.);
#692=FACE_BOUND('',#639,.T.);
#693=FACE_BOUND('',#640,.T.);
#694=FACE_BOUND('',#641,.T.);
#695=FACE_BOUND('',#642,.T.);
#696=FACE_BOUND('',#643,.T.);
#697=FACE_BOUND('',#644,.T.);
#698=FACE_BOUND('',#645,.T.);
#699=FACE_BOUND('',#646,.T.);
#700=FACE_BOUND('',#647,.T.);
#701=FACE_BOUND('',#648,.T.);
#702=FACE_BOUND('',#649,.T.);
#703=FACE_BOUND('',#650,.T.);
#704=FACE_BOUND('',#651,.T.);
#705=FACE_BOUND('',#652,.T.);
#706=FACE_BOUND('',#653,.T.);
#707=FACE_BOUND('',#654,.T.);
#708=FACE_BOUND('',#655,.T.);
#709=FACE_BOUND('',#656,.T.);
#710=FACE_BOUND('',#657,.T.);
#711=FACE_BOUND('',#658,.T.);
#712=FACE_BOUND('',#659,.T.);
#713=FACE_BOUND('',#660,.T.);
#714=FACE_BOUND('',#661,.T.);
#715=FACE_BOUND('',#662,.T.);
#716=FACE_BOUND('',#663,.T.);
#717=FACE_BOUND('',#664,.T.);
#718=FACE_BOUND('',#665,.T.);
#719=PLANE('',#795);
#720=PLANE('',#798);
#721=PLANE('',#802);
#722=PLANE('',#809);
#723=PLANE('',#810);
#724=PLANE('',#811);
#725=PLANE('',#812);
#726=PLANE('',#813);
#727=PLANE('',#814);
#728=PLANE('',#815);
#729=PLANE('',#816);
#730=PLANE('',#817);
#731=PLANE('',#818);
#732=PLANE('',#819);
#733=PLANE('',#825);
#734=PLANE('',#826);
#735=PLANE('',#830);
#736=PLANE('',#834);
#737=PLANE('',#835);
#738=PLANE('',#836);
#739=ADVANCED_FACE('',(#666,#667,#668),#719,.T.);
#740=ADVANCED_FACE('',(#669,#670),#720,.T.);
#741=ADVANCED_FACE('',(#671),#26,.T.);
#742=ADVANCED_FACE('',(#672,#673,#674),#721,.F.);
#743=ADVANCED_FACE('',(#675),#27,.T.);
#744=ADVANCED_FACE('',(#676),#722,.T.);
#745=ADVANCED_FACE('',(#677,#678),#723,.F.);
#746=ADVANCED_FACE('',(#679),#724,.T.);
#747=ADVANCED_FACE('',(#680),#725,.T.);
#748=ADVANCED_FACE('',(#681),#726,.F.);
#749=ADVANCED_FACE('',(#682),#727,.F.);
#750=ADVANCED_FACE('',(#683),#728,.F.);
#751=ADVANCED_FACE('',(#684),#729,.T.);
#752=ADVANCED_FACE('',(#685),#730,.T.);
#753=ADVANCED_FACE('',(#686),#731,.F.);
#754=ADVANCED_FACE('',(#687),#732,.T.);
#755=ADVANCED_FACE('',(#688,#689),#28,.F.);
#756=ADVANCED_FACE('',(#690,#691),#29,.F.);
#757=ADVANCED_FACE('',(#692,#693),#30,.F.);
#758=ADVANCED_FACE('',(#694),#31,.T.);
#759=ADVANCED_FACE('',(#695),#32,.T.);
#760=ADVANCED_FACE('',(#696),#733,.T.);
#761=ADVANCED_FACE('',(#697),#734,.T.);
#762=ADVANCED_FACE('',(#698),#33,.F.);
#763=ADVANCED_FACE('',(#699),#735,.T.);
#764=ADVANCED_FACE('',(#700),#34,.F.);
#765=ADVANCED_FACE('',(#701),#736,.T.);
#766=ADVANCED_FACE('',(#702),#737,.T.);
#767=ADVANCED_FACE('',(#703),#738,.T.);
#768=ADVANCED_FACE('',(#704),#14,.T.);
#769=ADVANCED_FACE('',(#705),#15,.T.);
#770=ADVANCED_FACE('',(#706,#707),#16,.T.);
#771=ADVANCED_FACE('',(#708),#17,.T.);
#772=ADVANCED_FACE('',(#709),#12,.T.);
#773=ADVANCED_FACE('',(#710),#18,.T.);
#774=ADVANCED_FACE('',(#711),#13,.T.);
#775=ADVANCED_FACE('',(#712),#19,.T.);
#776=ADVANCED_FACE('',(#713),#20,.T.);
#777=ADVANCED_FACE('',(#714),#21,.T.);
#778=ADVANCED_FACE('',(#715),#22,.T.);
#779=ADVANCED_FACE('',(#716),#23,.T.);
#780=ADVANCED_FACE('',(#717),#24,.T.);
#781=ADVANCED_FACE('',(#718),#25,.T.);
#782=CLOSED_SHELL('',(#739,#740,#741,#742,#743,#744,#745,#746,#747,#748,
#749,#750,#751,#752,#753,#754,#755,#756,#757,#758,#759,#760,#761,#762,#763,
#764,#765,#766,#767,#768,#769,#770,#771,#772,#773,#774,#775,#776,#777,#778,
#779,#780,#781));
#783=STYLED_ITEM('',(#784),#791);
#784=PRESENTATION_STYLE_ASSIGNMENT((#785));
#785=SURFACE_STYLE_USAGE(.BOTH.,#786);
#786=SURFACE_SIDE_STYLE('',(#787));
#787=SURFACE_STYLE_FILL_AREA(#788);
#788=FILL_AREA_STYLE('',(#789));
#789=FILL_AREA_STYLE_COLOUR('',#790);
#790=COLOUR_RGB('',0.615686274509804,0.811764705882353,0.929411764705882);
#791=MANIFOLD_SOLID_BREP('Back Case',#782);
#792=SHAPE_DEFINITION_REPRESENTATION(#1967,#793);
#793=SHAPE_REPRESENTATION('Back Case',(#794),#1962);
#794=AXIS2_PLACEMENT_3D('',#973,#837,#838);
#795=AXIS2_PLACEMENT_3D('',#974,#839,#840);
#796=AXIS2_PLACEMENT_3D('',#975,#841,#842);
#797=AXIS2_PLACEMENT_3D('',#977,#843,#844);
#798=AXIS2_PLACEMENT_3D('',#1059,#865,#866);
#799=AXIS2_PLACEMENT_3D('',#1060,#867,#868);
#800=AXIS2_PLACEMENT_3D('',#1074,#875,#876);
#801=AXIS2_PLACEMENT_3D('',#1114,#879,#880);
#802=AXIS2_PLACEMENT_3D('',#1115,#881,#882);
#803=AXIS2_PLACEMENT_3D('',#1116,#883,#884);
#804=AXIS2_PLACEMENT_3D('',#1118,#885,#886);
#805=AXIS2_PLACEMENT_3D('',#1127,#888,#889);
#806=AXIS2_PLACEMENT_3D('',#1135,#891,#892);
#807=AXIS2_PLACEMENT_3D('',#1136,#893,#894);
#808=AXIS2_PLACEMENT_3D('',#1144,#895,#896);
#809=AXIS2_PLACEMENT_3D('',#1171,#897,#898);
#810=AXIS2_PLACEMENT_3D('',#1176,#899,#900);
#811=AXIS2_PLACEMENT_3D('',#1260,#904,#905);
#812=AXIS2_PLACEMENT_3D('',#1272,#909,#910);
#813=AXIS2_PLACEMENT_3D('',#1296,#914,#915);
#814=AXIS2_PLACEMENT_3D('',#1298,#917,#918);
#815=AXIS2_PLACEMENT_3D('',#1309,#920,#921);
#816=AXIS2_PLACEMENT_3D('',#1316,#923,#924);
#817=AXIS2_PLACEMENT_3D('',#1324,#927,#928);
#818=AXIS2_PLACEMENT_3D('',#1348,#931,#932);
#819=AXIS2_PLACEMENT_3D('',#1357,#935,#936);
#820=AXIS2_PLACEMENT_3D('',#1363,#938,#939);
#821=AXIS2_PLACEMENT_3D('',#1376,#940,#941);
#822=AXIS2_PLACEMENT_3D('',#1377,#942,#943);
#823=AXIS2_PLACEMENT_3D('',#1378,#944,#945);
#824=AXIS2_PLACEMENT_3D('',#1379,#946,#947);
#825=AXIS2_PLACEMENT_3D('',#1380,#948,#949);
#826=AXIS2_PLACEMENT_3D('',#1382,#951,#952);
#827=AXIS2_PLACEMENT_3D('',#1383,#953,#954);
#828=AXIS2_PLACEMENT_3D('',#1384,#955,#956);
#829=AXIS2_PLACEMENT_3D('',#1385,#957,#958);
#830=AXIS2_PLACEMENT_3D('',#1386,#959,#960);
#831=AXIS2_PLACEMENT_3D('',#1395,#961,#962);
#832=AXIS2_PLACEMENT_3D('',#1396,#963,#964);
#833=AXIS2_PLACEMENT_3D('',#1397,#965,#966);
#834=AXIS2_PLACEMENT_3D('',#1398,#967,#968);
#835=AXIS2_PLACEMENT_3D('',#1407,#969,#970);
#836=AXIS2_PLACEMENT_3D('',#1408,#971,#972);
#837=DIRECTION('',(0.,0.,1.));
#838=DIRECTION('',(1.,0.,0.));
#839=DIRECTION('',(0.,-1.,0.));
#840=DIRECTION('',(0.,0.,-1.));
#841=DIRECTION('',(0.,-1.,0.));
#842=DIRECTION('',(0.,0.,-1.));
#843=DIRECTION('',(0.,-1.,0.));
#844=DIRECTION('',(0.,0.,-1.));
#845=DIRECTION('',(-1.,0.,0.));
#846=DIRECTION('',(0.,0.,-1.));
#847=DIRECTION('',(-1.,0.,0.));
#848=DIRECTION('',(0.,0.,-1.));
#849=DIRECTION('',(-1.,0.,0.));
#850=DIRECTION('',(0.,0.,-1.));
#851=DIRECTION('',(-1.,0.,0.));
#852=DIRECTION('',(0.,0.,-1.));
#853=DIRECTION('',(-1.,0.,0.));
#854=DIRECTION('',(0.,0.,-1.));
#855=DIRECTION('',(-1.,0.,0.));
#856=DIRECTION('',(0.,0.,-1.));
#857=DIRECTION('',(-1.,0.,0.));
#858=DIRECTION('',(0.,0.,-1.));
#859=DIRECTION('',(-1.,0.,0.));
#860=DIRECTION('',(0.,0.,-1.));
#861=DIRECTION('',(-1.,0.,0.));
#862=DIRECTION('',(0.,0.,-1.));
#863=DIRECTION('',(1.,0.,0.));
#864=DIRECTION('',(0.,0.,-1.));
#865=DIRECTION('',(0.,0.,1.));
#866=DIRECTION('',(1.,0.,0.));
#867=DIRECTION('',(0.,0.,1.));
#868=DIRECTION('',(1.,0.,0.));
#869=DIRECTION('',(3.07795832061276E-16,-1.,0.));
#870=DIRECTION('',(-1.,0.,0.));
#871=DIRECTION('',(0.,1.,0.));
#872=DIRECTION('',(1.,0.,0.));
#873=DIRECTION('',(0.,1.,0.));
#874=DIRECTION('',(-1.,-1.47636040508664E-16,0.));
#875=DIRECTION('',(0.,0.,-1.));
#876=DIRECTION('',(-1.,0.,0.));
#877=DIRECTION('',(0.,0.,-1.));
#878=DIRECTION('',(0.,0.,-1.));
#879=DIRECTION('',(0.,0.,1.));
#880=DIRECTION('',(1.,0.,0.));
#881=DIRECTION('',(3.01691039300315E-16,-1.,0.));
#882=DIRECTION('',(1.,3.01691039300315E-16,0.));
#883=DIRECTION('',(-3.01691039300315E-16,1.,0.));
#884=DIRECTION('',(-1.,-3.01691039300315E-16,0.));
#885=DIRECTION('',(3.01691039300315E-16,-1.,0.));
#886=DIRECTION('',(-1.,-3.01691039300315E-16,0.));
#887=DIRECTION('',(0.,0.,-1.));
#888=DIRECTION('',(3.01691039300315E-16,-1.,0.));
#889=DIRECTION('',(-1.,-3.01691039300315E-16,0.));
#890=DIRECTION('',(0.,0.,-1.));
#891=DIRECTION('',(-3.01691039300315E-16,1.,0.));
#892=DIRECTION('',(-1.,-3.01691039300315E-16,0.));
#893=DIRECTION('',(0.,0.,-1.));
#894=DIRECTION('',(-1.,0.,0.));
#895=DIRECTION('',(0.,0.,1.));
#896=DIRECTION('',(1.,0.,0.));
#897=DIRECTION('',(0.,0.,1.));
#898=DIRECTION('',(1.,0.,0.));
#899=DIRECTION('',(0.,0.,1.));
#900=DIRECTION('',(1.,0.,0.));
#901=DIRECTION('',(0.,1.,0.));
#902=DIRECTION('',(1.,0.,0.));
#903=DIRECTION('',(0.,1.,0.));
#904=DIRECTION('',(0.,1.,0.));
#905=DIRECTION('',(0.,0.,1.));
#906=DIRECTION('',(0.,0.,-1.));
#907=DIRECTION('',(0.,0.,-1.));
#908=DIRECTION('',(1.,0.,0.));
#909=DIRECTION('',(-1.,0.,0.));
#910=DIRECTION('',(0.,0.,1.));
#911=DIRECTION('',(0.,0.,-1.));
#912=DIRECTION('',(0.,0.,-1.));
#913=DIRECTION('',(0.,1.,0.));
#914=DIRECTION('',(0.,1.,0.));
#915=DIRECTION('',(0.,0.,1.));
#916=DIRECTION('',(0.,0.,-1.));
#917=DIRECTION('',(-1.,0.,0.));
#918=DIRECTION('',(0.,0.,1.));
#919=DIRECTION('',(0.,0.,-1.));
#920=DIRECTION('',(1.47636040508664E-16,-1.,0.));
#921=DIRECTION('',(1.,1.47636040508664E-16,0.));
#922=DIRECTION('',(0.,0.,-1.));
#923=DIRECTION('',(1.,3.07795832061276E-16,0.));
#924=DIRECTION('',(-3.07795832061276E-16,1.,0.));
#925=DIRECTION('',(3.07795832061276E-16,-1.,0.));
#926=DIRECTION('',(0.,0.,-1.));
#927=DIRECTION('',(-1.,0.,0.));
#928=DIRECTION('',(0.,0.,1.));
#929=DIRECTION('',(0.,0.,-1.));
#930=DIRECTION('',(0.,1.,0.));
#931=DIRECTION('',(0.,1.,0.));
#932=DIRECTION('',(0.,0.,1.));
#933=DIRECTION('',(0.,0.,-1.));
#934=DIRECTION('',(1.,0.,0.));
#935=DIRECTION('',(-1.,-2.12415119507364E-16,0.));
#936=DIRECTION('',(2.12415119507364E-16,-1.,0.));
#937=DIRECTION('',(-2.12415119507364E-16,1.,0.));
#938=DIRECTION('',(0.,0.,-1.));
#939=DIRECTION('',(-1.,0.,0.));
#940=DIRECTION('',(-3.01691039300315E-16,1.,0.));
#941=DIRECTION('',(-1.,-3.01691039300315E-16,0.));
#942=DIRECTION('',(-3.01691039300315E-16,1.,0.));
#943=DIRECTION('',(-1.,-3.01691039300315E-16,0.));
#944=DIRECTION('',(-3.01691039300315E-16,1.,0.));
#945=DIRECTION('',(-1.,-3.01691039300315E-16,0.));
#946=DIRECTION('',(-3.01691039300315E-16,1.,0.));
#947=DIRECTION('',(-1.,-3.01691039300315E-16,0.));
#948=DIRECTION('',(0.,-1.,0.));
#949=DIRECTION('',(0.,0.,-1.));
#950=DIRECTION('',(-1.,0.,0.));
#951=DIRECTION('',(0.,0.,1.));
#952=DIRECTION('',(1.,0.,0.));
#953=DIRECTION('',(0.,0.,-1.));
#954=DIRECTION('',(-1.,0.,0.));
#955=DIRECTION('',(0.,0.,1.));
#956=DIRECTION('',(1.,0.,0.));
#957=DIRECTION('',(0.,0.,1.));
#958=DIRECTION('',(1.,0.,0.));
#959=DIRECTION('',(0.,0.,1.));
#960=DIRECTION('',(1.,0.,0.));
#961=DIRECTION('',(0.,0.,-1.));
#962=DIRECTION('',(-1.,0.,0.));
#963=DIRECTION('',(0.,0.,1.));
#964=DIRECTION('',(1.,0.,0.));
#965=DIRECTION('',(0.,0.,1.));
#966=DIRECTION('',(1.,0.,0.));
#967=DIRECTION('',(0.,0.,1.));
#968=DIRECTION('',(1.,0.,0.));
#969=DIRECTION('',(0.,0.,1.));
#970=DIRECTION('',(1.,0.,0.));
#971=DIRECTION('',(0.,0.,1.));
#972=DIRECTION('',(1.,0.,0.));
#973=CARTESIAN_POINT('',(0.,0.,0.));
#974=CARTESIAN_POINT('',(-0.053775,0.045,0.03));
#975=CARTESIAN_POINT('',(-0.05,0.045,0.007188));
#976=CARTESIAN_POINT('',(-0.05,0.045,0.005688));
#977=CARTESIAN_POINT('',(0.05,0.045,0.007188));
#978=CARTESIAN_POINT('',(0.05,0.045,0.005688));
#979=CARTESIAN_POINT('',(-0.001,0.045,0.000999999999999997));
#980=CARTESIAN_POINT('',(0.0146666435503259,0.045,0.000999999999999997));
#981=CARTESIAN_POINT('',(0.0303332871006517,0.045,0.000999999999999997));
#982=CARTESIAN_POINT('',(0.0459999306509776,0.045,0.000999999999999997));
#983=CARTESIAN_POINT('',(-0.001,0.045,0.001));
#984=CARTESIAN_POINT('',(0.0459999306509777,0.045,0.001));
#985=CARTESIAN_POINT('',(0.0459999306509777,0.045,0.000999999999999997));
#986=CARTESIAN_POINT('',(0.0459999306509777,0.045,0.000333333333333332));
#987=CARTESIAN_POINT('',(0.046333263984311,0.045,0.));
#988=CARTESIAN_POINT('',(0.0469999306509776,0.045,0.));
#989=CARTESIAN_POINT('',(0.0469999306509777,0.045,0.));
#990=CARTESIAN_POINT('',(-0.053775,0.045,0.));
#991=CARTESIAN_POINT('',(0.053999883819334,0.045,0.));
#992=CARTESIAN_POINT('',(0.053999883819334,0.045,0.));
#993=CARTESIAN_POINT('',(0.0546665311225553,0.045,0.));
#994=CARTESIAN_POINT('',(0.054999854774166,0.045,0.000333333333333332));
#995=CARTESIAN_POINT('',(0.054999854774166,0.045,0.000999999999999997));
#996=CARTESIAN_POINT('',(0.0549999273871063,0.04499999995879,0.001));
#997=CARTESIAN_POINT('',(0.055,0.045,0.03));
#998=CARTESIAN_POINT('',(0.0549998024926184,0.045,0.031));
#999=CARTESIAN_POINT('',(0.0549996049852368,0.045,0.031));
#1000=CARTESIAN_POINT('',(0.0549996049852368,0.045,0.0316666666666667));
#1001=CARTESIAN_POINT('',(0.054666297986221,0.045,0.032));
#1002=CARTESIAN_POINT('',(0.0539996839881894,0.045,0.032));
#1003=CARTESIAN_POINT('',(0.0539996839881895,0.045,0.032));
#1004=CARTESIAN_POINT('',(-0.053775,0.045,0.032));
#1005=CARTESIAN_POINT('',(0.05255,0.045,0.032));
#1006=CARTESIAN_POINT('',(0.05255,0.045,0.032));
#1007=CARTESIAN_POINT('',(0.05255,0.045,0.028));
#1008=CARTESIAN_POINT('',(-0.053775,0.045,0.028));
#1009=CARTESIAN_POINT('',(0.04745,0.045,0.028));
#1010=CARTESIAN_POINT('',(0.04745,0.045,0.032));
#1011=CARTESIAN_POINT('',(0.04745,0.045,0.032));
#1012=CARTESIAN_POINT('',(-0.053775,0.045,0.032));
#1013=CARTESIAN_POINT('',(0.0460003160118144,0.045,0.032));
#1014=CARTESIAN_POINT('',(0.0460003160118144,0.045,0.032));
#1015=CARTESIAN_POINT('',(0.0453337020137805,0.045,0.032));
#1016=CARTESIAN_POINT('',(0.0450003950147635,0.045,0.0316666666666667));
#1017=CARTESIAN_POINT('',(0.0450003950147635,0.045,0.031));
#1018=CARTESIAN_POINT('',(0.045000197507345,0.0449999999148133,0.031));
#1019=CARTESIAN_POINT('',(0.045,0.045,0.032));
#1020=CARTESIAN_POINT('',(0.045,0.045,0.03));
#1021=CARTESIAN_POINT('',(-0.053775,0.045,0.03));
#1022=CARTESIAN_POINT('',(-0.045,0.045,0.03));
#1023=CARTESIAN_POINT('',(-0.045,0.045,0.032));
#1024=CARTESIAN_POINT('',(-0.0450001975073817,0.045,0.031));
#1025=CARTESIAN_POINT('',(-0.0450003950147634,0.045,0.031));
#1026=CARTESIAN_POINT('',(-0.0450003950147634,0.045,0.0316666666666667));
#1027=CARTESIAN_POINT('',(-0.0453337020137791,0.045,0.032));
#1028=CARTESIAN_POINT('',(-0.0460003160118104,0.045,0.032));
#1029=CARTESIAN_POINT('',(-0.0460003160118104,0.045,0.032));
#1030=CARTESIAN_POINT('',(-0.053775,0.045,0.032));
#1031=CARTESIAN_POINT('',(-0.04745,0.045,0.032));
#1032=CARTESIAN_POINT('',(-0.04745,0.045,0.032));
#1033=CARTESIAN_POINT('',(-0.04745,0.045,0.028));
#1034=CARTESIAN_POINT('',(-0.053775,0.045,0.028));
#1035=CARTESIAN_POINT('',(-0.05255,0.045,0.028));
#1036=CARTESIAN_POINT('',(-0.05255,0.045,0.032));
#1037=CARTESIAN_POINT('',(-0.05255,0.045,0.032));
#1038=CARTESIAN_POINT('',(-0.053775,0.045,0.032));
#1039=CARTESIAN_POINT('',(-0.0539996839881896,0.045,0.032));
#1040=CARTESIAN_POINT('',(-0.0539996839881896,0.045,0.032));
#1041=CARTESIAN_POINT('',(-0.0546662979862216,0.045,0.032));
#1042=CARTESIAN_POINT('',(-0.0549996049852375,0.045,0.0316666666666667));
#1043=CARTESIAN_POINT('',(-0.0549996049852375,0.045,0.031));
#1044=CARTESIAN_POINT('',(-0.0549998024926555,0.0449999999148133,0.031));
#1045=CARTESIAN_POINT('',(-0.055,0.045,0.03));
#1046=CARTESIAN_POINT('',(-0.054999927387083,0.045,0.001));
#1047=CARTESIAN_POINT('',(-0.0549998547741659,0.045,0.000999999999999997));
#1048=CARTESIAN_POINT('',(-0.0549998547741659,0.045,0.000333333333333332));
#1049=CARTESIAN_POINT('',(-0.0546665311225543,0.045,0.));
#1050=CARTESIAN_POINT('',(-0.053999883819331,0.045,0.));
#1051=CARTESIAN_POINT('',(-0.0539998838193302,0.045,1.82348207433681E-7));
#1052=CARTESIAN_POINT('',(-0.053775,0.045,0.));
#1053=CARTESIAN_POINT('',(-0.046,0.045,3.64696414865972E-7));
#1054=CARTESIAN_POINT('',(-0.046,0.045,0.005));
#1055=CARTESIAN_POINT('',(-0.046,0.045,0.0085));
#1056=CARTESIAN_POINT('',(-0.023,0.045,0.0085));
#1057=CARTESIAN_POINT('',(-0.001,0.045,0.0085));
#1058=CARTESIAN_POINT('',(-0.001,0.045,0.005));
#1059=CARTESIAN_POINT('',(-6.93889390390723E-18,0.00250000000000007,0.005));
#1060=CARTESIAN_POINT('',(0.005838,-0.027213,0.005));
#1061=CARTESIAN_POINT('',(0.010888,-0.027213,0.005));
#1062=CARTESIAN_POINT('',(-0.001,0.01365,0.005));
#1063=CARTESIAN_POINT('',(-0.001,-0.0138,0.005));
#1064=CARTESIAN_POINT('',(-0.001,-0.0177,0.005));
#1065=CARTESIAN_POINT('',(-0.0057,-0.0138,0.005));
#1066=CARTESIAN_POINT('',(-0.046,-0.0138,0.005));
#1067=CARTESIAN_POINT('',(-0.046,-0.0269,0.005));
#1068=CARTESIAN_POINT('',(-0.046,-0.045,0.005));
#1069=CARTESIAN_POINT('',(0.,-0.045,0.005));
#1070=CARTESIAN_POINT('',(0.046,-0.045,0.005));
#1071=CARTESIAN_POINT('',(0.046,-0.03135,0.005));
#1072=CARTESIAN_POINT('',(0.046,-0.0177,0.005));
#1073=CARTESIAN_POINT('',(0.0225,-0.0177,0.005));
#1074=CARTESIAN_POINT('',(0.05,0.045,0.03));
#1075=CARTESIAN_POINT('',(0.045,0.045,0.031));
#1076=CARTESIAN_POINT('',(0.045,0.0463089969389957,0.031));
#1077=CARTESIAN_POINT('',(0.0460819418755439,0.0489165693423676,0.031));
#1078=CARTESIAN_POINT('',(0.05,0.0505417153288162,0.031));
#1079=CARTESIAN_POINT('',(0.0539180581244561,0.0489165693423676,0.031));
#1080=CARTESIAN_POINT('',(0.055,0.0463089969389957,0.031));
#1081=CARTESIAN_POINT('',(0.055,0.045,0.031));
#1082=CARTESIAN_POINT('',(0.055,0.0449999999175776,0.000999999999999997));
#1083=CARTESIAN_POINT('',(0.0550000000215781,0.0463089968703104,0.000999999999999997));
#1084=CARTESIAN_POINT('',(0.0539165693829914,0.0489165693184288,0.000999999999999997));
#1085=CARTESIAN_POINT('',(0.0513089969527328,0.05,0.000999999999999997));
#1086=CARTESIAN_POINT('',(0.05,0.05,0.000999999999999997));
#1087=CARTESIAN_POINT('',(0.05,0.05,0.001));
#1088=CARTESIAN_POINT('',(0.05,0.05,0.03));
#1089=CARTESIAN_POINT('',(0.05,0.05,0.004438));
#1090=CARTESIAN_POINT('',(0.05,0.05,0.009938));
#1091=CARTESIAN_POINT('',(0.0507431218035395,0.05,0.009938));
#1092=CARTESIAN_POINT('',(0.0517980251459401,0.0497209938008564,0.00947345110272054));
#1093=CARTESIAN_POINT('',(0.0525958840348153,0.0492813375327464,0.00828920253990833));
#1094=CARTESIAN_POINT('',(0.0528263290617208,0.0491235073315725,0.00719585928179102));
#1095=CARTESIAN_POINT('',(0.0525987633347429,0.0492795967341542,0.0060900108179951));
#1096=CARTESIAN_POINT('',(0.051798255239246,0.0497211227640963,0.00490279222232824));
#1097=CARTESIAN_POINT('',(0.0507441586200759,0.05,0.004438));
#1098=CARTESIAN_POINT('',(0.05,0.05,0.004438));
#1099=CARTESIAN_POINT('',(0.05,0.05,0.009938));
#1100=CARTESIAN_POINT('',(0.05,0.05,0.03));
#1101=CARTESIAN_POINT('',(0.05,0.05,0.029));
#1102=CARTESIAN_POINT('',(0.05,0.05,0.029));
#1103=CARTESIAN_POINT('',(0.0499918391571818,0.05,0.0290350659014515));
#1104=CARTESIAN_POINT('',(0.0499257922960796,0.0499997730810392,0.0290794009167708));
#1105=CARTESIAN_POINT('',(0.0498097779263427,0.0499969643613073,0.0291581060455507));
#1106=CARTESIAN_POINT('',(0.0495848636993131,0.0499857471673199,0.0292744654517219));
#1107=CARTESIAN_POINT('',(0.0492631807510235,0.049950516978988,0.029426539825725));
#1108=CARTESIAN_POINT('',(0.0488775924649943,0.0498776736387812,0.0295921317454344));
#1109=CARTESIAN_POINT('',(0.0483653264079599,0.0497387205448262,0.0297842126313537));
#1110=CARTESIAN_POINT('',(0.0477136871368361,0.049473770099523,0.0299616201928457));
#1111=CARTESIAN_POINT('',(0.047230666161785,0.0491729996213388,0.03));
#1112=CARTESIAN_POINT('',(0.047,0.049,0.03));
#1113=CARTESIAN_POINT('',(0.047,0.049,0.03));
#1114=CARTESIAN_POINT('',(0.05,0.045,0.03));
#1115=CARTESIAN_POINT('',(0.,0.05,0.03));
#1116=CARTESIAN_POINT('',(-0.05,0.05,0.007188));
#1117=CARTESIAN_POINT('',(-0.0515,0.05,0.007188));
#1118=CARTESIAN_POINT('',(0.05,0.05,0.007188));
#1119=CARTESIAN_POINT('',(0.0485,0.05,0.007188));
#1120=CARTESIAN_POINT('',(-0.05,0.05,0.03));
#1121=CARTESIAN_POINT('',(-0.05,0.05,0.029));
#1122=CARTESIAN_POINT('',(-0.05,0.05,0.009938));
#1123=CARTESIAN_POINT('',(-0.05,0.05,0.029));
#1124=CARTESIAN_POINT('',(-0.0166666666666667,0.05,0.029));
#1125=CARTESIAN_POINT('',(0.0166666666666667,0.05,0.029));
#1126=CARTESIAN_POINT('',(0.05,0.05,0.029));
#1127=CARTESIAN_POINT('',(0.05,0.05,0.007188));
#1128=CARTESIAN_POINT('',(0.05,0.05,0.000999999999999997));
#1129=CARTESIAN_POINT('',(0.0166666666666667,0.05,0.000999999999999997));
#1130=CARTESIAN_POINT('',(-0.0166666666666667,0.05,0.000999999999999997));
#1131=CARTESIAN_POINT('',(-0.05,0.05,0.000999999999999997));
#1132=CARTESIAN_POINT('',(-0.05,0.05,0.001));
#1133=CARTESIAN_POINT('',(-0.05,0.05,0.03));
#1134=CARTESIAN_POINT('',(-0.05,0.05,0.004438));
#1135=CARTESIAN_POINT('',(-0.05,0.05,0.007188));
#1136=CARTESIAN_POINT('',(-0.05,0.045,0.03));
#1137=CARTESIAN_POINT('',(-0.055,0.045,0.031));
#1138=CARTESIAN_POINT('',(-0.055,0.0463089969389957,0.031));
#1139=CARTESIAN_POINT('',(-0.0539180581244561,0.0489165693423676,0.031));
#1140=CARTESIAN_POINT('',(-0.05,0.0505417153288162,0.031));
#1141=CARTESIAN_POINT('',(-0.0460819418755439,0.0489165693423676,0.031));
#1142=CARTESIAN_POINT('',(-0.045,0.0463089969389957,0.031));
#1143=CARTESIAN_POINT('',(-0.045,0.045,0.031));
#1144=CARTESIAN_POINT('',(-0.05,0.045,0.03));
#1145=CARTESIAN_POINT('',(-0.047,0.049,0.03));
#1146=CARTESIAN_POINT('',(-0.047,0.049,0.03));
#1147=CARTESIAN_POINT('',(-0.047229808637486,0.0491723564781145,0.03));
#1148=CARTESIAN_POINT('',(-0.0477100929023997,0.0494716516447168,0.02996207243464));
#1149=CARTESIAN_POINT('',(-0.048359541131763,0.0497367799798512,0.0297860903888621));
#1150=CARTESIAN_POINT('',(-0.0488745340391772,0.0498770957261791,0.0295934637150117));
#1151=CARTESIAN_POINT('',(-0.0492647818502474,0.0499507998636331,0.0294258104584505));
#1152=CARTESIAN_POINT('',(-0.0495852929204753,0.049985772359281,0.02927433674284));
#1153=CARTESIAN_POINT('',(-0.0498104713477238,0.0499969905134836,0.0291576074137348));
#1154=CARTESIAN_POINT('',(-0.0499261234995572,0.0499997753778135,0.0290793371520213));
#1155=CARTESIAN_POINT('',(-0.0499919704832825,0.05,0.0290345016189385));
#1156=CARTESIAN_POINT('',(-0.05,0.05,0.029));
#1157=CARTESIAN_POINT('',(-0.05,0.05,0.009938));
#1158=CARTESIAN_POINT('',(-0.0507431218035395,0.05,0.009938));
#1159=CARTESIAN_POINT('',(-0.0517980251459402,0.0497209938008564,0.00947345110272055));
#1160=CARTESIAN_POINT('',(-0.0525958840348153,0.0492813375327464,0.00828920253990829));
#1161=CARTESIAN_POINT('',(-0.0528263290617208,0.0491235073315726,0.007195859281791));
#1162=CARTESIAN_POINT('',(-0.0525987633347429,0.0492795967341542,0.00609001081799512));
#1163=CARTESIAN_POINT('',(-0.0517982552392461,0.0497211227640964,0.00490279222232824));
#1164=CARTESIAN_POINT('',(-0.0507441586200759,0.05,0.004438));
#1165=CARTESIAN_POINT('',(-0.05,0.05,0.004438));
#1166=CARTESIAN_POINT('',(-0.05,0.05,0.000999999999999997));
#1167=CARTESIAN_POINT('',(-0.0513089969389958,0.05,0.000999999999999997));
#1168=CARTESIAN_POINT('',(-0.0539165693423676,0.0489165693423676,0.000999999999999997));
#1169=CARTESIAN_POINT('',(-0.055,0.0463089969389958,0.000999999999999997));
#1170=CARTESIAN_POINT('',(-0.055,0.045,0.000999999999999997));
#1171=CARTESIAN_POINT('',(-6.93889390390723E-18,0.00250000000000007,0.03));
#1172=CARTESIAN_POINT('',(0.047,0.0490000000000001,0.03));
#1173=CARTESIAN_POINT('',(0.0156666666666667,0.0490000000000001,0.03));
#1174=CARTESIAN_POINT('',(-0.0156666666666667,0.0490000000000001,0.03));
#1175=CARTESIAN_POINT('',(-0.047,0.0490000000000001,0.03));
#1176=CARTESIAN_POINT('',(-6.93889390390723E-18,0.00250000000000007,0.));
#1177=CARTESIAN_POINT('',(0.0115466207209564,-0.0296737530359585,0.));
#1178=CARTESIAN_POINT('',(0.0120454935520726,-0.0272933437072361,0.));
#1179=CARTESIAN_POINT('',(0.0115975030952405,-0.0249204470002756,0.));
#1180=CARTESIAN_POINT('',(0.0103164341451618,-0.0229148921973935,0.));
#1181=CARTESIAN_POINT('',(0.00833279053095553,-0.0215289181474842,0.));
#1182=CARTESIAN_POINT('',(0.00596778757686959,-0.0210068083137979,0.));
#1183=CARTESIAN_POINT('',(0.00358290569287379,-0.0214295701612388,0.));
#1184=CARTESIAN_POINT('',(0.00154134194265549,-0.0227327907985608,0.));
#1185=CARTESIAN_POINT('',(0.000153903726134204,-0.0247180872844426,0.));
#1186=CARTESIAN_POINT('',(-0.000368181995373411,-0.0270832103293043,0.));
#1187=CARTESIAN_POINT('',(5.45672296122141E-5,-0.0294680933754945,0.));
#1188=CARTESIAN_POINT('',(0.0013577913071438,-0.0315096573939019,0.));
#1189=CARTESIAN_POINT('',(0.00334308798713101,-0.032897099588972,0.));
#1190=CARTESIAN_POINT('',(0.00570820699581373,-0.0334191693896364,0.));
#1191=CARTESIAN_POINT('',(0.0080931060059535,-0.0329964798780938,0.));
#1192=CARTESIAN_POINT('',(0.0101346102055098,-0.0316930328677804,0.));
#1193=CARTESIAN_POINT('',(0.0115466207209564,-0.0296737530359585,0.));
#1194=CARTESIAN_POINT('',(0.0120454935520726,-0.0272933437072361,0.));
#1195=CARTESIAN_POINT('',(0.0115975030952405,-0.0249204470002756,0.));
#1196=CARTESIAN_POINT('',(0.011888,-0.027213,0.));
#1197=CARTESIAN_POINT('',(0.0469999306509777,0.0450000000000001,0.));
#1198=CARTESIAN_POINT('',(0.0469999306509777,0.0453333333333334,0.));
#1199=CARTESIAN_POINT('',(0.0469999306509777,0.0456666666666667,0.));
#1200=CARTESIAN_POINT('',(0.0469999306509777,0.0460000000000001,0.));
#1201=CARTESIAN_POINT('',(0.0469999306509779,0.046,0.));
#1202=CARTESIAN_POINT('',(0.0469999306509779,0.0460000000000001,0.));
#1203=CARTESIAN_POINT('',(0.0466665973176445,0.0460000000000001,0.));
#1204=CARTESIAN_POINT('',(0.0463332639843111,0.0460000000000001,0.));
#1205=CARTESIAN_POINT('',(0.0459999306509777,0.0460000000000001,0.));
#1206=CARTESIAN_POINT('',(0.0459999306509776,0.046,0.));
#1207=CARTESIAN_POINT('',(0.0459999306509777,0.0460000000000001,0.));
#1208=CARTESIAN_POINT('',(0.0299999537673185,0.0460000000000001,0.));
#1209=CARTESIAN_POINT('',(0.0139999768836593,0.0460000000000001,0.));
#1210=CARTESIAN_POINT('',(-0.00199999999999996,0.0460000000000001,0.));
#1211=CARTESIAN_POINT('',(-0.002,0.046,0.));
#1212=CARTESIAN_POINT('',(-0.00200000000000001,0.0460000000000001,0.));
#1213=CARTESIAN_POINT('',(-0.00200000000000001,0.0244333333333334,0.));
#1214=CARTESIAN_POINT('',(-0.00200000000000001,0.00286666666666673,0.));
#1215=CARTESIAN_POINT('',(-0.00200000000000001,-0.0186999999999999,0.));
#1216=CARTESIAN_POINT('',(-0.00199999999999997,-0.0187,0.));
#1217=CARTESIAN_POINT('',(-0.00199999999999997,-0.0186999999999999,0.));
#1218=CARTESIAN_POINT('',(0.014,-0.0186999999999999,0.));
#1219=CARTESIAN_POINT('',(0.03,-0.0186999999999999,0.));
#1220=CARTESIAN_POINT('',(0.046,-0.0186999999999999,0.));
#1221=CARTESIAN_POINT('',(0.046,-0.0187,0.));
#1222=CARTESIAN_POINT('',(0.046,-0.03135,0.));
#1223=CARTESIAN_POINT('',(0.046,-0.045,0.));
#1224=CARTESIAN_POINT('',(0.,-0.045,0.));
#1225=CARTESIAN_POINT('',(-0.046,-0.045,0.));
#1226=CARTESIAN_POINT('',(-0.046,-0.0269,0.));
#1227=CARTESIAN_POINT('',(-0.046,-0.0138,0.));
#1228=CARTESIAN_POINT('',(-0.046,-0.0137999999999999,0.));
#1229=CARTESIAN_POINT('',(-0.0324666666666667,-0.0137999999999999,0.));
#1230=CARTESIAN_POINT('',(-0.0189333333333333,-0.0137999999999999,0.));
#1231=CARTESIAN_POINT('',(-0.00540000000000001,-0.0137999999999999,0.));
#1232=CARTESIAN_POINT('',(-0.0054,-0.0138,0.));
#1233=CARTESIAN_POINT('',(-0.00540000000000001,-0.0137999999999999,0.));
#1234=CARTESIAN_POINT('',(-0.00540000000000001,0.00586666666666673,0.));
#1235=CARTESIAN_POINT('',(-0.00540000000000001,0.0255333333333334,0.));
#1236=CARTESIAN_POINT('',(-0.00540000000000001,0.0452000000000001,0.));
#1237=CARTESIAN_POINT('',(-0.0054,0.0452,0.));
#1238=CARTESIAN_POINT('',(-0.00540000000000001,0.0452000000000001,0.));
#1239=CARTESIAN_POINT('',(-0.0215982867595497,0.0452000000000001,0.));
#1240=CARTESIAN_POINT('',(-0.0377965735190995,0.0452000000000001,0.));
#1241=CARTESIAN_POINT('',(-0.0539948602786492,0.0452000000000001,0.));
#1242=CARTESIAN_POINT('',(-0.0539948602786492,0.0451999952462412,4.33680868994202E-19));
#1243=CARTESIAN_POINT('',(-0.053994949025459,0.0451999995973519,0.));
#1244=CARTESIAN_POINT('',(-0.0539449695805311,0.0462193982176747,0.));
#1245=CARTESIAN_POINT('',(-0.0530273827008921,0.0481869053888251,0.));
#1246=CARTESIAN_POINT('',(-0.0510272981659476,0.0490000000000001,0.));
#1247=CARTESIAN_POINT('',(-0.05,0.0490000000000001,0.));
#1248=CARTESIAN_POINT('',(-0.05,0.049,0.));
#1249=CARTESIAN_POINT('',(-0.05,0.0490000000000001,0.));
#1250=CARTESIAN_POINT('',(-0.0166666666666667,0.0490000000000001,0.));
#1251=CARTESIAN_POINT('',(0.0166666666666667,0.0490000000000001,0.));
#1252=CARTESIAN_POINT('',(0.05,0.0490000000000001,0.));
#1253=CARTESIAN_POINT('',(0.05,0.049,0.));
#1254=CARTESIAN_POINT('',(0.05,0.0490000000000001,0.));
#1255=CARTESIAN_POINT('',(0.0510596884058833,0.0490000000000001,0.));
#1256=CARTESIAN_POINT('',(0.0526039391894852,0.0483515704434889,0.));
#1257=CARTESIAN_POINT('',(0.0537921170976215,0.0465658752714191,0.));
#1258=CARTESIAN_POINT('',(0.0539995817699496,0.0455322013906104,0.));
#1259=CARTESIAN_POINT('',(0.0539998838193323,0.0450000000029722,0.));
#1260=CARTESIAN_POINT('',(-0.0282,-0.0088,0.005));
#1261=CARTESIAN_POINT('',(-0.0104,-0.0088,0.005));
#1262=CARTESIAN_POINT('',(-0.0104,-0.0088,0.0085));
#1263=CARTESIAN_POINT('',(-0.0104,-0.0088,0.005));
#1264=CARTESIAN_POINT('',(-0.0103999999999994,-0.0088,0.00500000000000002));
#1265=CARTESIAN_POINT('',(-0.0222666666666663,-0.0088,0.00500000000000001));
#1266=CARTESIAN_POINT('',(-0.0341333333333331,-0.0088,0.00500000000000001));
#1267=CARTESIAN_POINT('',(-0.046,-0.0088,0.005));
#1268=CARTESIAN_POINT('',(-0.046,-0.0088,0.005));
#1269=CARTESIAN_POINT('',(-0.046,-0.0088,0.005));
#1270=CARTESIAN_POINT('',(-0.046,-0.0088,0.0085));
#1271=CARTESIAN_POINT('',(-0.0282,-0.0088,0.0085));
#1272=CARTESIAN_POINT('',(-0.046,-0.0269,0.005));
#1273=CARTESIAN_POINT('',(-0.046,-0.0088,0.005));
#1274=CARTESIAN_POINT('',(-0.046,-0.0088,0.00478763969305506));
#1275=CARTESIAN_POINT('',(-0.046,-0.00880650954169588,0.00440555112111942));
#1276=CARTESIAN_POINT('',(-0.046,-0.00883241343925111,0.00404227301339022));
#1277=CARTESIAN_POINT('',(-0.046,-0.00885250690435146,0.00386451394648509));
#1278=CARTESIAN_POINT('',(-0.046,-0.00887670971994942,0.00368818127540668));
#1279=CARTESIAN_POINT('',(-0.046,-0.00892872181845432,0.00339266444047894));
#1280=CARTESIAN_POINT('',(-0.046,-0.00906985849134209,0.00282576574709231));
#1281=CARTESIAN_POINT('',(-0.046,-0.00941824853903058,0.00200152232087631));
#1282=CARTESIAN_POINT('',(-0.046,-0.0100272962452372,0.00121037366306825));
#1283=CARTESIAN_POINT('',(-0.046,-0.0108181670153192,0.000613062602783419));
#1284=CARTESIAN_POINT('',(-0.046,-0.0116022714395658,0.000275747003719505));
#1285=CARTESIAN_POINT('',(-0.046,-0.0122853933466687,0.000106426634204766));
#1286=CARTESIAN_POINT('',(-0.046,-0.0126391105976652,5.24421449812342E-5));
#1287=CARTESIAN_POINT('',(-0.046,-0.0129175850369601,2.61139020638565E-5));
#1288=CARTESIAN_POINT('',(-0.046,-0.0130380654155589,1.73518838456833E-5));
#1289=CARTESIAN_POINT('',(-0.046,-0.0133009065564677,4.17556066168151E-6));
#1290=CARTESIAN_POINT('',(-0.046,-0.0135830495861388,0.));
#1291=CARTESIAN_POINT('',(-0.046,-0.0138,0.));
#1292=CARTESIAN_POINT('',(-0.046,-0.045,0.005));
#1293=CARTESIAN_POINT('',(-0.046,-0.0138,0.0085));
#1294=CARTESIAN_POINT('',(-0.046,-0.0138,0.0085));
#1295=CARTESIAN_POINT('',(-0.046,-0.0269,0.0085));
#1296=CARTESIAN_POINT('',(0.,-0.045,0.005));
#1297=CARTESIAN_POINT('',(0.046,-0.045,0.005));
#1298=CARTESIAN_POINT('',(0.046,-0.03135,0.005));
#1299=CARTESIAN_POINT('',(0.046,-0.0177,0.001));
#1300=CARTESIAN_POINT('',(0.046,-0.0177,0.00085));
#1301=CARTESIAN_POINT('',(0.046,-0.0177,0.0007));
#1302=CARTESIAN_POINT('',(0.046,-0.0178,0.000333333333333333));
#1303=CARTESIAN_POINT('',(0.046,-0.0180333333333334,0.0001));
#1304=CARTESIAN_POINT('',(0.046,-0.0184,0.));
#1305=CARTESIAN_POINT('',(0.046,-0.01855,0.));
#1306=CARTESIAN_POINT('',(0.046,-0.0187,0.));
#1307=CARTESIAN_POINT('',(0.046,-0.0177,0.001));
#1308=CARTESIAN_POINT('',(0.046,-0.0177,0.005));
#1309=CARTESIAN_POINT('',(0.0225,-0.0177,0.005));
#1310=CARTESIAN_POINT('',(0.046,-0.0177,0.001));
#1311=CARTESIAN_POINT('',(0.0303333333333333,-0.0177,0.001));
#1312=CARTESIAN_POINT('',(0.0146666666666667,-0.0177,0.001));
#1313=CARTESIAN_POINT('',(-0.001,-0.0177,0.001));
#1314=CARTESIAN_POINT('',(-0.001,-0.0177,0.001));
#1315=CARTESIAN_POINT('',(-0.001,-0.0177,0.005));
#1316=CARTESIAN_POINT('',(-0.001,0.01365,0.005));
#1317=CARTESIAN_POINT('',(-0.00099999999999999,-0.0177,0.001));
#1318=CARTESIAN_POINT('',(-0.000999999999999997,0.00319999999999973,0.001));
#1319=CARTESIAN_POINT('',(-0.001,0.0240999999999995,0.001));
#1320=CARTESIAN_POINT('',(-0.00100000000000001,0.0449999999999992,0.001));
#1321=CARTESIAN_POINT('',(-0.001,0.01365,0.0085));
#1322=CARTESIAN_POINT('',(-0.001,-0.0138,0.0085));
#1323=CARTESIAN_POINT('',(-0.001,-0.0138,0.0085));
#1324=CARTESIAN_POINT('',(-0.046,0.0426,0.005));
#1325=CARTESIAN_POINT('',(-0.046,0.045,3.64696414870309E-7));
#1326=CARTESIAN_POINT('',(-0.046,0.0448097932856543,1.39050483304164E-6));
#1327=CARTESIAN_POINT('',(-0.046,0.0444496317365973,1.31020605703285E-5));
#1328=CARTESIAN_POINT('',(-0.046,0.0440692377287162,4.91369534199775E-5));
#1329=CARTESIAN_POINT('',(-0.046,0.0437722864666376,9.57600549402911E-5));
#1330=CARTESIAN_POINT('',(-0.046,0.0434334302547189,0.000165557579475377));
#1331=CARTESIAN_POINT('',(-0.046,0.0428913324255101,0.00031959628141088));
#1332=CARTESIAN_POINT('',(-0.046,0.0421009734166175,0.000680733251229519));
#1333=CARTESIAN_POINT('',(-0.046,0.0413504465256203,0.00129305604556962));
#1334=CARTESIAN_POINT('',(-0.046,0.0408780047650736,0.00194238862587508));
#1335=CARTESIAN_POINT('',(-0.046,0.0405898285759332,0.00253708321909821));
#1336=CARTESIAN_POINT('',(-0.046,0.0404115798797824,0.00304940616839371));
#1337=CARTESIAN_POINT('',(-0.046,0.040321028135249,0.00343255991465365));
#1338=CARTESIAN_POINT('',(-0.046,0.0402657472063434,0.00375431628253497));
#1339=CARTESIAN_POINT('',(-0.046,0.040232859687699,0.00402986756226753));
#1340=CARTESIAN_POINT('',(-0.046,0.040220331143257,0.0041966427343104));
#1341=CARTESIAN_POINT('',(-0.046,0.0402041150965754,0.00451368380398682));
#1342=CARTESIAN_POINT('',(-0.046,0.0401999999999999,0.00479055489985175));
#1343=CARTESIAN_POINT('',(-0.046,0.0401999999999999,0.00499999999999999));
#1344=CARTESIAN_POINT('',(-0.046,0.0402,0.005));
#1345=CARTESIAN_POINT('',(-0.046,0.0402,0.005));
#1346=CARTESIAN_POINT('',(-0.046,0.0402,0.0085));
#1347=CARTESIAN_POINT('',(-0.046,0.0426,0.0085));
#1348=CARTESIAN_POINT('',(-0.0282,0.0402,0.005));
#1349=CARTESIAN_POINT('',(-0.046,0.0402,0.00499999999999999));
#1350=CARTESIAN_POINT('',(-0.0341333333333333,0.0402,0.00499999999999999));
#1351=CARTESIAN_POINT('',(-0.0222666666666667,0.0402,0.00499999999999999));
#1352=CARTESIAN_POINT('',(-0.0104,0.0402,0.00499999999999999));
#1353=CARTESIAN_POINT('',(-0.0104,0.0402,0.005));
#1354=CARTESIAN_POINT('',(-0.0104,0.0402,0.005));
#1355=CARTESIAN_POINT('',(-0.0104,0.0402,0.0085));
#1356=CARTESIAN_POINT('',(-0.0282,0.0402,0.0085));
#1357=CARTESIAN_POINT('',(-0.0104,0.0157,0.005));
#1358=CARTESIAN_POINT('',(-0.0104,0.0402000000000039,0.005));
#1359=CARTESIAN_POINT('',(-0.0104,0.0238666666666692,0.005));
#1360=CARTESIAN_POINT('',(-0.0104,0.00753333333333462,0.005));
#1361=CARTESIAN_POINT('',(-0.0104,-0.0088,0.005));
#1362=CARTESIAN_POINT('',(-0.0104,0.0157,0.0085));
#1363=CARTESIAN_POINT('',(0.005838,-0.027213,0.005));
#1364=CARTESIAN_POINT('',(0.00979523870570068,-0.0232557612942993,0.001));
#1365=CARTESIAN_POINT('',(0.0114343806471497,-0.027213,0.001));
#1366=CARTESIAN_POINT('',(0.00979523870570068,-0.0311702387057007,0.001));
#1367=CARTESIAN_POINT('',(0.00583799999999999,-0.0328093806471497,0.001));
#1368=CARTESIAN_POINT('',(0.00188076129429932,-0.0311702387057007,0.001));
#1369=CARTESIAN_POINT('',(0.000241619352850342,-0.027213,0.001));
#1370=CARTESIAN_POINT('',(0.00188076129429932,-0.0232557612942993,0.001));
#1371=CARTESIAN_POINT('',(0.005838,-0.0216166193528503,0.001));
#1372=CARTESIAN_POINT('',(0.00979523870570068,-0.0232557612942993,0.001));
#1373=CARTESIAN_POINT('',(0.0114343806471497,-0.027213,0.001));
#1374=CARTESIAN_POINT('',(0.00979523870570068,-0.0311702387057007,0.001));
#1375=CARTESIAN_POINT('',(0.010888,-0.027213,0.001));
#1376=CARTESIAN_POINT('',(-0.05,0.044998,0.007188));
#1377=CARTESIAN_POINT('',(0.05,0.044998,0.007188));
#1378=CARTESIAN_POINT('',(-0.05,0.044998,0.007188));
#1379=CARTESIAN_POINT('',(0.05,0.044998,0.007188));
#1380=CARTESIAN_POINT('',(-0.0057,-0.0138,0.0085));
#1381=CARTESIAN_POINT('',(-0.0057,-0.0138,0.0085));
#1382=CARTESIAN_POINT('',(6.93889390390723E-18,0.,0.0085));
#1383=CARTESIAN_POINT('',(-0.05,0.045,0.032));
#1384=CARTESIAN_POINT('',(-0.05,0.045,0.028));
#1385=CARTESIAN_POINT('',(-0.05,0.045,0.032));
#1386=CARTESIAN_POINT('',(-6.93889390390723E-18,0.0475,0.032));
#1387=CARTESIAN_POINT('',(-0.0460003160118103,0.0449999999998061,0.032));
#1388=CARTESIAN_POINT('',(-0.0460007746841414,0.0460633595806894,0.032));
#1389=CARTESIAN_POINT('',(-0.0468648552337606,0.0481256399330634,0.032));
#1390=CARTESIAN_POINT('',(-0.0500016034168228,0.0494349924569976,0.032));
#1391=CARTESIAN_POINT('',(-0.0526075431519353,0.0483511572752876,0.032));
#1392=CARTESIAN_POINT('',(-0.0537912222625605,0.0465658042099532,0.032));
#1393=CARTESIAN_POINT('',(-0.0539994544344442,0.0455321842163385,0.032));
#1394=CARTESIAN_POINT('',(-0.0539996839881897,0.0449999999998061,0.032));
#1395=CARTESIAN_POINT('',(0.05,0.045,0.032));
#1396=CARTESIAN_POINT('',(0.05,0.045,0.028));
#1397=CARTESIAN_POINT('',(0.05,0.045,0.032));
#1398=CARTESIAN_POINT('',(-6.93889390390723E-18,0.0475,0.032));
#1399=CARTESIAN_POINT('',(0.0539996839881896,0.0449999999998061,0.032));
#1400=CARTESIAN_POINT('',(0.0539992253158582,0.046063359580696,0.032));
#1401=CARTESIAN_POINT('',(0.0531351447662393,0.0481256399330606,0.032));
#1402=CARTESIAN_POINT('',(0.049998396583177,0.0494349924569986,0.032));
#1403=CARTESIAN_POINT('',(0.0473924568480686,0.0483511572752871,0.032));
#1404=CARTESIAN_POINT('',(0.0462087777374366,0.0465658042099568,0.032));
#1405=CARTESIAN_POINT('',(0.0460005455655605,0.0455321842163398,0.032));
#1406=CARTESIAN_POINT('',(0.0460003160118144,0.0449999999998061,0.032));
#1407=CARTESIAN_POINT('',(-6.93889390390723E-18,0.00250000000000007,0.028));
#1408=CARTESIAN_POINT('',(-6.93889390390723E-18,0.00250000000000007,0.028));
#1409=CARTESIAN_POINT('',(0.0539902933993975,0.0449247712820631,0.032));
#1410=CARTESIAN_POINT('',(0.0540212950511925,0.0459862170362178,0.032));
#1411=CARTESIAN_POINT('',(0.0533716961012162,0.0475675454860159,0.032));
#1412=CARTESIAN_POINT('',(0.0515856685063255,0.0487780310687914,0.032));
#1413=CARTESIAN_POINT('',(0.0499999931654932,0.0490974798765609,0.032));
#1414=CARTESIAN_POINT('',(0.0484143175478084,0.0487780324430306,0.032));
#1415=CARTESIAN_POINT('',(0.0466282889038406,0.0475675484081319,0.032));
#1416=CARTESIAN_POINT('',(0.0459786885833927,0.0459862205213149,0.032));
#1417=CARTESIAN_POINT('',(0.0460096893152765,0.0449247747402928,0.032));
#1418=CARTESIAN_POINT('',(0.0542281655717115,0.044920288039815,0.0320161732560176));
#1419=CARTESIAN_POINT('',(0.0542610151731374,0.0460450093085702,0.0320161732560176));
#1420=CARTESIAN_POINT('',(0.0535726917531294,0.0477206047283246,0.0320161732560176));
#1421=CARTESIAN_POINT('',(0.0516801943031453,0.0490032502359263,0.0320161732560177));
#1422=CARTESIAN_POINT('',(0.0499999927365227,0.0493417420015147,0.0320161732560176));
#1423=CARTESIAN_POINT('',(0.0483197909599342,0.0490032512781538,0.0320161732560176));
#1424=CARTESIAN_POINT('',(0.0464272927143266,0.0477206069444668,0.0320161732560176));
#1425=CARTESIAN_POINT('',(0.0457389682549486,0.0460450119516791,0.0320161732560176));
#1426=CARTESIAN_POINT('',(0.0457718171587109,0.0449202906625476,0.0320161732560176));
#1427=CARTESIAN_POINT('',(0.0548697604015182,0.0449081957256145,0.0318793304512702));
#1428=CARTESIAN_POINT('',(0.0549075943393521,0.0462035853101548,0.0318793304512702));
#1429=CARTESIAN_POINT('',(0.0541148223009221,0.0481334399816627,0.0318793304512702));
#1430=CARTESIAN_POINT('',(0.051935151669251,0.0496107170606559,0.0318793304512702));
#1431=CARTESIAN_POINT('',(0.0499999915794928,0.0500005719729378,0.0318793304512702));
#1432=CARTESIAN_POINT('',(0.0480648314601773,0.0496107172073731,0.0318793304512702));
#1433=CARTESIAN_POINT('',(0.045885160716504,0.0481334402936352,0.0318793304512702));
#1434=CARTESIAN_POINT('',(0.0450923885317591,0.0462035856822324,0.0318793304512702));
#1435=CARTESIAN_POINT('',(0.0451302223713809,0.0449081960948237,0.0318793304512702));
#1436=CARTESIAN_POINT('',(0.0550149006271823,0.0449054602278669,0.0312391178744561));
#1437=CARTESIAN_POINT('',(0.0550538621110582,0.046239458037904,0.0312391178744561));
#1438=CARTESIAN_POINT('',(0.0542374619270388,0.0482268306996798,0.0312391178744561));
#1439=CARTESIAN_POINT('',(0.0519928275854709,0.0497481369211794,0.0312391178744561));
#1440=CARTESIAN_POINT('',(0.0499999913177517,0.0501496110958923,0.0312391178744561));
#1441=CARTESIAN_POINT('',(0.0480071550612866,0.049748136865316,0.0312391178744561));
#1442=CARTESIAN_POINT('',(0.0457625207623642,0.0482268305808945,0.0312391178744561));
#1443=CARTESIAN_POINT('',(0.044946120634055,0.0462394578962334,0.0312391178744561));
#1444=CARTESIAN_POINT('',(0.0449850821553258,0.0449054600872884,0.0312391178744561));
#1445=CARTESIAN_POINT('',(0.0549991135710937,0.0449057577708545,0.031));
#1446=CARTESIAN_POINT('',(0.0550379524105923,0.0462355561233077,0.031));
#1447=CARTESIAN_POINT('',(0.0542241222849973,0.0482166724923548,0.031));
#1448=CARTESIAN_POINT('',(0.0519865541149693,0.0497331896173852,0.031));
#1449=CARTESIAN_POINT('',(0.0499999913462217,0.0501333999526155,0.031));
#1450=CARTESIAN_POINT('',(0.0480134285842891,0.0497331895835567,0.031));
#1451=CARTESIAN_POINT('',(0.0457758604400852,0.0482166724204236,0.031));
#1452=CARTESIAN_POINT('',(0.0449620303482259,0.0462355560375181,0.031));
#1453=CARTESIAN_POINT('',(0.0450008692103692,0.0449057576857263,0.031));
#1454=CARTESIAN_POINT('',(-0.0460097066005956,0.0449247712820617,0.0319999999999993));
#1455=CARTESIAN_POINT('',(-0.0459787049488019,0.0459862170362173,0.0319999999999995));
#1456=CARTESIAN_POINT('',(-0.0466283038987801,0.0475675454860159,0.0319999999999998));
#1457=CARTESIAN_POINT('',(-0.0484143314936728,0.0487780310687914,0.032));
#1458=CARTESIAN_POINT('',(-0.0500000068345064,0.049097479876561,0.032));
#1459=CARTESIAN_POINT('',(-0.0515856824521925,0.0487780324430307,0.0319999999999999));
#1460=CARTESIAN_POINT('',(-0.0533717110961622,0.0475675484081318,0.0319999999999996));
#1461=CARTESIAN_POINT('',(-0.0540213114166121,0.0459862205213142,0.0319999999999993));
#1462=CARTESIAN_POINT('',(-0.0539903106847295,0.0449247747402911,0.031999999999999));
#1463=CARTESIAN_POINT('',(-0.0457718344282816,0.0449202880398137,0.0320161732560169));
#1464=CARTESIAN_POINT('',(-0.0457389848268572,0.0460450093085697,0.0320161732560171));
#1465=CARTESIAN_POINT('',(-0.0464273082468669,0.0477206047283245,0.0320161732560175));
#1466=CARTESIAN_POINT('',(-0.048319805696853,0.0490032502359262,0.0320161732560176));
#1467=CARTESIAN_POINT('',(-0.0500000072634768,0.0493417420015147,0.0320161732560177));
#1468=CARTESIAN_POINT('',(-0.0516802090400664,0.0490032512781538,0.0320161732560175));
#1469=CARTESIAN_POINT('',(-0.0535727072856759,0.0477206069444668,0.0320161732560172));
#1470=CARTESIAN_POINT('',(-0.054261031745056,0.0460450119516788,0.0320161732560169));
#1471=CARTESIAN_POINT('',(-0.0542281828412951,0.0449202906625464,0.0320161732560166));
#1472=CARTESIAN_POINT('',(-0.0451302395984749,0.0449081957256142,0.0318793304512693));
#1473=CARTESIAN_POINT('',(-0.0450924056606427,0.0462035853101552,0.0318793304512696));
#1474=CARTESIAN_POINT('',(-0.0458851776990749,0.0481334399816633,0.03187933045127));
#1475=CARTESIAN_POINT('',(-0.0480648483307477,0.049610717060656,0.0318793304512702));
#1476=CARTESIAN_POINT('',(-0.050000008420507,0.0500005719729378,0.0318793304512702));
#1477=CARTESIAN_POINT('',(-0.0519351685398235,0.0496107172073731,0.0318793304512701));
#1478=CARTESIAN_POINT('',(-0.0541148392834985,0.0481334402936355,0.0318793304512698));
#1479=CARTESIAN_POINT('',(-0.0549076114682454,0.0462035856822326,0.0318793304512693));
#1480=CARTESIAN_POINT('',(-0.0548697776286251,0.0449081960948231,0.031879330451269));
#1481=CARTESIAN_POINT('',(-0.044985099372811,0.0449054602278669,0.0312391178744551));
#1482=CARTESIAN_POINT('',(-0.0449461378889367,0.0462394580379046,0.0312391178744554));
#1483=CARTESIAN_POINT('',(-0.0457625380729582,0.0482268306996803,0.0312391178744558));
#1484=CARTESIAN_POINT('',(-0.0480071724145277,0.0497481369211795,0.031239117874456));
#1485=CARTESIAN_POINT('',(-0.0500000086822478,0.0501496110958922,0.031239117874456));
#1486=CARTESIAN_POINT('',(-0.0519928449387138,0.0497481368653161,0.0312391178744559));
#1487=CARTESIAN_POINT('',(-0.0542374792376378,0.048226830580895,0.0312391178744555));
#1488=CARTESIAN_POINT('',(-0.055053879365949,0.0462394578962338,0.0312391178744551));
#1489=CARTESIAN_POINT('',(-0.0550149178446799,0.0449054600872883,0.0312391178744548));
#1490=CARTESIAN_POINT('',(-0.0450008864288997,0.0449057577708545,0.0309999999999991));
#1491=CARTESIAN_POINT('',(-0.0449620475894027,0.0462355561233083,0.0309999999999993));
#1492=CARTESIAN_POINT('',(-0.0457758777149997,0.0482166724923553,0.0309999999999997));
#1493=CARTESIAN_POINT('',(-0.0480134458850294,0.0497331896173852,0.031));
#1494=CARTESIAN_POINT('',(-0.0500000086537779,0.0501333999526153,0.031));
#1495=CARTESIAN_POINT('',(-0.0519865714157113,0.0497331895835567,0.0309999999999999));
#1496=CARTESIAN_POINT('',(-0.0542241395599168,0.0482166724204241,0.0309999999999995));
#1497=CARTESIAN_POINT('',(-0.0550379696517781,0.0462355560375186,0.0309999999999991));
#1498=CARTESIAN_POINT('',(-0.0549991307896365,0.0449057576857262,0.0309999999999988));
#1499=CARTESIAN_POINT('',(0.000103072584210412,-0.0248375024399851,2.827362347399E-16));
#1500=CARTESIAN_POINT('',(-0.000369443259156717,-0.027213,2.82742286615494E-16));
#1501=CARTESIAN_POINT('',(0.000103072584210511,-0.029588497560015,2.8277990198496E-16));
#1502=CARTESIAN_POINT('',(0.00144868386052623,-0.0316023471504567,2.82843354249283E-16));
#1503=CARTESIAN_POINT('',(0.00346253345096797,-0.0329479584267723,2.82922983376415E-16));
#1504=CARTESIAN_POINT('',(0.00583803101098296,-0.0334204742701395,2.83006666553589E-16));
#1505=CARTESIAN_POINT('',(0.00821352857099794,-0.0329479584267722,2.83081663775672E-16));
#1506=CARTESIAN_POINT('',(0.0102273781614396,-0.0316023471504565,2.83136557395453E-16));
#1507=CARTESIAN_POINT('',(0.0115729894377553,-0.0295884975600148,2.83162990356931E-16));
#1508=CARTESIAN_POINT('',(0.0120455052811224,-0.0272129999999998,2.83156938481338E-16));
#1509=CARTESIAN_POINT('',(0.0115729894377552,-0.0248375024399848,2.83119323111871E-16));
#1510=CARTESIAN_POINT('',(0.0102273781614394,-0.0228236528495431,2.83055870847549E-16));
#1511=CARTESIAN_POINT('',(0.00821352857099771,-0.0214780415732275,2.82976241720417E-16));
#1512=CARTESIAN_POINT('',(0.00583803101098272,-0.0210055257298603,2.82892558543242E-16));
#1513=CARTESIAN_POINT('',(0.00346253345096774,-0.0214780415732276,2.82817561321159E-16));
#1514=CARTESIAN_POINT('',(0.00144868386052605,-0.0228236528495433,2.82762667701379E-16));
#1515=CARTESIAN_POINT('',(0.000103072584210412,-0.0248375024399851,2.827362347399E-16));
#1516=CARTESIAN_POINT('',(-0.000369443259156717,-0.027213,2.82742286615494E-16));
#1517=CARTESIAN_POINT('',(0.000103072584210511,-0.029588497560015,2.8277990198496E-16));
#1518=CARTESIAN_POINT('',(0.000328351117717265,-0.0249308158638751,-1.54266085922669E-5));
#1519=CARTESIAN_POINT('',(-0.000125603531595602,-0.027213,-1.54266085922669E-5));
#1520=CARTESIAN_POINT('',(0.000328351117717344,-0.029495184136125,-1.54266085922668E-5));
#1521=CARTESIAN_POINT('',(0.00162110458540736,-0.0314299264255755,-1.54266085922668E-5));
#1522=CARTESIAN_POINT('',(0.003555846874858,-0.0327226798932655,-1.54266085922667E-5));
#1523=CARTESIAN_POINT('',(0.00583803101098293,-0.0331766345425783,-1.54266085922666E-5));
#1524=CARTESIAN_POINT('',(0.00812021514710785,-0.0327226798932654,-1.54266085922666E-5));
#1525=CARTESIAN_POINT('',(0.0100549574365585,-0.0314299264255754,-1.54266085922665E-5));
#1526=CARTESIAN_POINT('',(0.0113477109042484,-0.0294951841361247,-1.54266085922664E-5));
#1527=CARTESIAN_POINT('',(0.0118016655535613,-0.0272129999999998,-1.54266085922665E-5));
#1528=CARTESIAN_POINT('',(0.0113477109042483,-0.0249308158638749,-1.54266085922665E-5));
#1529=CARTESIAN_POINT('',(0.0100549574365583,-0.0229960735744243,-1.54266085922665E-5));
#1530=CARTESIAN_POINT('',(0.00812021514710768,-0.0217033201067343,-1.54266085922666E-5));
#1531=CARTESIAN_POINT('',(0.00583803101098274,-0.0212493654574215,-1.54266085922667E-5));
#1532=CARTESIAN_POINT('',(0.00355584687485782,-0.0217033201067344,-1.54266085922668E-5));
#1533=CARTESIAN_POINT('',(0.00162110458540721,-0.0229960735744244,-1.54266085922668E-5));
#1534=CARTESIAN_POINT('',(0.000328351117717265,-0.0249308158638751,-1.54266085922669E-5));
#1535=CARTESIAN_POINT('',(-0.000125603531595602,-0.027213,-1.54266085922669E-5));
#1536=CARTESIAN_POINT('',(0.000328351117717344,-0.029495184136125,-1.54266085922668E-5));
#1537=CARTESIAN_POINT('',(0.000931009586610602,-0.0251804451751697,0.00012658366436951));
#1538=CARTESIAN_POINT('',(0.000526709294574705,-0.027213,0.00012658366436951));
#1539=CARTESIAN_POINT('',(0.000931009586610686,-0.0292455548248303,0.00012658366436951));
#1540=CARTESIAN_POINT('',(0.00208235940824734,-0.0309686716027356,0.000126583664369511));
#1541=CARTESIAN_POINT('',(0.00380547618615263,-0.0321200214243721,0.00012658366436951));
#1542=CARTESIAN_POINT('',(0.00583803101098294,-0.032524321716408,0.00012658366436951));
#1543=CARTESIAN_POINT('',(0.00787058583581323,-0.032120021424372,0.000126583664369511));
#1544=CARTESIAN_POINT('',(0.00959370261371847,-0.0309686716027354,0.000126583664369511));
#1545=CARTESIAN_POINT('',(0.0107450524353551,-0.0292455548248301,0.000126583664369511));
#1546=CARTESIAN_POINT('',(0.011149352727391,-0.0272129999999998,0.000126583664369511));
#1547=CARTESIAN_POINT('',(0.010745052435355,-0.0251804451751695,0.000126583664369511));
#1548=CARTESIAN_POINT('',(0.00959370261371832,-0.0234573283972642,0.000126583664369511));
#1549=CARTESIAN_POINT('',(0.00787058583581304,-0.0223059785756277,0.000126583664369511));
#1550=CARTESIAN_POINT('',(0.00583803101098273,-0.0219016782835918,0.00012658366436951));
#1551=CARTESIAN_POINT('',(0.00380547618615243,-0.0223059785756278,0.00012658366436951));
#1552=CARTESIAN_POINT('',(0.00208235940824719,-0.0234573283972644,0.00012658366436951));
#1553=CARTESIAN_POINT('',(0.000931009586610602,-0.0251804451751697,0.00012658366436951));
#1554=CARTESIAN_POINT('',(0.000526709294574705,-0.027213,0.00012658366436951));
#1555=CARTESIAN_POINT('',(0.000931009586610686,-0.0292455548248303,0.00012658366436951));
#1556=CARTESIAN_POINT('',(0.00106557194324865,-0.0252361827282741,0.000762355760745777));
#1557=CARTESIAN_POINT('',(0.00067235853985269,-0.027213,0.000762355760745776));
#1558=CARTESIAN_POINT('',(0.00106557194324873,-0.0291898172717259,0.000762355760745777));
#1559=CARTESIAN_POINT('',(0.0021853489772581,-0.0308656820337248,0.000762355760745776));
#1560=CARTESIAN_POINT('',(0.00386121373925698,-0.0319854590677341,0.000762355760745777));
#1561=CARTESIAN_POINT('',(0.00583803101098292,-0.03237867247113,0.000762355760745777));
#1562=CARTESIAN_POINT('',(0.00781484828270885,-0.031985459067734,0.000762355760745777));
#1563=CARTESIAN_POINT('',(0.0094907130447077,-0.0308656820337246,0.000762355760745777));
#1564=CARTESIAN_POINT('',(0.010610490078717,-0.0291898172717258,0.000762355760745777));
#1565=CARTESIAN_POINT('',(0.011003703482113,-0.0272129999999998,0.000762355760745777));
#1566=CARTESIAN_POINT('',(0.0106104900787169,-0.0252361827282739,0.000762355760745777));
#1567=CARTESIAN_POINT('',(0.00949071304470757,-0.0235603179662751,0.000762355760745777));
#1568=CARTESIAN_POINT('',(0.00781484828270869,-0.0224405409322657,0.000762355760745777));
#1569=CARTESIAN_POINT('',(0.00583803101098275,-0.0220473275288698,0.000762355760745777));
#1570=CARTESIAN_POINT('',(0.00386121373925681,-0.0224405409322658,0.000762355760745777));
#1571=CARTESIAN_POINT('',(0.00218534897725797,-0.0235603179662752,0.000762355760745776));
#1572=CARTESIAN_POINT('',(0.00106557194324865,-0.0252361827282741,0.000762355760745777));
#1573=CARTESIAN_POINT('',(0.00067235853985269,-0.027213,0.000762355760745776));
#1574=CARTESIAN_POINT('',(0.00106557194324873,-0.0291898172717259,0.000762355760745777));
#1575=CARTESIAN_POINT('',(0.00105094566319446,-0.0252301243247086,0.001));
#1576=CARTESIAN_POINT('',(0.000656527168402741,-0.027213,0.001));
#1577=CARTESIAN_POINT('',(0.00105094566319454,-0.0291958756752914,0.001));
#1578=CARTESIAN_POINT('',(0.00217415450715036,-0.0308768765038325,0.001));
#1579=CARTESIAN_POINT('',(0.00385515533569147,-0.0320000853477883,0.001));
#1580=CARTESIAN_POINT('',(0.00583803101098293,-0.03239450384258,0.001));
#1581=CARTESIAN_POINT('',(0.00782090668627437,-0.0320000853477882,0.001));
#1582=CARTESIAN_POINT('',(0.00950190751481544,-0.0308768765038324,0.001));
#1583=CARTESIAN_POINT('',(0.0106251163587712,-0.0291958756752913,0.001));
#1584=CARTESIAN_POINT('',(0.0110195348535629,-0.0272129999999998,0.001));
#1585=CARTESIAN_POINT('',(0.0106251163587711,-0.0252301243247084,0.001));
#1586=CARTESIAN_POINT('',(0.00950190751481531,-0.0235491234961673,0.001));
#1587=CARTESIAN_POINT('',(0.0078209066862742,-0.0224259146522115,0.001));
#1588=CARTESIAN_POINT('',(0.00583803101098274,-0.0220314961574198,0.001));
#1589=CARTESIAN_POINT('',(0.0038551553356913,-0.0224259146522116,0.001));
#1590=CARTESIAN_POINT('',(0.00217415450715023,-0.0235491234961674,0.001));
#1591=CARTESIAN_POINT('',(0.00105094566319446,-0.0252301243247086,0.001));
#1592=CARTESIAN_POINT('',(0.000656527168402741,-0.027213,0.001));
#1593=CARTESIAN_POINT('',(0.00105094566319454,-0.0291958756752914,0.001));
#1594=CARTESIAN_POINT('',(-0.0506,0.05,0.029));
#1595=CARTESIAN_POINT('',(0.0506,0.05,0.029));
#1596=CARTESIAN_POINT('',(-0.0506,0.05,0.02915));
#1597=CARTESIAN_POINT('',(0.0506,0.05,0.02915));
#1598=CARTESIAN_POINT('',(-0.0506,0.05,0.0293));
#1599=CARTESIAN_POINT('',(0.0506,0.05,0.0293));
#1600=CARTESIAN_POINT('',(-0.0506,0.0499,0.0296666666666667));
#1601=CARTESIAN_POINT('',(0.0506,0.0499,0.0296666666666667));
#1602=CARTESIAN_POINT('',(-0.0506,0.0496666666666667,0.0299));
#1603=CARTESIAN_POINT('',(0.0506,0.0496666666666667,0.0299));
#1604=CARTESIAN_POINT('',(-0.0506,0.0493,0.03));
#1605=CARTESIAN_POINT('',(0.0506,0.0493,0.03));
#1606=CARTESIAN_POINT('',(-0.0506,0.04915,0.03));
#1607=CARTESIAN_POINT('',(0.0506,0.04915,0.03));
#1608=CARTESIAN_POINT('',(-0.0506,0.049,0.03));
#1609=CARTESIAN_POINT('',(0.0506,0.049,0.03));
#1610=CARTESIAN_POINT('',(0.0549999007459846,0.044952876333196,0.00100000000000052));
#1611=CARTESIAN_POINT('',(0.0550277345006981,0.0479256084324524,0.000999999999999965));
#1612=CARTESIAN_POINT('',(0.0529256086145233,0.0500277448720121,0.000999999999999762));
#1613=CARTESIAN_POINT('',(0.0499528763755698,0.0499999260413849,0.00100000000000004));
#1614=CARTESIAN_POINT('',(0.0549999007459846,0.044952876333196,0.000850000000000525));
#1615=CARTESIAN_POINT('',(0.0550277345006981,0.0479256084324525,0.000849999999999967));
#1616=CARTESIAN_POINT('',(0.0529256086145233,0.0500277448720122,0.000849999999999764));
#1617=CARTESIAN_POINT('',(0.0499528763755698,0.0499999260413849,0.000850000000000038));
#1618=CARTESIAN_POINT('',(0.0549999007459846,0.044952876333196,0.000700000000000526));
#1619=CARTESIAN_POINT('',(0.0550277345006981,0.0479256084324524,0.000699999999999967));
#1620=CARTESIAN_POINT('',(0.0529256086145233,0.0500277448720122,0.000699999999999764));
#1621=CARTESIAN_POINT('',(0.0499528763755697,0.0499999260413849,0.000700000000000038));
#1622=CARTESIAN_POINT('',(0.054899905129005,0.0449538125943128,0.000333333333333845));
#1623=CARTESIAN_POINT('',(0.0549271822588721,0.0478670954182159,0.000333333333333298));
#1624=CARTESIAN_POINT('',(0.0528670950954823,0.0499271929239419,0.000333333333333099));
#1625=CARTESIAN_POINT('',(0.0499538121346759,0.0498999304197062,0.000333333333333367));
#1626=CARTESIAN_POINT('',(0.0546665820227194,0.0449559972035856,0.000100000000000486));
#1627=CARTESIAN_POINT('',(0.0546925603612782,0.047730565051664,9.99999999999642E-5));
#1628=CARTESIAN_POINT('',(0.0527305635510534,0.0496925717117781,9.99999999997747E-5));
#1629=CARTESIAN_POINT('',(0.0499559955725902,0.0496666073024561,0.00010000000000003));
#1630=CARTESIAN_POINT('',(0.0542999314271278,0.0449594301610143,4.49871964606626E-16));
#1631=CARTESIAN_POINT('',(0.0543238688079164,0.0475160173327968,-3.04815686317783E-17));
#1632=CARTESIAN_POINT('',(0.0525160139812366,0.0493238812355207,-2.05111585646368E-16));
#1633=CARTESIAN_POINT('',(0.0499594266893129,0.0492999566896345,3.05693003065649E-17));
#1634=CARTESIAN_POINT('',(0.0541499380016584,0.0449608345526897,4.34688484433276E-16));
#1635=CARTESIAN_POINT('',(0.0541730404451774,0.047428247811442,-2.89102889168182E-17));
#1636=CARTESIAN_POINT('',(0.0524282437026751,0.0491730533134154,-1.97448430255793E-16));
#1637=CARTESIAN_POINT('',(0.0499608303279721,0.0491499632571165,3.00118923387725E-17));
#1638=CARTESIAN_POINT('',(0.0539999445761892,0.0449622389443651,4.19691106170415E-16));
#1639=CARTESIAN_POINT('',(0.0540222120824386,0.0473404782900873,-2.71529072913807E-17));
#1640=CARTESIAN_POINT('',(0.0523404734241137,0.0490222253913102,-1.89599172954742E-16));
#1641=CARTESIAN_POINT('',(0.0499622339666314,0.0489999698245986,2.96405862814668E-17));
#1642=CARTESIAN_POINT('',(0.0539981446434621,0.044962255797174,4.19511136469269E-16));
#1643=CARTESIAN_POINT('',(0.0540204021303996,0.0473394250490307,-2.71318185757155E-17));
#1644=CARTESIAN_POINT('',(0.0523394201739706,0.0490204154445588,-1.89504981258973E-16));
#1645=CARTESIAN_POINT('',(0.049962250810404,0.048998169891787,2.96361305800101E-17));
#1646=CARTESIAN_POINT('',(0.053996344710735,0.044962272649983,4.19331166768125E-16));
#1647=CARTESIAN_POINT('',(0.0540185921783606,0.0473383718079741,-2.71107298600469E-17));
#1648=CARTESIAN_POINT('',(0.0523383669238274,0.0490186054978075,-1.89410789563199E-16));
#1649=CARTESIAN_POINT('',(0.0499622676541767,0.0489963699589753,2.96316748785582E-17));
#1650=CARTESIAN_POINT('',(0.053994544778008,0.0449622895027919,4.1915119706698E-16));
#1651=CARTESIAN_POINT('',(0.0540167822263216,0.0473373185669175,-2.70896411443807E-17));
#1652=CARTESIAN_POINT('',(0.0523373136736843,0.0490167955510561,-1.89316597867431E-16));
#1653=CARTESIAN_POINT('',(0.0499622844979494,0.0489945700261637,2.96272191770999E-17));
#1654=CARTESIAN_POINT('',(0.0539927448452809,0.0449623063556008,4.18971227365834E-16));
#1655=CARTESIAN_POINT('',(0.0540149722742826,0.0473362653258609,-2.70685524287142E-17));
#1656=CARTESIAN_POINT('',(0.0523362604235412,0.0490149856043048,-1.8922240617166E-16));
#1657=CARTESIAN_POINT('',(0.049962301341722,0.048992770093352,2.96227634756464E-17));
#1658=CARTESIAN_POINT('',(0.0539909449125539,0.0449623232084097,4.18791257664689E-16));
#1659=CARTESIAN_POINT('',(0.0540131623222436,0.0473352120848043,-2.70474637130487E-17));
#1660=CARTESIAN_POINT('',(0.052335207173398,0.0490131756575534,-1.89128214475891E-16));
#1661=CARTESIAN_POINT('',(0.0499623181854947,0.0489909701605404,2.96183077741881E-17));
#1662=CARTESIAN_POINT('',(0.0500000000096091,0.05,0.00100000000000003));
#1663=CARTESIAN_POINT('',(0.0500000000093422,0.05,0.000875000000000009));
#1664=CARTESIAN_POINT('',(0.0500000000088083,0.0499869791666667,0.00060677083333522));
#1665=CARTESIAN_POINT('',(0.0500000000080075,0.0497799479166666,0.000220052083345415));
#1666=CARTESIAN_POINT('',(0.0500000000072068,0.0493932291666665,1.30208333497182E-5));
#1667=CARTESIAN_POINT('',(0.0500000000066729,0.0491249999999998,1.3553394517787E-14));
#1668=CARTESIAN_POINT('',(0.050000000006406,0.0489999999999998,8.67361711663349E-19));
#1669=CARTESIAN_POINT('',(0.0500000000096091,0.05,0.00100000000000001));
#1670=CARTESIAN_POINT('',(-0.0500000000000001,0.05,0.00100000000000001));
#1671=CARTESIAN_POINT('',(0.0500000000096091,0.05,0.000850000000000006));
#1672=CARTESIAN_POINT('',(-0.0500000000000001,0.05,0.000850000000000006));
#1673=CARTESIAN_POINT('',(0.0500000000096091,0.05,0.000700000000000008));
#1674=CARTESIAN_POINT('',(-0.0500000000000001,0.05,0.000700000000000008));
#1675=CARTESIAN_POINT('',(0.0500000000096091,0.0499,0.000333333333342768));
#1676=CARTESIAN_POINT('',(-0.0500000000000001,0.0499,0.000333333333342768));
#1677=CARTESIAN_POINT('',(0.0500000000096091,0.0496666666666667,0.000100000000014872));
#1678=CARTESIAN_POINT('',(-0.0500000000000001,0.0496666666666667,0.000100000000014872));
#1679=CARTESIAN_POINT('',(0.0500000000096091,0.0492999999999999,1.62477128973055E-14));
#1680=CARTESIAN_POINT('',(-0.0500000000000001,0.0492999999999999,1.62477128973055E-14));
#1681=CARTESIAN_POINT('',(0.0500000000096091,0.04915,1.62638999490043E-14));
#1682=CARTESIAN_POINT('',(-0.0500000000000001,0.04915,1.62638999490043E-14));
#1683=CARTESIAN_POINT('',(0.0500000000096091,0.049,8.67361732723393E-19));
#1684=CARTESIAN_POINT('',(-0.0500000000000001,0.049,8.67361732723393E-19));
#1685=CARTESIAN_POINT('',(-0.05,0.049,8.67361737988404E-19));
#1686=CARTESIAN_POINT('',(-0.05,0.049125,1.35533945177933E-14));
#1687=CARTESIAN_POINT('',(-0.05,0.0493932291666667,1.30208333497869E-5));
#1688=CARTESIAN_POINT('',(-0.05,0.0497799479166667,0.000220052083345515));
#1689=CARTESIAN_POINT('',(-0.05,0.0499869791666667,0.000606770833335267));
#1690=CARTESIAN_POINT('',(-0.05,0.05,0.000875000000000001));
#1691=CARTESIAN_POINT('',(-0.05,0.05,0.001));
#1692=CARTESIAN_POINT('',(-0.0499528763758171,0.0499999260413864,0.00100000000000006));
#1693=CARTESIAN_POINT('',(-0.052925608595235,0.0500277448716854,0.000999999999999598));
#1694=CARTESIAN_POINT('',(-0.0550277344762567,0.0479256084546032,0.00099999999999994));
#1695=CARTESIAN_POINT('',(-0.0549999007463707,0.044952876374653,0.00100000000000088));
#1696=CARTESIAN_POINT('',(-0.0499528763758171,0.0499999260413864,0.000850000000000063));
#1697=CARTESIAN_POINT('',(-0.052925608595235,0.0500277448716854,0.000849999999999598));
#1698=CARTESIAN_POINT('',(-0.0550277344762567,0.0479256084546032,0.000849999999999939));
#1699=CARTESIAN_POINT('',(-0.0549999007463707,0.0449528763746529,0.000850000000000884));
#1700=CARTESIAN_POINT('',(-0.0499528763758171,0.0499999260413864,0.000700000000000061));
#1701=CARTESIAN_POINT('',(-0.052925608595235,0.0500277448716854,0.000699999999999595));
#1702=CARTESIAN_POINT('',(-0.0550277344762567,0.0479256084546032,0.000699999999999937));
#1703=CARTESIAN_POINT('',(-0.0549999007463707,0.0449528763746529,0.000700000000000882));
#1704=CARTESIAN_POINT('',(-0.0499538121349183,0.0498999304197077,0.000333333333333396));
#1705=CARTESIAN_POINT('',(-0.0528670950765798,0.0499271929236218,0.000333333333332939));
#1706=CARTESIAN_POINT('',(-0.0549271822349196,0.0478670954399237,0.000333333333333274));
#1707=CARTESIAN_POINT('',(-0.0548999051293835,0.0449538126349408,0.0003333333333342));
#1708=CARTESIAN_POINT('',(-0.0499559955728213,0.0496666073024575,0.000100000000000062));
#1709=CARTESIAN_POINT('',(-0.052730563533051,0.0496925717114732,9.99999999996273E-5));
#1710=CARTESIAN_POINT('',(-0.0546925603384662,0.0477305650723382,9.99999999999465E-5));
#1711=CARTESIAN_POINT('',(-0.0546665820230798,0.0449559972422792,0.000100000000000828));
#1712=CARTESIAN_POINT('',(-0.049959426689526,0.0492999566896357,5.56797332345702E-17));
#1713=CARTESIAN_POINT('',(-0.0525160139646485,0.0493238812352396,-3.44839134204993E-16));
#1714=CARTESIAN_POINT('',(-0.0543238687868964,0.0475160173518468,-5.07479675009783E-17));
#1715=CARTESIAN_POINT('',(-0.0542999314274596,0.0449594301966682,7.61761427090297E-16));
#1716=CARTESIAN_POINT('',(-0.049960830328178,0.0491499632571177,5.35795735039498E-17));
#1717=CARTESIAN_POINT('',(-0.0524282436866658,0.0491730533131441,-3.32969171951814E-16));
#1718=CARTESIAN_POINT('',(-0.0541730404248906,0.0474282478298275,-4.91357724650213E-17));
#1719=CARTESIAN_POINT('',(-0.0541499380019787,0.0449608345871,7.35033245983702E-16));
#1720=CARTESIAN_POINT('',(-0.0499622339668299,0.0489999698245997,5.16745701643878E-17));
#1721=CARTESIAN_POINT('',(-0.052340473408683,0.0490222253910485,-3.20904053307582E-16));
#1722=CARTESIAN_POINT('',(-0.0540222120628848,0.0473404783078083,-4.73284210380187E-17));
#1723=CARTESIAN_POINT('',(-0.0539999445764977,0.0449622389775319,7.08500221268147E-16));
#1724=CARTESIAN_POINT('',(-0.0499622508105331,0.0489981698992058,5.16517100709239E-17));
#1725=CARTESIAN_POINT('',(-0.0523394201628874,0.0490204154517563,-3.20759271545719E-16));
#1726=CARTESIAN_POINT('',(-0.0540204021183137,0.0473394250710843,-4.73067327702435E-17));
#1727=CARTESIAN_POINT('',(-0.0539981446511883,0.0449622558302565,7.0818182422796E-16));
#1728=CARTESIAN_POINT('',(-0.0499622676542363,0.048996369973812,5.16288499774599E-17));
#1729=CARTESIAN_POINT('',(-0.0523383669170918,0.0490186055124642,-3.20614489783858E-16));
#1730=CARTESIAN_POINT('',(-0.0540185921737426,0.0473383718343603,-4.72850445024609E-17));
#1731=CARTESIAN_POINT('',(-0.0539963447258789,0.044962272682981,7.07863427187779E-16));
#1732=CARTESIAN_POINT('',(-0.0499622844979394,0.0489945700484181,5.16059898839959E-17));
#1733=CARTESIAN_POINT('',(-0.0523373136712962,0.049016795573172,-3.20469708021997E-16));
#1734=CARTESIAN_POINT('',(-0.0540167822291715,0.0473373185976363,-4.72633562346909E-17));
#1735=CARTESIAN_POINT('',(-0.0539945448005695,0.0449622895357055,7.07545030147586E-16));
#1736=CARTESIAN_POINT('',(-0.0499623013416426,0.0489927701230243,5.1583129790532E-17));
#1737=CARTESIAN_POINT('',(-0.0523362604255006,0.0490149856338798,-3.20324926260137E-16));
#1738=CARTESIAN_POINT('',(-0.0540149722846004,0.0473362653609123,-4.72416679669202E-17));
#1739=CARTESIAN_POINT('',(-0.0539927448752601,0.0449623063884301,7.07226633107393E-16));
#1740=CARTESIAN_POINT('',(-0.0499623181853457,0.0489909701976304,5.1560269697068E-17));
#1741=CARTESIAN_POINT('',(-0.052335207179705,0.0490131756945877,-3.20180144498276E-16));
#1742=CARTESIAN_POINT('',(-0.0540131623400293,0.0473352121241882,-4.72199796991402E-17));
#1743=CARTESIAN_POINT('',(-0.0539909449499507,0.0449623232411546,7.06908236067212E-16));
#1744=CARTESIAN_POINT('',(-0.0540001199050544,0.0450000019848397,3.64685710480258E-7));
#1745=CARTESIAN_POINT('',(-0.0540001147900404,0.0450667825403945,4.53682450176229E-9));
#1746=CARTESIAN_POINT('',(-0.0539984420337767,0.0451333801885382,3.95981427480633E-35));
#1747=CARTESIAN_POINT('',(-0.0539951016362634,0.045200007346868,-4.36690435680465E-39));
#1748=CARTESIAN_POINT('',(-0.0051564,-0.00880000000000018,0.00500000000000008));
#1749=CARTESIAN_POINT('',(-0.046,-0.00880000000000018,0.00500000000000008));
#1750=CARTESIAN_POINT('',(-0.0051564,-0.00880000000000018,0.00425000000000006));
#1751=CARTESIAN_POINT('',(-0.046,-0.00880000000000018,0.00425000000000006));
#1752=CARTESIAN_POINT('',(-0.0051564,-0.00880000000000019,0.00350000000000005));
#1753=CARTESIAN_POINT('',(-0.046,-0.00880000000000019,0.00350000000000005));
#1754=CARTESIAN_POINT('',(-0.0051564,-0.00930000000000021,0.00166666666666675));
#1755=CARTESIAN_POINT('',(-0.046,-0.00930000000000021,0.00166666666666675));
#1756=CARTESIAN_POINT('',(-0.0051564,-0.0104666666666668,0.000500000000000045));
#1757=CARTESIAN_POINT('',(-0.046,-0.0104666666666668,0.000500000000000045));
#1758=CARTESIAN_POINT('',(-0.0051564,-0.0123000000000001,1.80012255102114E-17));
#1759=CARTESIAN_POINT('',(-0.046,-0.0123000000000001,1.80012255102114E-17));
#1760=CARTESIAN_POINT('',(-0.0051564,-0.0130500000000002,-2.60208521396557E-19));
#1761=CARTESIAN_POINT('',(-0.046,-0.0130500000000002,-2.60208521396557E-19));
#1762=CARTESIAN_POINT('',(-0.0051564,-0.0138000000000002,-1.94133738394238E-32));
#1763=CARTESIAN_POINT('',(-0.046,-0.0138000000000002,-1.94133738394238E-32));
#1764=CARTESIAN_POINT('',(-0.0104,-0.00880000000000018,0.0050000000000001));
#1765=CARTESIAN_POINT('',(-0.0104,-0.00880000000000018,0.00474640409482902));
#1766=CARTESIAN_POINT('',(-0.010392545402082,-0.00880289801955055,0.00440862912750291));
#1767=CARTESIAN_POINT('',(-0.0103643351096722,-0.00883431872307005,0.00401553774921151));
#1768=CARTESIAN_POINT('',(-0.0103407652414718,-0.00885964743632513,0.00379707865120578));
#1769=CARTESIAN_POINT('',(-0.0102878901629121,-0.00891180529315911,0.00348150839403804));
#1770=CARTESIAN_POINT('',(-0.0102007276974369,-0.00899885134376827,0.00310035140076806));
#1771=CARTESIAN_POINT('',(-0.0100380891804975,-0.00916208357100139,0.00260355732733513));
#1772=CARTESIAN_POINT('',(-0.00982330718996776,-0.0093765415048914,0.00214696331165831));
#1773=CARTESIAN_POINT('',(-0.0095382774265598,-0.00966161429464241,0.00168662480431521));
#1774=CARTESIAN_POINT('',(-0.00925641055590409,-0.00994333336019087,0.00134965749616369));
#1775=CARTESIAN_POINT('',(-0.00902816040188855,-0.01017166922794,0.00113159711832153));
#1776=CARTESIAN_POINT('',(-0.00889773934449115,-0.0103022035464201,0.00101912520681783));
#1777=CARTESIAN_POINT('',(-0.00877557132499542,-0.0104244876127737,0.00092274031237528));
#1778=CARTESIAN_POINT('',(-0.00872869482632696,-0.0104711265316861,0.000888410083294242));
#1779=CARTESIAN_POINT('',(-0.00863110708655907,-0.0105677687175816,0.000818590789599415));
#1780=CARTESIAN_POINT('',(-0.00845487872336765,-0.0107414670693002,0.000702707387210233));
#1781=CARTESIAN_POINT('',(-0.00814498721920417,-0.0110482282377578,0.000525520575720778));
#1782=CARTESIAN_POINT('',(-0.00776279517200591,-0.0114327103693344,0.00035692376494148));
#1783=CARTESIAN_POINT('',(-0.00742488983857057,-0.0117741698938282,0.00023990439319324));
#1784=CARTESIAN_POINT('',(-0.00712215948236234,-0.0120779460235603,0.000157260826993406));
#1785=CARTESIAN_POINT('',(-0.00690661921919761,-0.012293899024713,0.000111039109417639));
#1786=CARTESIAN_POINT('',(-0.00659642252943945,-0.0126063961647941,5.64660527542749E-5));
#1787=CARTESIAN_POINT('',(-0.00608293510764847,-0.0131227054095978,1.44025315334438E-6));
#1788=CARTESIAN_POINT('',(-0.00566531632354117,-0.0135346836764586,-9.20500909980343E-20));
#1789=CARTESIAN_POINT('',(-0.0054,-0.0138,-1.05444664453881E-31));
#1790=CARTESIAN_POINT('',(-0.0104,0.045554,0.00500000000000002));
#1791=CARTESIAN_POINT('',(-0.0104,-0.014154,0.00500000000000002));
#1792=CARTESIAN_POINT('',(-0.0104,0.045554,0.00425000000000007));
#1793=CARTESIAN_POINT('',(-0.0104,-0.014154,0.00425000000000007));
#1794=CARTESIAN_POINT('',(-0.0104,0.045554,0.00350000000000017));
#1795=CARTESIAN_POINT('',(-0.0104,-0.014154,0.00350000000000017));
#1796=CARTESIAN_POINT('',(-0.00990000000000002,0.045554,0.0016666666666667));
#1797=CARTESIAN_POINT('',(-0.00990000000000002,-0.014154,0.0016666666666667));
#1798=CARTESIAN_POINT('',(-0.00873333333333329,0.0455540000000001,0.000500000000000015));
#1799=CARTESIAN_POINT('',(-0.00873333333333329,-0.014154,0.000500000000000015));
#1800=CARTESIAN_POINT('',(-0.00689999999999993,0.0455540000000001,-7.01007566720843E-18));
#1801=CARTESIAN_POINT('',(-0.00689999999999993,-0.014154,-7.01007566720843E-18));
#1802=CARTESIAN_POINT('',(-0.00615000000000002,0.0455540000000001,3.04748999161847E-18));
#1803=CARTESIAN_POINT('',(-0.00615000000000002,-0.014154,3.04748999161847E-18));
#1804=CARTESIAN_POINT('',(-0.00539999999999997,0.0455540000000001,6.63145136977945E-32));
#1805=CARTESIAN_POINT('',(-0.00539999999999997,-0.014154,6.63145136977945E-32));
#1806=CARTESIAN_POINT('',(-0.0104,0.0401999999999999,0.005));
#1807=CARTESIAN_POINT('',(-0.0104,0.0401999999999999,0.00474640409480528));
#1808=CARTESIAN_POINT('',(-0.0103971019804485,0.0402074545979176,0.00440862912746294));
#1809=CARTESIAN_POINT('',(-0.0103656812769261,0.0402356648903282,0.00401553774917649));
#1810=CARTESIAN_POINT('',(-0.0103403525636765,0.0402592347585261,0.00379707865121732));
#1811=CARTESIAN_POINT('',(-0.0102881947068392,0.0403121098370954,0.0034815083940267));
#1812=CARTESIAN_POINT('',(-0.0102011486562287,0.0403992723025727,0.00310035140075783));
#1813=CARTESIAN_POINT('',(-0.0100379164289986,0.0405619108195022,0.00260355732733597));
#1814=CARTESIAN_POINT('',(-0.00982345849511318,0.0407766928100217,0.00214696331166707));
#1815=CARTESIAN_POINT('',(-0.00953838570536524,0.0410617225734267,0.00168662480432547));
#1816=CARTESIAN_POINT('',(-0.00925666663981579,0.0413435894440855,0.00134965749617059));
#1817=CARTESIAN_POINT('',(-0.00902833077206508,0.0415718395981046,0.00113159711832582));
#1818=CARTESIAN_POINT('',(-0.00889779645358118,0.0417022606555069,0.00101912520681875));
#1819=CARTESIAN_POINT('',(-0.00877551238723042,0.0418244286750007,0.000922740312378164));
#1820=CARTESIAN_POINT('',(-0.00872887346829698,0.0418713051736903,0.000888410083281479));
#1821=CARTESIAN_POINT('',(-0.00863223128238439,0.0419688929134747,0.000818590789575548));
#1822=CARTESIAN_POINT('',(-0.00845853293063753,0.0421451212766919,0.000702707387170899));
#1823=CARTESIAN_POINT('',(-0.00815177176216129,0.0424550127808682,0.000525520575679888));
#1824=CARTESIAN_POINT('',(-0.00776728963059544,0.0428372048280545,0.000356923764915142));
#1825=CARTESIAN_POINT('',(-0.00742583010613732,0.043175110161458,0.000239904393183039));
#1826=CARTESIAN_POINT('',(-0.00712205397642958,0.043477840517648,0.000157260826991966));
#1827=CARTESIAN_POINT('',(-0.00690610097536187,0.0436933807807321,0.000111039109433365));
#1828=CARTESIAN_POINT('',(-0.00659360383533906,0.0440035774704352,5.64660527734878E-5));
#1829=CARTESIAN_POINT('',(-0.00607729459057811,0.0445170648921802,1.44025316111557E-6));
#1830=CARTESIAN_POINT('',(-0.00566531632363815,0.0449346836763618,1.07806512120059E-18));
#1831=CARTESIAN_POINT('',(-0.00539999999999996,0.0452,0.));
#1832=CARTESIAN_POINT('',(-0.0542917206244848,0.0401999999999996,0.00499999999999997));
#1833=CARTESIAN_POINT('',(-0.00510839928056963,0.0401999999999996,0.00499999999999997));
#1834=CARTESIAN_POINT('',(-0.0542917206244848,0.0401999999999996,0.00425000000000007));
#1835=CARTESIAN_POINT('',(-0.00510839928056963,0.0401999999999996,0.00425000000000007));
#1836=CARTESIAN_POINT('',(-0.0542917206244848,0.0401999999999996,0.0035));
#1837=CARTESIAN_POINT('',(-0.00510839928056963,0.0401999999999996,0.0035));
#1838=CARTESIAN_POINT('',(-0.0542917206244848,0.0407,0.00166666666666668));
#1839=CARTESIAN_POINT('',(-0.00510839928056963,0.0407,0.00166666666666668));
#1840=CARTESIAN_POINT('',(-0.0542917206244848,0.0418666666666666,0.000499999999999998));
#1841=CARTESIAN_POINT('',(-0.00510839928056963,0.0418666666666666,0.000499999999999998));
#1842=CARTESIAN_POINT('',(-0.0542917206244848,0.0436999999999993,-1.95156391047389E-19));
#1843=CARTESIAN_POINT('',(-0.00510839928056963,0.0436999999999993,-1.95156391047389E-19));
#1844=CARTESIAN_POINT('',(-0.0542917206244848,0.0444499999999992,4.45792421347503E-34));
#1845=CARTESIAN_POINT('',(-0.00510839928056963,0.0444499999999992,4.45792421347503E-34));
#1846=CARTESIAN_POINT('',(-0.0542917206244848,0.0451999999999995,0.));
#1847=CARTESIAN_POINT('',(-0.00510839928056963,0.0451999999999995,0.));
#1848=CARTESIAN_POINT('',(-0.0542917206244848,0.0452090014781894,-5.3503876773266E-36));
#1849=CARTESIAN_POINT('',(-0.00510839928056962,0.0452090014781894,-5.3503876773266E-36));
#1850=CARTESIAN_POINT('',(-0.0542917206244848,0.0452180029563794,-1.07007753546532E-35));
#1851=CARTESIAN_POINT('',(-0.00510839928056962,0.0452180029563794,-1.07007753546532E-35));
#1852=CARTESIAN_POINT('',(-0.0542917206244848,0.0452270044345693,-1.60511630319798E-35));
#1853=CARTESIAN_POINT('',(-0.00510839928056961,0.0452270044345693,-1.60511630319798E-35));
#1854=CARTESIAN_POINT('',(-0.0542917206244847,0.0452360059127592,-2.14015507093064E-35));
#1855=CARTESIAN_POINT('',(-0.0051083992805696,0.0452360059127592,-2.14015507093064E-35));
#1856=CARTESIAN_POINT('',(-0.0542917206244847,0.0452450073909492,-2.6751938386633E-35));
#1857=CARTESIAN_POINT('',(-0.00510839928056959,0.0452450073909492,-2.6751938386633E-35));
#1858=CARTESIAN_POINT('',(0.046,-0.0177,0.000999999999999994));
#1859=CARTESIAN_POINT('',(-0.002288,-0.0177,0.000999999999999994));
#1860=CARTESIAN_POINT('',(0.046,-0.0177,0.000849999999999998));
#1861=CARTESIAN_POINT('',(-0.002288,-0.0177,0.000849999999999998));
#1862=CARTESIAN_POINT('',(0.046,-0.0177,0.00070000000000001));
#1863=CARTESIAN_POINT('',(-0.00228800000000001,-0.0177,0.00070000000000001));
#1864=CARTESIAN_POINT('',(0.046,-0.0178,0.000333333333333337));
#1865=CARTESIAN_POINT('',(-0.00228800000000001,-0.0178,0.000333333333333337));
#1866=CARTESIAN_POINT('',(0.046,-0.0180333333333334,0.000100000000000002));
#1867=CARTESIAN_POINT('',(-0.00228800000000001,-0.0180333333333334,0.000100000000000002));
#1868=CARTESIAN_POINT('',(0.046,-0.0184,0.));
#1869=CARTESIAN_POINT('',(-0.002288,-0.0184,0.));
#1870=CARTESIAN_POINT('',(0.046,-0.0185500000000003,0.));
#1871=CARTESIAN_POINT('',(-0.002288,-0.0185500000000003,0.));
#1872=CARTESIAN_POINT('',(0.046,-0.0187,0.));
#1873=CARTESIAN_POINT('',(-0.002288,-0.0187,0.));
#1874=CARTESIAN_POINT('',(-0.002,-0.0187,4.99723230781866E-44));
#1875=CARTESIAN_POINT('',(-0.0018938367329701,-0.01859383673297,4.57274826587814E-31));
#1876=CARTESIAN_POINT('',(-0.00173581428574563,-0.0184370411917157,-3.49784467459723E-6));
#1877=CARTESIAN_POINT('',(-0.00147715292805088,-0.0181755170534243,8.90248283385334E-5));
#1878=CARTESIAN_POINT('',(-0.00137655189349167,-0.0180759759812105,0.000148462418074192));
#1879=CARTESIAN_POINT('',(-0.00133289789374875,-0.0180330680979695,0.00017628486041162));
#1880=CARTESIAN_POINT('',(-0.00123991009275842,-0.0179398051881567,0.000255560601977265));
#1881=CARTESIAN_POINT('',(-0.00115283012098944,-0.0178528279030766,0.000361445359651256));
#1882=CARTESIAN_POINT('',(-0.00103193289018419,-0.0177319345536189,0.000578282411709502));
#1883=CARTESIAN_POINT('',(-0.001,-0.0177,0.000813652052954176));
#1884=CARTESIAN_POINT('',(-0.001,-0.0177,0.000999999999999991));
#1885=CARTESIAN_POINT('',(-0.00100000000000001,-0.0190882,0.00100000000000001));
#1886=CARTESIAN_POINT('',(-0.00100000000000001,0.0463882000000001,0.00100000000000001));
#1887=CARTESIAN_POINT('',(-0.00100000000000001,-0.0190882,0.000849999999999998));
#1888=CARTESIAN_POINT('',(-0.00100000000000001,0.0463882000000001,0.000849999999999998));
#1889=CARTESIAN_POINT('',(-0.00100000000000001,-0.0190882,0.000700000000000004));
#1890=CARTESIAN_POINT('',(-0.00100000000000001,0.0463882000000001,0.000700000000000004));
#1891=CARTESIAN_POINT('',(-0.00110000000000001,-0.0190882,0.000333333333333334));
#1892=CARTESIAN_POINT('',(-0.00110000000000001,0.0463882000000001,0.000333333333333334));
#1893=CARTESIAN_POINT('',(-0.00133333333333334,-0.0190882,0.000100000000000002));
#1894=CARTESIAN_POINT('',(-0.00133333333333334,0.0463882000000001,0.000100000000000002));
#1895=CARTESIAN_POINT('',(-0.00170000000000001,-0.0190882,1.18433908513609E-18));
#1896=CARTESIAN_POINT('',(-0.00170000000000001,0.0463882000000001,1.18433908513609E-18));
#1897=CARTESIAN_POINT('',(-0.00185000000000001,-0.0190882,-1.71228015428562E-31));
#1898=CARTESIAN_POINT('',(-0.00185000000000001,0.0463882000000001,-1.71228015428562E-31));
#1899=CARTESIAN_POINT('',(-0.00200000000000002,-0.0190882,-4.28220642706572E-45));
#1900=CARTESIAN_POINT('',(-0.00200000000000002,0.0463882000000001,-4.28220642706572E-45));
#1901=CARTESIAN_POINT('',(-0.00199999999999998,0.046,3.36497361235658E-44));
#1902=CARTESIAN_POINT('',(-0.00189383673309235,0.0458938367330985,5.06316808626491E-31));
#1903=CARTESIAN_POINT('',(-0.00173704119167653,0.0457358142857021,-3.49784467020994E-6));
#1904=CARTESIAN_POINT('',(-0.00147551705344068,0.0454771529280715,8.90248283326883E-5));
#1905=CARTESIAN_POINT('',(-0.0013759759812196,0.0453765518935044,0.000148462418067558));
#1906=CARTESIAN_POINT('',(-0.0013330680979662,0.0453328978937464,0.000176284860414175));
#1907=CARTESIAN_POINT('',(-0.00123980518816061,0.0452399100927549,0.000255560601973745));
#1908=CARTESIAN_POINT('',(-0.00115282790307931,0.045152830120983,0.000361445359646786));
#1909=CARTESIAN_POINT('',(-0.00103193455361679,0.045031932890189,0.000578282411708379));
#1910=CARTESIAN_POINT('',(-0.00100000000000001,0.045,0.000813652052974837));
#1911=CARTESIAN_POINT('',(-0.00100000000000001,0.045,0.00100000000000001));
#1912=CARTESIAN_POINT('',(-0.00229399958390585,0.0450000000000004,0.00100000000000001));
#1913=CARTESIAN_POINT('',(0.0472939302348838,0.0450000000000004,0.00100000000000001));
#1914=CARTESIAN_POINT('',(-0.00229399958390585,0.0450000000000004,0.000850000000000013));
#1915=CARTESIAN_POINT('',(0.0472939302348838,0.0450000000000004,0.000850000000000013));
#1916=CARTESIAN_POINT('',(-0.00229399958390585,0.0450000000000004,0.000700000000000013));
#1917=CARTESIAN_POINT('',(0.0472939302348838,0.0450000000000004,0.000700000000000013));
#1918=CARTESIAN_POINT('',(-0.00229399958390585,0.0451000000000006,0.00033333333333352));
#1919=CARTESIAN_POINT('',(0.0472939302348838,0.0451000000000006,0.00033333333333352));
#1920=CARTESIAN_POINT('',(-0.00229399958390585,0.0453333333333338,0.000100000000000115));
#1921=CARTESIAN_POINT('',(0.0472939302348838,0.0453333333333338,0.000100000000000115));
#1922=CARTESIAN_POINT('',(-0.00229399958390585,0.0457000000000007,4.97324403880781E-17));
#1923=CARTESIAN_POINT('',(0.0472939302348838,0.0457000000000007,4.97324403880901E-17));
#1924=CARTESIAN_POINT('',(-0.00229399958390585,0.0458500000000005,1.04083408558059E-18));
#1925=CARTESIAN_POINT('',(0.0472939302348838,0.0458500000000005,1.04083408559261E-18));
#1926=CARTESIAN_POINT('',(-0.00229399958390585,0.0460000000000006,-5.51162870048814E-30));
#1927=CARTESIAN_POINT('',(0.0472939302348838,0.0460000000000006,6.50664233330269E-30));
#1928=CARTESIAN_POINT('',(0.0469999306509777,0.046,0.));
#1929=CARTESIAN_POINT('',(0.0468849068736845,0.0458849762227212,-7.98137787063929E-19));
#1930=CARTESIAN_POINT('',(0.046653466987796,0.0456535363368122,1.20140090848938E-5));
#1931=CARTESIAN_POINT('',(0.0463140971902304,0.0453141665392549,0.00015077619206349));
#1932=CARTESIAN_POINT('',(0.0460377817183923,0.0450378510674141,0.000494043684358689));
#1933=CARTESIAN_POINT('',(0.0459999306509777,0.045,0.00083403395302642));
#1934=CARTESIAN_POINT('',(0.0459999306509777,0.045,0.001));
#1935=CARTESIAN_POINT('',(0.0459999306509778,0.0460060000000001,0.00100900000000003));
#1936=CARTESIAN_POINT('',(0.0459999306509778,0.045,0.00100900000000003));
#1937=CARTESIAN_POINT('',(0.0459999306509778,0.0460060000000001,0.00100720000000002));
#1938=CARTESIAN_POINT('',(0.0459999306509778,0.045,0.00100720000000002));
#1939=CARTESIAN_POINT('',(0.0459999306509778,0.0460060000000001,0.00100540000000002));
#1940=CARTESIAN_POINT('',(0.0459999306509778,0.045,0.00100540000000002));
#1941=CARTESIAN_POINT('',(0.0459999306509778,0.0460060000000001,0.00100360000000001));
#1942=CARTESIAN_POINT('',(0.0459999306509778,0.045,0.00100360000000001));
#1943=CARTESIAN_POINT('',(0.0459999306509778,0.0460060000000001,0.00100180000000001));
#1944=CARTESIAN_POINT('',(0.0459999306509778,0.045,0.00100180000000001));
#1945=CARTESIAN_POINT('',(0.0459999306509778,0.0460060000000001,0.00100000000000001));
#1946=CARTESIAN_POINT('',(0.0459999306509778,0.045,0.00100000000000001));
#1947=CARTESIAN_POINT('',(0.0459999306509778,0.0460060000000001,0.000849999999999988));
#1948=CARTESIAN_POINT('',(0.0459999306509778,0.045,0.000849999999999988));
#1949=CARTESIAN_POINT('',(0.0459999306509778,0.0460060000000001,0.000699999999999984));
#1950=CARTESIAN_POINT('',(0.0459999306509778,0.045,0.000699999999999984));
#1951=CARTESIAN_POINT('',(0.0460999306509775,0.0460060000000001,0.000333333333333266));
#1952=CARTESIAN_POINT('',(0.0460999306509775,0.045,0.000333333333333266));
#1953=CARTESIAN_POINT('',(0.0463332639843107,0.0460060000000001,9.99999999999547E-5));
#1954=CARTESIAN_POINT('',(0.0463332639843107,0.045,9.99999999999547E-5));
#1955=CARTESIAN_POINT('',(0.0466999306509772,0.0460060000000001,-1.8268719870206E-17));
#1956=CARTESIAN_POINT('',(0.0466999306509772,0.045,-1.8268719870206E-17));
#1957=CARTESIAN_POINT('',(0.0468499306509778,0.0460060000000001,-1.04083408558573E-18));
#1958=CARTESIAN_POINT('',(0.0468499306509778,0.045,-1.04083408558573E-18));
#1959=CARTESIAN_POINT('',(0.0469999306509775,0.0460060000000001,3.36960703069985E-31));
#1960=CARTESIAN_POINT('',(0.0469999306509775,0.045,3.36960703069985E-31));
#1961=MECHANICAL_DESIGN_GEOMETRIC_PRESENTATION_REPRESENTATION('',(#783),
#1962);
#1962=(
GEOMETRIC_REPRESENTATION_CONTEXT(3)
GLOBAL_UNCERTAINTY_ASSIGNED_CONTEXT((#1963))
GLOBAL_UNIT_ASSIGNED_CONTEXT((#1966,#1965,#1964))
REPRESENTATION_CONTEXT('Back Case','TOP_LEVEL_ASSEMBLY_PART')
);
#1963=UNCERTAINTY_MEASURE_WITH_UNIT(LENGTH_MEASURE(2.E-5),#1966,
'DISTANCE_ACCURACY_VALUE','Maximum Tolerance applied to model');
#1964=(
NAMED_UNIT(*)
SI_UNIT($,.STERADIAN.)
SOLID_ANGLE_UNIT()
);
#1965=(
NAMED_UNIT(*)
PLANE_ANGLE_UNIT()
SI_UNIT($,.RADIAN.)
);
#1966=(
LENGTH_UNIT()
NAMED_UNIT(*)
SI_UNIT($,.METRE.)
);
#1967=PRODUCT_DEFINITION_SHAPE('','',#1968);
#1968=PRODUCT_DEFINITION('','',#1970,#1969);
#1969=PRODUCT_DEFINITION_CONTEXT('',#1976,'design');
#1970=PRODUCT_DEFINITION_FORMATION_WITH_SPECIFIED_SOURCE('','',#1972,
 .NOT_KNOWN.);
#1971=PRODUCT_RELATED_PRODUCT_CATEGORY('','',(#1972));
#1972=PRODUCT('Back Case','Back Case','Back Case',(#1974));
#1973=PRODUCT_CATEGORY('','');
#1974=PRODUCT_CONTEXT('',#1976,'mechanical');
#1975=APPLICATION_PROTOCOL_DEFINITION('international standard',
'ap242_managed_model_based_3d_engineering',2020,#1976);
#1976=APPLICATION_CONTEXT('managed model based 3d engineering');
ENDSEC;
END-ISO-10303-21;
