ISO-10303-21;
HEADER;
/* Generated by software containing ST-Developer
 * from STEP Tools, Inc. (www.steptools.com) 
 */
/* OPTION: using custom renumber hook */

FILE_DESCRIPTION(
/* description */ ('STEP AP242 Edition 2',
'CAx-IF Rec.Pracs.---Representation and Presentation of Product Manufa
cturing Information (PMI)---4.0---2014-10-13',
'CAx-IF Rec.Pracs.---3D Tessellated Geometry---0.4---2014-09-14','2;1',
'CAx-IF Rec.Pracs.---User Defined Attributes---1.5---2016-08-15'),
/* implementation_level */ '2;1');

FILE_NAME(
/* name */ 'Encoder Knob',
/* time_stamp */ '2026-06-05T22:14:35Z',
/* author */ (''),
/* organization */ (''),
/* preprocessor_version */ 'ST-DEVELOPER v20',
/* originating_system */ 'ONSHAPE BY PTC INC, 1.216',
/* authorisation */ '  ');

FILE_SCHEMA (('AP242_MANAGED_MODEL_BASED_3D_ENGINEERING_MIM_LF { 1 0 10303 442 3 1 4 }'));
ENDSEC;

DATA;
#10=SHAPE_REPRESENTATION_RELATIONSHIP('','',#140,#11);
#11=ADVANCED_BREP_SHAPE_REPRESENTATION('',(#138),#1210);
#12=B_SPLINE_SURFACE_WITH_KNOTS('',3,3,((#279,#280,#281,#282,#283,#284,
#285,#286,#287,#288,#289,#290,#291,#292,#293,#294,#295,#296,#297,#298,#299,
#300,#301,#302,#303,#304,#305,#306,#307,#308,#309,#310,#311,#312,#313,#314,
#315),(#316,#317,#318,#319,#320,#321,#322,#323,#324,#325,#326,#327,#328,
#329,#330,#331,#332,#333,#334,#335,#336,#337,#338,#339,#340,#341,#342,#343,
#344,#345,#346,#347,#348,#349,#350,#351,#352),(#353,#354,#355,#356,#357,
#358,#359,#360,#361,#362,#363,#364,#365,#366,#367,#368,#369,#370,#371,#372,
#373,#374,#375,#376,#377,#378,#379,#380,#381,#382,#383,#384,#385,#386,#387,
#388,#389),(#390,#391,#392,#393,#394,#395,#396,#397,#398,#399,#400,#401,
#402,#403,#404,#405,#406,#407,#408,#409,#410,#411,#412,#413,#414,#415,#416,
#417,#418,#419,#420,#421,#422,#423,#424,#425,#426),(#427,#428,#429,#430,
#431,#432,#433,#434,#435,#436,#437,#438,#439,#440,#441,#442,#443,#444,#445,
#446,#447,#448,#449,#450,#451,#452,#453,#454,#455,#456,#457,#458,#459,#460,
#461,#462,#463),(#464,#465,#466,#467,#468,#469,#470,#471,#472,#473,#474,
#475,#476,#477,#478,#479,#480,#481,#482,#483,#484,#485,#486,#487,#488,#489,
#490,#491,#492,#493,#494,#495,#496,#497,#498,#499,#500),(#501,#502,#503,
#504,#505,#506,#507,#508,#509,#510,#511,#512,#513,#514,#515,#516,#517,#518,
#519,#520,#521,#522,#523,#524,#525,#526,#527,#528,#529,#530,#531,#532,#533,
#534,#535,#536,#537),(#538,#539,#540,#541,#542,#543,#544,#545,#546,#547,
#548,#549,#550,#551,#552,#553,#554,#555,#556,#557,#558,#559,#560,#561,#562,
#563,#564,#565,#566,#567,#568,#569,#570,#571,#572,#573,#574),(#575,#576,
#577,#578,#579,#580,#581,#582,#583,#584,#585,#586,#587,#588,#589,#590,#591,
#592,#593,#594,#595,#596,#597,#598,#599,#600,#601,#602,#603,#604,#605,#606,
#607,#608,#609,#610,#611),(#612,#613,#614,#615,#616,#617,#618,#619,#620,
#621,#622,#623,#624,#625,#626,#627,#628,#629,#630,#631,#632,#633,#634,#635,
#636,#637,#638,#639,#640,#641,#642,#643,#644,#645,#646,#647,#648),(#649,
#650,#651,#652,#653,#654,#655,#656,#657,#658,#659,#660,#661,#662,#663,#664,
#665,#666,#667,#668,#669,#670,#671,#672,#673,#674,#675,#676,#677,#678,#679,
#680,#681,#682,#683,#684,#685),(#686,#687,#688,#689,#690,#691,#692,#693,
#694,#695,#696,#697,#698,#699,#700,#701,#702,#703,#704,#705,#706,#707,#708,
#709,#710,#711,#712,#713,#714,#715,#716,#717,#718,#719,#720,#721,#722),
(#723,#724,#725,#726,#727,#728,#729,#730,#731,#732,#733,#734,#735,#736,
#737,#738,#739,#740,#741,#742,#743,#744,#745,#746,#747,#748,#749,#750,#751,
#752,#753,#754,#755,#756,#757,#758,#759),(#760,#761,#762,#763,#764,#765,
#766,#767,#768,#769,#770,#771,#772,#773,#774,#775,#776,#777,#778,#779,#780,
#781,#782,#783,#784,#785,#786,#787,#788,#789,#790,#791,#792,#793,#794,#795,
#796),(#797,#798,#799,#800,#801,#802,#803,#804,#805,#806,#807,#808,#809,
#810,#811,#812,#813,#814,#815,#816,#817,#818,#819,#820,#821,#822,#823,#824,
#825,#826,#827,#828,#829,#830,#831,#832,#833),(#834,#835,#836,#837,#838,
#839,#840,#841,#842,#843,#844,#845,#846,#847,#848,#849,#850,#851,#852,#853,
#854,#855,#856,#857,#858,#859,#860,#861,#862,#863,#864,#865,#866,#867,#868,
#869,#870),(#871,#872,#873,#874,#875,#876,#877,#878,#879,#880,#881,#882,
#883,#884,#885,#886,#887,#888,#889,#890,#891,#892,#893,#894,#895,#896,#897,
#898,#899,#900,#901,#902,#903,#904,#905,#906,#907),(#908,#909,#910,#911,
#912,#913,#914,#915,#916,#917,#918,#919,#920,#921,#922,#923,#924,#925,#926,
#927,#928,#929,#930,#931,#932,#933,#934,#935,#936,#937,#938,#939,#940,#941,
#942,#943,#944),(#945,#946,#947,#948,#949,#950,#951,#952,#953,#954,#955,
#956,#957,#958,#959,#960,#961,#962,#963,#964,#965,#966,#967,#968,#969,#970,
#971,#972,#973,#974,#975,#976,#977,#978,#979,#980,#981)),.UNSPECIFIED.,
 .F.,.F.,.F.,(4,1,1,1,2,2,2,2,2,2,4),(4,2,2,2,2,2,2,2,2,1,2,2,2,2,2,2,2,
2,4),(0.,0.0625,0.125,0.1875,0.25,0.375,0.5,0.625,0.75,0.875,1.),(0.281050213193881,
0.63861801824337,0.817401920768115,1.1749697258176,1.35375362834235,1.71132143339184,
1.89010533591658,2.42645704349082,2.78402484854031,3.1415926535898,3.49916045863929,
3.85672826368877,4.39307997126301,4.57186387378775,4.92943167883724,5.10821558136199,
5.46578338641148,5.64456728893622,6.00213509398571),.UNSPECIFIED.);
#13=B_SPLINE_SURFACE_WITH_KNOTS('',5,1,((#1003,#1004),(#1005,#1006),(#1007,
#1008),(#1009,#1010),(#1011,#1012),(#1013,#1014),(#1015,#1016),(#1017,#1018)),
 .SURF_OF_LINEAR_EXTRUSION.,.F.,.F.,.F.,(6,2,6),(2,2),(0.,0.5,1.),(0.,1.),
 .UNSPECIFIED.);
#14=B_SPLINE_SURFACE_WITH_KNOTS('',3,3,((#1019,#1020,#1021,#1022,#1023,
#1024,#1025,#1026,#1027,#1028,#1029,#1030,#1031,#1032,#1033,#1034,#1035,
#1036,#1037),(#1038,#1039,#1040,#1041,#1042,#1043,#1044,#1045,#1046,#1047,
#1048,#1049,#1050,#1051,#1052,#1053,#1054,#1055,#1056),(#1057,#1058,#1059,
#1060,#1061,#1062,#1063,#1064,#1065,#1066,#1067,#1068,#1069,#1070,#1071,
#1072,#1073,#1074,#1075),(#1076,#1077,#1078,#1079,#1080,#1081,#1082,#1083,
#1084,#1085,#1086,#1087,#1088,#1089,#1090,#1091,#1092,#1093,#1094),(#1095,
#1096,#1097,#1098,#1099,#1100,#1101,#1102,#1103,#1104,#1105,#1106,#1107,
#1108,#1109,#1110,#1111,#1112,#1113)),.UNSPECIFIED.,.F.,.T.,.F.,(4,1,4),
(1,1,1,1,1,1,1,1,1,1,1,1,1,1,1,1,1,1,1,1,1,1,1),(-0.00600002750515186,0.496999986247424,
1.),(-1.17809724509617,-0.785398163397448,-0.392699081698725,0.,0.392699081698724,
0.785398163397448,1.17809724509617,1.5707963267949,1.96349540849362,2.35619449019234,
2.74889357189107,3.14159265358979,3.53429173528852,3.92699081698724,4.31968989868597,
4.71238898038469,5.10508806208341,5.49778714378214,5.89048622548086,6.28318530717959,
6.67588438887831,7.06858347057703,7.46128255227576),.UNSPECIFIED.);
#15=B_SPLINE_SURFACE_WITH_KNOTS('',3,3,((#1114,#1115,#1116,#1117,#1118,
#1119,#1120,#1121,#1122,#1123,#1124,#1125,#1126,#1127,#1128,#1129,#1130,
#1131,#1132),(#1133,#1134,#1135,#1136,#1137,#1138,#1139,#1140,#1141,#1142,
#1143,#1144,#1145,#1146,#1147,#1148,#1149,#1150,#1151),(#1152,#1153,#1154,
#1155,#1156,#1157,#1158,#1159,#1160,#1161,#1162,#1163,#1164,#1165,#1166,
#1167,#1168,#1169,#1170),(#1171,#1172,#1173,#1174,#1175,#1176,#1177,#1178,
#1179,#1180,#1181,#1182,#1183,#1184,#1185,#1186,#1187,#1188,#1189),(#1190,
#1191,#1192,#1193,#1194,#1195,#1196,#1197,#1198,#1199,#1200,#1201,#1202,
#1203,#1204,#1205,#1206,#1207,#1208)),.UNSPECIFIED.,.F.,.T.,.F.,(4,1,4),
(1,1,1,1,1,1,1,1,1,1,1,1,1,1,1,1,1,1,1,1,1,1,1),(0.,0.503000013752576,1.00600002750515),
(-1.17809724509617,-0.785398163397448,-0.392699081698725,0.,0.392699081698724,
0.785398163397448,1.17809724509617,1.5707963267949,1.96349540849362,2.35619449019234,
2.74889357189107,3.14159265358979,3.53429173528852,3.92699081698724,4.31968989868597,
4.71238898038469,5.10508806208341,5.49778714378214,5.89048622548086,6.28318530717959,
6.67588438887831,7.06858347057703,7.46128255227576),.UNSPECIFIED.);
#16=CIRCLE('',#147,0.003);
#17=LINE('',#254,#20);
#18=LINE('',#262,#21);
#19=LINE('',#264,#22);
#20=VECTOR('',#159,1.);
#21=VECTOR('',#160,1.);
#22=VECTOR('',#161,1.);
#23=CYLINDRICAL_SURFACE('',#143,0.005);
#24=CYLINDRICAL_SURFACE('',#146,0.003);
#25=ORIENTED_EDGE('',*,*,#53,.T.);
#26=ORIENTED_EDGE('',*,*,#54,.T.);
#27=ORIENTED_EDGE('',*,*,#55,.T.);
#28=ORIENTED_EDGE('',*,*,#56,.T.);
#29=ORIENTED_EDGE('',*,*,#57,.T.);
#30=ORIENTED_EDGE('',*,*,#58,.T.);
#31=ORIENTED_EDGE('',*,*,#59,.T.);
#32=ORIENTED_EDGE('',*,*,#60,.T.);
#33=ORIENTED_EDGE('',*,*,#61,.F.);
#34=ORIENTED_EDGE('',*,*,#62,.F.);
#35=ORIENTED_EDGE('',*,*,#61,.T.);
#36=ORIENTED_EDGE('',*,*,#63,.T.);
#37=ORIENTED_EDGE('',*,*,#59,.F.);
#38=ORIENTED_EDGE('',*,*,#64,.T.);
#39=ORIENTED_EDGE('',*,*,#62,.T.);
#40=ORIENTED_EDGE('',*,*,#64,.F.);
#41=ORIENTED_EDGE('',*,*,#65,.F.);
#42=ORIENTED_EDGE('',*,*,#53,.F.);
#43=ORIENTED_EDGE('',*,*,#66,.F.);
#44=ORIENTED_EDGE('',*,*,#63,.F.);
#45=ORIENTED_EDGE('',*,*,#66,.T.);
#46=ORIENTED_EDGE('',*,*,#54,.F.);
#47=ORIENTED_EDGE('',*,*,#65,.T.);
#48=ORIENTED_EDGE('',*,*,#60,.F.);
#49=ORIENTED_EDGE('',*,*,#56,.F.);
#50=ORIENTED_EDGE('',*,*,#58,.F.);
#51=ORIENTED_EDGE('',*,*,#55,.F.);
#52=ORIENTED_EDGE('',*,*,#57,.F.);
#53=EDGE_CURVE('',#67,#68,#77,.T.);
#54=EDGE_CURVE('',#68,#67,#78,.T.);
#55=EDGE_CURVE('',#69,#69,#79,.T.);
#56=EDGE_CURVE('',#70,#70,#80,.T.);
#57=EDGE_CURVE('',#71,#71,#81,.T.);
#58=EDGE_CURVE('',#72,#72,#82,.T.);
#59=EDGE_CURVE('',#73,#74,#17,.T.);
#60=EDGE_CURVE('',#74,#75,#83,.T.);
#61=EDGE_CURVE('',#76,#75,#18,.T.);
#62=EDGE_CURVE('',#73,#76,#19,.T.);
#63=EDGE_CURVE('',#75,#74,#84,.T.);
#64=EDGE_CURVE('',#73,#76,#16,.T.);
#65=EDGE_CURVE('',#68,#75,#85,.T.);
#66=EDGE_CURVE('',#74,#67,#86,.T.);
#67=VERTEX_POINT('',#181);
#68=VERTEX_POINT('',#182);
#69=VERTEX_POINT('',#206);
#70=VERTEX_POINT('',#219);
#71=VERTEX_POINT('',#231);
#72=VERTEX_POINT('',#252);
#73=VERTEX_POINT('',#255);
#74=VERTEX_POINT('',#256);
#75=VERTEX_POINT('',#261);
#76=VERTEX_POINT('',#263);
#77=B_SPLINE_CURVE_WITH_KNOTS('',3,(#170,#171,#172,#173,#174,#175,#176,
#177,#178,#179,#180),.UNSPECIFIED.,.F.,.F.,(4,1,1,1,1,1,1,1,4),(0.,0.125,
0.25,0.375,0.5,0.625,0.75,0.875,1.),.UNSPECIFIED.);
#78=B_SPLINE_CURVE_WITH_KNOTS('',3,(#183,#184,#185,#186),.UNSPECIFIED.,
 .F.,.F.,(4,4),(7.53652395649033E-6,0.999992442373881),.UNSPECIFIED.);
#79=B_SPLINE_CURVE_WITH_KNOTS('',3,(#187,#188,#189,#190,#191,#192,#193,
#194,#195,#196,#197,#198,#199,#200,#201,#202,#203,#204,#205),
 .UNSPECIFIED.,.T.,.F.,(1,1,1,1,1,1,1,1,1,1,1,1,1,1,1,1,1,1,1,1,1,1,1),
(-0.190789473684211,-0.128289473684211,-0.0657894736842105,0.,0.059375,
0.12171875,0.1842109375,0.246710546875,0.30921052734375,0.371710526367187,
0.434210526318359,0.496710526315918,0.559210526315796,0.62171052631579,
0.684210526315789,0.746710526315789,0.809210526315789,0.871710526315789,
0.934210526315789,1.,1.059375,1.12171875,1.1842109375),.UNSPECIFIED.);
#80=B_SPLINE_CURVE_WITH_KNOTS('',3,(#208,#209,#210,#211,#212,#213,#214,
#215,#216,#217,#218),.UNSPECIFIED.,.T.,.F.,(1,1,1,1,1,1,1,1,1,1,1,1,1,1,
1),(-0.375,-0.25,-0.125,0.,0.125,0.25,0.375,0.5,0.625,0.75,0.875,1.,1.125,
1.25,1.375),.UNSPECIFIED.);
#81=B_SPLINE_CURVE_WITH_KNOTS('',3,(#220,#221,#222,#223,#224,#225,#226,
#227,#228,#229,#230),.UNSPECIFIED.,.T.,.F.,(1,1,1,1,1,1,1,1,1,1,1,1,1,1,
1),(-0.375,-0.25,-0.125,0.,0.125,0.25,0.375,0.5,0.625,0.75,0.875,1.,1.125,
1.25,1.375),.UNSPECIFIED.);
#82=B_SPLINE_CURVE_WITH_KNOTS('',3,(#233,#234,#235,#236,#237,#238,#239,
#240,#241,#242,#243,#244,#245,#246,#247,#248,#249,#250,#251),
 .UNSPECIFIED.,.T.,.F.,(1,1,1,1,1,1,1,1,1,1,1,1,1,1,1,1,1,1,1,1,1,1,1),
(-0.190789473684211,-0.128289473684211,-0.0657894736842105,0.,0.059375,
0.12171875,0.1842109375,0.246710546875,0.30921052734375,0.371710526367187,
0.434210526318359,0.496710526315918,0.559210526315796,0.62171052631579,
0.684210526315789,0.746710526315789,0.809210526315789,0.871710526315789,
0.934210526315789,1.,1.059375,1.12171875,1.1842109375),.UNSPECIFIED.);
#83=B_SPLINE_CURVE_WITH_KNOTS('',3,(#257,#258,#259,#260),.UNSPECIFIED.,
 .F.,.F.,(4,4),(0.,1.),.UNSPECIFIED.);
#84=B_SPLINE_CURVE_WITH_KNOTS('',3,(#266,#267,#268,#269,#270,#271,#272,
#273,#274,#275,#276),.UNSPECIFIED.,.F.,.F.,(4,1,1,1,1,1,1,1,4),(5.34906668633418E-7,
0.125000468043335,0.250000401180001,0.375000334316668,0.500000267453334,
0.625000200590001,0.750000133726667,0.875000066863334,1.),.UNSPECIFIED.);
#85=B_SPLINE_CURVE_WITH_KNOTS('',3,(#982,#983,#984,#985,#986,#987,#988,
#989,#990,#991,#992),.UNSPECIFIED.,.F.,.F.,(4,1,1,1,1,1,1,1,4),(0.,0.125,
0.1875,0.25,0.3125,0.375,0.5,0.75,1.),.UNSPECIFIED.);
#86=B_SPLINE_CURVE_WITH_KNOTS('',3,(#993,#994,#995,#996,#997,#998,#999,
#1000,#1001,#1002),.UNSPECIFIED.,.F.,.F.,(4,1,1,1,1,1,1,4),(0.,0.25,0.5,
0.625,0.75,0.8125,0.875,1.),.UNSPECIFIED.);
#87=EDGE_LOOP('',(#25,#26));
#88=EDGE_LOOP('',(#27));
#89=EDGE_LOOP('',(#28));
#90=EDGE_LOOP('',(#29));
#91=EDGE_LOOP('',(#30));
#92=EDGE_LOOP('',(#31,#32,#33,#34));
#93=EDGE_LOOP('',(#35,#36,#37,#38));
#94=EDGE_LOOP('',(#39,#40));
#95=EDGE_LOOP('',(#41,#42,#43,#44));
#96=EDGE_LOOP('',(#45,#46,#47,#48));
#97=EDGE_LOOP('',(#49));
#98=EDGE_LOOP('',(#50));
#99=EDGE_LOOP('',(#51));
#100=EDGE_LOOP('',(#52));
#101=FACE_BOUND('',#87,.T.);
#102=FACE_BOUND('',#88,.T.);
#103=FACE_BOUND('',#89,.T.);
#104=FACE_BOUND('',#90,.T.);
#105=FACE_BOUND('',#91,.T.);
#106=FACE_BOUND('',#92,.T.);
#107=FACE_BOUND('',#93,.T.);
#108=FACE_BOUND('',#94,.T.);
#109=FACE_BOUND('',#95,.T.);
#110=FACE_BOUND('',#96,.T.);
#111=FACE_BOUND('',#97,.T.);
#112=FACE_BOUND('',#98,.T.);
#113=FACE_BOUND('',#99,.T.);
#114=FACE_BOUND('',#100,.T.);
#115=PLANE('',#142);
#116=PLANE('',#144);
#117=PLANE('',#145);
#118=PLANE('',#148);
#119=ADVANCED_FACE('',(#101,#102),#115,.F.);
#120=ADVANCED_FACE('',(#103,#104),#23,.T.);
#121=ADVANCED_FACE('',(#105),#116,.T.);
#122=ADVANCED_FACE('',(#106),#117,.F.);
#123=ADVANCED_FACE('',(#107),#24,.F.);
#124=ADVANCED_FACE('',(#108),#118,.F.);
#125=ADVANCED_FACE('',(#109),#12,.T.);
#126=ADVANCED_FACE('',(#110),#13,.T.);
#127=ADVANCED_FACE('',(#111,#112),#14,.T.);
#128=ADVANCED_FACE('',(#113,#114),#15,.T.);
#129=CLOSED_SHELL('',(#119,#120,#121,#122,#123,#124,#125,#126,#127,#128));
#130=STYLED_ITEM('',(#131),#138);
#131=PRESENTATION_STYLE_ASSIGNMENT((#132));
#132=SURFACE_STYLE_USAGE(.BOTH.,#133);
#133=SURFACE_SIDE_STYLE('',(#134));
#134=SURFACE_STYLE_FILL_AREA(#135);
#135=FILL_AREA_STYLE('',(#136));
#136=FILL_AREA_STYLE_COLOUR('',#137);
#137=COLOUR_RGB('',0.615686274509804,0.811764705882353,0.929411764705882);
#138=MANIFOLD_SOLID_BREP('Encoder Knob',#129);
#139=SHAPE_DEFINITION_REPRESENTATION(#1215,#140);
#140=SHAPE_REPRESENTATION('Encoder Knob',(#141),#1210);
#141=AXIS2_PLACEMENT_3D('',#168,#149,#150);
#142=AXIS2_PLACEMENT_3D('',#169,#151,#152);
#143=AXIS2_PLACEMENT_3D('',#207,#153,#154);
#144=AXIS2_PLACEMENT_3D('',#232,#155,#156);
#145=AXIS2_PLACEMENT_3D('',#253,#157,#158);
#146=AXIS2_PLACEMENT_3D('',#265,#162,#163);
#147=AXIS2_PLACEMENT_3D('',#277,#164,#165);
#148=AXIS2_PLACEMENT_3D('',#278,#166,#167);
#149=DIRECTION('',(0.,0.,1.));
#150=DIRECTION('',(1.,0.,0.));
#151=DIRECTION('',(0.,0.,1.));
#152=DIRECTION('',(1.,0.,0.));
#153=DIRECTION('',(0.,0.,-1.));
#154=DIRECTION('',(-1.,0.,0.));
#155=DIRECTION('',(0.,0.,1.));
#156=DIRECTION('',(1.,0.,0.));
#157=DIRECTION('',(1.,0.,0.));
#158=DIRECTION('',(0.,0.,-1.));
#159=DIRECTION('',(0.,0.,-1.));
#160=DIRECTION('',(0.,0.,-1.));
#161=DIRECTION('',(0.,-1.,0.));
#162=DIRECTION('',(0.,0.,-1.));
#163=DIRECTION('',(-1.,0.,0.));
#164=DIRECTION('',(0.,0.,1.));
#165=DIRECTION('',(1.,0.,0.));
#166=DIRECTION('',(0.,0.,1.));
#167=DIRECTION('',(1.,0.,0.));
#168=CARTESIAN_POINT('',(0.,0.,0.));
#169=CARTESIAN_POINT('',(0.,0.,0.));
#170=CARTESIAN_POINT('',(0.00299999999991404,0.00180277563787504,0.));
#171=CARTESIAN_POINT('',(0.00260551252667041,0.0024592424742545,0.));
#172=CARTESIAN_POINT('',(0.00139340888419667,0.00348479928692503,0.));
#173=CARTESIAN_POINT('',(-0.00100418795163962,0.0036196163598885,0.));
#174=CARTESIAN_POINT('',(-0.00298914315857711,0.00227284161815345,0.));
#175=CARTESIAN_POINT('',(-0.00375543227774208,-7.41187017538389E-9,0.));
#176=CARTESIAN_POINT('',(-0.00298912773045456,-0.00227281197128774,0.));
#177=CARTESIAN_POINT('',(-0.00100424966338523,-0.00361972012459024,0.));
#178=CARTESIAN_POINT('',(0.00139364030424149,-0.00348441387531213,0.));
#179=CARTESIAN_POINT('',(0.00260501368849211,-0.00246007259124722,0.));
#180=CARTESIAN_POINT('',(0.00300000000001975,-0.00180277563769913,0.));
#181=CARTESIAN_POINT('',(0.0029999546075562,0.00180274838851818,5.87547149380341E-16));
#182=CARTESIAN_POINT('',(0.00299995460719586,-0.00180274846436369,5.87545240702695E-16));
#183=CARTESIAN_POINT('',(0.003,-0.00180274846436369,0.));
#184=CARTESIAN_POINT('',(0.003,-0.000600916180069733,0.));
#185=CARTESIAN_POINT('',(0.003,0.000600916104224224,0.));
#186=CARTESIAN_POINT('',(0.003,0.00180274838851818,0.));
#187=CARTESIAN_POINT('',(0.00424606848541443,0.00183033630420368,0.));
#188=CARTESIAN_POINT('',(0.00461714805179258,5.97510430379046E-5,0.));
#189=CARTESIAN_POINT('',(0.00428392378681648,-0.00170519281142981,0.));
#190=CARTESIAN_POINT('',(0.00333107997895335,-0.00319692110822489,0.));
#191=CARTESIAN_POINT('',(0.00185564528835036,-0.00422781894986697,0.));
#192=CARTESIAN_POINT('',(9.65559076601986E-5,-0.0046161715970722,0.));
#193=CARTESIAN_POINT('',(-0.00167732337803517,-0.00430172859284698,0.));
#194=CARTESIAN_POINT('',(-0.00319584478829236,-0.00333239806058806,0.));
#195=CARTESIAN_POINT('',(-0.00422782913557633,-0.00185573676316572,0.));
#196=CARTESIAN_POINT('',(-0.00461616453363484,-9.65573067720557E-5,0.));
#197=CARTESIAN_POINT('',(-0.00430173073534995,0.00167732264517438,0.));
#198=CARTESIAN_POINT('',(-0.00333239768985486,0.00319584429615817,0.));
#199=CARTESIAN_POINT('',(-0.00185573624834103,0.00422783163592802,0.));
#200=CARTESIAN_POINT('',(-9.65597473370441E-5,0.00461615501784529,0.));
#201=CARTESIAN_POINT('',(0.00167733189200022,0.00430176629805724,0.));
#202=CARTESIAN_POINT('',(0.00319580974939023,0.00333226495482203,0.));
#203=CARTESIAN_POINT('',(0.00424606848541443,0.00183033630420368,0.));
#204=CARTESIAN_POINT('',(0.00461714805179258,5.97510430379046E-5,0.));
#205=CARTESIAN_POINT('',(0.00428392378681648,-0.00170519281142981,0.));
#206=CARTESIAN_POINT('',(0.0045,-2.71050543121376E-19,0.));
#207=CARTESIAN_POINT('',(0.,3.06161699786838E-19,0.009));
#208=CARTESIAN_POINT('',(0.00391805812445612,0.00391805812445612,0.0085));
#209=CARTESIAN_POINT('',(0.00554097093777194,-1.44198888940572E-17,0.0085));
#210=CARTESIAN_POINT('',(0.00391805812445612,-0.00391805812445613,0.0085));
#211=CARTESIAN_POINT('',(-1.01643953670516E-17,-0.00554097093777194,0.0085));
#212=CARTESIAN_POINT('',(-0.00391805812445612,-0.00391805812445612,0.0085));
#213=CARTESIAN_POINT('',(-0.00554097093777194,3.83960034990374E-18,0.0085));
#214=CARTESIAN_POINT('',(-0.00391805812445612,0.00391805812445612,0.0085));
#215=CARTESIAN_POINT('',(3.36102673470506E-18,0.00554097093777194,0.0085));
#216=CARTESIAN_POINT('',(0.00391805812445612,0.00391805812445612,0.0085));
#217=CARTESIAN_POINT('',(0.00554097093777194,-1.44198888940572E-17,0.0085));
#218=CARTESIAN_POINT('',(0.00391805812445612,-0.00391805812445613,0.0085));
#219=CARTESIAN_POINT('',(0.005,9.18485099360515E-19,0.0085));
#220=CARTESIAN_POINT('',(0.00391805812445613,-0.00391805812445611,0.000499999999999999));
#221=CARTESIAN_POINT('',(0.00554097093777194,-1.84314369322536E-17,0.000499999999999999));
#222=CARTESIAN_POINT('',(0.00391805812445613,0.00391805812445612,0.000499999999999999));
#223=CARTESIAN_POINT('',(8.45677694538693E-18,0.00554097093777194,0.000499999999999999));
#224=CARTESIAN_POINT('',(-0.00391805812445612,0.00391805812445612,0.000499999999999999));
#225=CARTESIAN_POINT('',(-0.00554097093777194,-1.04185052512279E-19,0.000499999999999999));
#226=CARTESIAN_POINT('',(-0.00391805812445612,-0.00391805812445612,0.000499999999999999));
#227=CARTESIAN_POINT('',(8.34835672813838E-18,-0.00554097093777194,0.000499999999999999));
#228=CARTESIAN_POINT('',(0.00391805812445613,-0.00391805812445611,0.000499999999999999));
#229=CARTESIAN_POINT('',(0.00554097093777194,-1.84314369322536E-17,0.000499999999999999));
#230=CARTESIAN_POINT('',(0.00391805812445613,0.00391805812445612,0.000499999999999999));
#231=CARTESIAN_POINT('',(0.005,9.18485099360515E-19,0.0005));
#232=CARTESIAN_POINT('',(0.,0.,0.009));
#233=CARTESIAN_POINT('',(0.00424606848541405,-0.00183033630420406,0.009));
#234=CARTESIAN_POINT('',(0.00461714805179266,-5.97510430378511E-5,0.009));
#235=CARTESIAN_POINT('',(0.00428392378681648,0.00170519281142993,0.009));
#236=CARTESIAN_POINT('',(0.00333107997895323,0.00319692110822503,0.009));
#237=CARTESIAN_POINT('',(0.00185564528835027,0.00422781894986704,0.009));
#238=CARTESIAN_POINT('',(9.65559076600997E-5,0.00461617159707219,0.009));
#239=CARTESIAN_POINT('',(-0.00167732337803514,0.00430172859284696,0.009));
#240=CARTESIAN_POINT('',(-0.00319584478829207,0.00333239806058815,0.009));
#241=CARTESIAN_POINT('',(-0.00422782913557628,0.001855736763166,0.009));
#242=CARTESIAN_POINT('',(-0.00461616453363485,9.6557306771983E-5,0.009));
#243=CARTESIAN_POINT('',(-0.00430173073534997,-0.00167732264517436,0.009));
#244=CARTESIAN_POINT('',(-0.00333239768985482,-0.00319584429615821,0.009));
#245=CARTESIAN_POINT('',(-0.00185573624834109,-0.00422783163592794,0.009));
#246=CARTESIAN_POINT('',(-9.65597473371142E-5,-0.0046161550178453,0.009));
#247=CARTESIAN_POINT('',(0.00167733189200026,-0.00430176629805728,0.009));
#248=CARTESIAN_POINT('',(0.00319580974939033,-0.00333226495482191,0.009));
#249=CARTESIAN_POINT('',(0.00424606848541405,-0.00183033630420406,0.009));
#250=CARTESIAN_POINT('',(0.00461714805179266,-5.97510430378511E-5,0.009));
#251=CARTESIAN_POINT('',(0.00428392378681648,0.00170519281142993,0.009));
#252=CARTESIAN_POINT('',(0.0045,3.25260651745652E-19,0.009));
#253=CARTESIAN_POINT('',(0.0025,0.,0.007));
#254=CARTESIAN_POINT('',(0.0025,0.0016583123951777,0.007));
#255=CARTESIAN_POINT('',(0.0025,0.0016583123951777,0.007));
#256=CARTESIAN_POINT('',(0.0025,0.0016583123951777,0.0005));
#257=CARTESIAN_POINT('',(0.0025,0.00165831239517762,0.0005));
#258=CARTESIAN_POINT('',(0.0025,0.00055277079839253,0.0005));
#259=CARTESIAN_POINT('',(0.0025,-0.000552770798392555,0.0005));
#260=CARTESIAN_POINT('',(0.0025,-0.00165831239517764,0.0005));
#261=CARTESIAN_POINT('',(0.0025,-0.00165832223663389,0.0005));
#262=CARTESIAN_POINT('',(0.0025,-0.0016583123951777,0.007));
#263=CARTESIAN_POINT('',(0.0025,-0.0016583123951777,0.007));
#264=CARTESIAN_POINT('',(0.0025,0.,0.007));
#265=CARTESIAN_POINT('',(-8.67361737988404E-19,-6.18945248170487E-19,0.007));
#266=CARTESIAN_POINT('',(0.00249999546660755,-0.00165831922950368,0.0005));
#267=CARTESIAN_POINT('',(0.00214678649632725,-0.00219079862717077,0.0005));
#268=CARTESIAN_POINT('',(0.00108958939279456,-0.00302049317822252,0.0005));
#269=CARTESIAN_POINT('',(-0.000927037520649449,-0.00307453449405774,0.000500000000000001));
#270=CARTESIAN_POINT('',(-0.00257762706974779,-0.00191504613066162,0.000499999999999999));
#271=CARTESIAN_POINT('',(-0.0032111877742228,4.39024523138108E-9,0.000500000000000001));
#272=CARTESIAN_POINT('',(-0.00257762183334418,0.00191505317877232,0.0005));
#273=CARTESIAN_POINT('',(-0.00092702911381254,0.00307453702888528,0.000500000000000001));
#274=CARTESIAN_POINT('',(0.00108959765185642,0.00302049019889954,0.0005));
#275=CARTESIAN_POINT('',(0.00214679248671524,0.00219079275711085,0.0005));
#276=CARTESIAN_POINT('',(0.00250000000101263,0.0016583123936511,0.0005));
#277=CARTESIAN_POINT('',(-8.67361737988404E-19,-6.18945248170487E-19,0.007));
#278=CARTESIAN_POINT('',(0.,0.,0.007));
#279=CARTESIAN_POINT('',(0.00336267636606608,0.000970776831769622,-4.33680868994202E-19));
#280=CARTESIAN_POINT('',(0.00324697018260569,0.00137157177844372,-4.33680868994202E-19));
#281=CARTESIAN_POINT('',(0.00305881986128963,0.00175130206272688,-4.33680868994202E-19));
#282=CARTESIAN_POINT('',(0.00268599634945,0.00225385827589198,-4.33680868994202E-19));
#283=CARTESIAN_POINT('',(0.00254671524506636,0.00241023650601268,-4.33680868994202E-19));
#284=CARTESIAN_POINT('',(0.00209004547617042,0.0028382110821483,-4.33680868994202E-19));
#285=CARTESIAN_POINT('',(0.00173437927251261,0.0030691000041508,-4.33680868994202E-19));
#286=CARTESIAN_POINT('',(0.00115705756169256,0.00330962818153921,-4.33680868994202E-19));
#287=CARTESIAN_POINT('',(0.000957268106888226,0.00337203575643808,-4.33680868994202E-19));
#288=CARTESIAN_POINT('',(0.000345865733738075,0.00350514907381558,-4.33680868994202E-19));
#289=CARTESIAN_POINT('',(-7.77631332214026E-5,0.00352179912229294,-4.33680868994202E-19));
#290=CARTESIAN_POINT('',(-0.000697028822378006,0.00343591966569439,-4.33680868994202E-19));
#291=CARTESIAN_POINT('',(-0.000900725566552249,0.00338870164842456,-4.33680868994202E-19));
#292=CARTESIAN_POINT('',(-0.00169159568434672,0.00312612101167101,-4.33680868994202E-19));
#293=CARTESIAN_POINT('',(-0.00223162854810249,0.00276611990126798,-4.33680868994202E-19));
#294=CARTESIAN_POINT('',(-0.00291635852521572,0.00198046779652113,-4.33680868994202E-19));
#295=CARTESIAN_POINT('',(-0.00313113874061178,0.00161543606943445,-4.33680868994202E-19));
#296=CARTESIAN_POINT('',(-0.00342277149690403,0.000833415613303269,-4.33680868994202E-19));
#297=CARTESIAN_POINT('',(-0.00357722850309598,-3.90312782094782E-18,-4.33680868994202E-19));
#298=CARTESIAN_POINT('',(-0.00342277149690402,-0.000833415613303282,-4.33680868994202E-19));
#299=CARTESIAN_POINT('',(-0.00313113874061177,-0.00161543606943447,-4.33680868994202E-19));
#300=CARTESIAN_POINT('',(-0.00291635852521571,-0.00198046779652114,-4.33680868994202E-19));
#301=CARTESIAN_POINT('',(-0.00223162854810249,-0.00276611990126798,-4.33680868994202E-19));
#302=CARTESIAN_POINT('',(-0.00169159568434673,-0.003126121011671,-4.33680868994202E-19));
#303=CARTESIAN_POINT('',(-0.000900725566552234,-0.00338870164842457,-4.33680868994202E-19));
#304=CARTESIAN_POINT('',(-0.000697028822377982,-0.00343591966569441,-4.33680868994202E-19));
#305=CARTESIAN_POINT('',(-7.77631332213482E-5,-0.00352179912229298,-4.33680868994202E-19));
#306=CARTESIAN_POINT('',(0.00034586573373815,-0.00350514907381565,-4.33680868994202E-19));
#307=CARTESIAN_POINT('',(0.000957268106888284,-0.00337203575643812,-4.33680868994202E-19));
#308=CARTESIAN_POINT('',(0.0011570575616926,-0.00330962818153922,-4.33680868994202E-19));
#309=CARTESIAN_POINT('',(0.00173437927251258,-0.00306910000415071,-4.33680868994202E-19));
#310=CARTESIAN_POINT('',(0.0020900454761703,-0.00283821108214809,-4.33680868994202E-19));
#311=CARTESIAN_POINT('',(0.00254671524506623,-0.00241023650601247,-4.33680868994202E-19));
#312=CARTESIAN_POINT('',(0.00268599634944991,-0.00225385827589183,-4.33680868994202E-19));
#313=CARTESIAN_POINT('',(0.00305881986128966,-0.0017513020627269,-4.33680868994202E-19));
#314=CARTESIAN_POINT('',(0.00324697018260577,-0.00137157177844364,-4.33680868994202E-19));
#315=CARTESIAN_POINT('',(0.00336267636606607,-0.000970776831769625,-4.33680868994202E-19));
#316=CARTESIAN_POINT('',(0.00334766441800328,0.000966443006627793,-4.21599828158653E-19));
#317=CARTESIAN_POINT('',(0.00323247478000476,0.0013654486901471,9.50825334162029E-19));
#318=CARTESIAN_POINT('',(0.0030451644154803,0.00174348374994685,-7.52235521774718E-19));
#319=CARTESIAN_POINT('',(0.00267400529431856,0.0022437964085889,9.42847186269328E-19));
#320=CARTESIAN_POINT('',(0.0025353459805795,0.00239947652161085,1.45477474222313E-18));
#321=CARTESIAN_POINT('',(0.00208071491600899,0.00282554049696015,1.60202580690018E-18));
#322=CARTESIAN_POINT('',(0.0017266365079032,0.00305539866484656,3.6363681804657E-19));
#323=CARTESIAN_POINT('',(0.00115189212614928,0.00329485305572876,-6.93420881085757E-19));
#324=CARTESIAN_POINT('',(0.000952994588553894,0.00335698202538256,-8.90741622834138E-19));
#325=CARTESIAN_POINT('',(0.000344321690283871,0.0034895010868789,-1.1590918547366E-18));
#326=CARTESIAN_POINT('',(-7.74159763766746E-5,0.0035060768047827,-9.1515369578975E-19));
#327=CARTESIAN_POINT('',(-0.000693917086563822,0.0034205807386154,-5.6131531067305E-19));
#328=CARTESIAN_POINT('',(-0.000896704470272999,0.00337357351606552,-4.49083821708497E-19));
#329=CARTESIAN_POINT('',(-0.00168404391789874,0.00311216511429749,-1.88465819285792E-19));
#330=CARTESIAN_POINT('',(-0.0022216659206556,0.00275377115170874,-3.2781928012859E-19));
#331=CARTESIAN_POINT('',(-0.00290333906751386,0.00197162642242951,-4.61257599285161E-19));
#332=CARTESIAN_POINT('',(-0.00311716044266262,0.00160822430126733,-4.68923760525327E-19));
#333=CARTESIAN_POINT('',(-0.00340749126700714,0.000829695007886736,-4.49660305944603E-19));
#334=CARTESIAN_POINT('',(-0.00356125873299287,-3.68628738645072E-18,-4.04404561730314E-19));
#335=CARTESIAN_POINT('',(-0.00340749126700713,-0.000829695007886749,-4.76254046571578E-19));
#336=CARTESIAN_POINT('',(-0.00311716044266261,-0.00160822430126735,-4.97977422160298E-19));
#337=CARTESIAN_POINT('',(-0.00290333906751385,-0.00197162642242953,-4.77570738374721E-19));
#338=CARTESIAN_POINT('',(-0.0022216659206556,-0.00275377115170875,-2.62521970695602E-19));
#339=CARTESIAN_POINT('',(-0.00168404391789875,-0.00311216511429747,-4.86926918503044E-20));
#340=CARTESIAN_POINT('',(-0.000896704470272984,-0.00337357351606553,-4.38402775399349E-19));
#341=CARTESIAN_POINT('',(-0.000693917086563794,-0.00342058073861541,-6.06908159646997E-19));
#342=CARTESIAN_POINT('',(-7.74159763766109E-5,-0.00350607680478275,-1.13898013260732E-18));
#343=CARTESIAN_POINT('',(0.00034432169028396,-0.00348950108687897,-1.5068377200813E-18));
#344=CARTESIAN_POINT('',(0.00095299458855396,-0.00335698202538259,-1.10619611284518E-18));
#345=CARTESIAN_POINT('',(0.00115189212614933,-0.00329485305572878,-8.10506396719827E-19));
#346=CARTESIAN_POINT('',(0.00172663650790315,-0.00305539866484646,7.74363896529818E-19));
#347=CARTESIAN_POINT('',(0.00208071491600883,-0.00282554049695994,2.62516499297598E-18));
#348=CARTESIAN_POINT('',(0.00253534598057933,-0.00239947652161064,2.12714800748318E-18));
#349=CARTESIAN_POINT('',(0.00267400529431844,-0.00224379640858874,1.13900176138796E-18));
#350=CARTESIAN_POINT('',(0.00304516441548033,-0.00174348374994687,-1.26168403652671E-18));
#351=CARTESIAN_POINT('',(0.00323247478000484,-0.00136544869014703,1.1017420792282E-17));
#352=CARTESIAN_POINT('',(0.00334766441800327,-0.000966443006627796,-4.33680868994202E-19));
#353=CARTESIAN_POINT('',(0.00331760305716356,0.000957764540591287,2.62790256072473E-8));
#354=CARTESIAN_POINT('',(0.00320344779921047,0.00135318723240904,2.62790256042132E-8));
#355=CARTESIAN_POINT('',(0.00301781944451554,0.00172782761253848,2.62790256072055E-8));
#356=CARTESIAN_POINT('',(0.00264999325846236,0.00222364756298577,2.62790256079302E-8));
#357=CARTESIAN_POINT('',(0.00251257907779032,0.00237792969954749,2.62790256080517E-8));
#358=CARTESIAN_POINT('',(0.00206203050978295,0.00280016770511474,2.62790256080101E-8));
#359=CARTESIAN_POINT('',(0.0017111316553786,0.00302796179235743,2.62790256075221E-8));
#360=CARTESIAN_POINT('',(0.0011415483638933,0.0032652659304215,2.62790256071022E-8));
#361=CARTESIAN_POINT('',(0.00094443688663765,0.00332683699428123,2.62790256070224E-8));
#362=CARTESIAN_POINT('',(0.000341229749968406,0.00345816606095481,2.62790256069078E-8));
#363=CARTESIAN_POINT('',(-7.67207963018637E-5,0.00347459293220767,2.62790256069951E-8));
#364=CARTESIAN_POINT('',(-0.000687685849101714,0.00338986460371492,2.62790256071253E-8));
#365=CARTESIAN_POINT('',(-0.000888652242426473,0.00334327949667685,2.62790256071666E-8));
#366=CARTESIAN_POINT('',(-0.00166892153836342,0.00308421849037946,2.62790256072636E-8));
#367=CARTESIAN_POINT('',(-0.00220171580243378,0.00272904283431339,2.62790256072139E-8));
#368=CARTESIAN_POINT('',(-0.00287726765997396,0.00195392160918508,2.62790256071959E-8));
#369=CARTESIAN_POINT('',(-0.00308916896168913,0.00159378276681376,2.62790256072177E-8));
#370=CARTESIAN_POINT('',(-0.00337689267295905,0.000822244511688591,2.62790256072466E-8));
#371=CARTESIAN_POINT('',(-0.00352927933767464,-3.41523684332934E-18,2.6279025607256E-8));
#372=CARTESIAN_POINT('',(-0.00337689267295904,-0.000822244511688604,2.62790256070552E-8));
#373=CARTESIAN_POINT('',(-0.00308916896168912,-0.00159378276681377,2.62790256070077E-8));
#374=CARTESIAN_POINT('',(-0.00287726765997395,-0.0019539216091851,2.62790256070788E-8));
#375=CARTESIAN_POINT('',(-0.00220171580243379,-0.00272904283431339,2.62790256076852E-8));
#376=CARTESIAN_POINT('',(-0.00166892153836344,-0.00308421849037945,2.62790256082688E-8));
#377=CARTESIAN_POINT('',(-0.000888652242426458,-0.00334327949667685,2.62790256071919E-8));
#378=CARTESIAN_POINT('',(-0.000687685849101683,-0.00338986460371493,2.62790256067277E-8));
#379=CARTESIAN_POINT('',(-7.6720796301782E-5,-0.00347459293220772,2.62790256052619E-8));
#380=CARTESIAN_POINT('',(0.000341229749968523,-0.00345816606095488,2.62790256042497E-8));
#381=CARTESIAN_POINT('',(0.000944436886637734,-0.00332683699428127,2.62790256053535E-8));
#382=CARTESIAN_POINT('',(0.00114154836389336,-0.00326526593042152,2.6279025606168E-8));
#383=CARTESIAN_POINT('',(0.00171113165537852,-0.00302796179235734,2.62790256105313E-8));
#384=CARTESIAN_POINT('',(0.0020620305097827,-0.00280016770511452,2.62790256156248E-8));
#385=CARTESIAN_POINT('',(0.00251257907779008,-0.00237792969954729,2.627902561421E-8));
#386=CARTESIAN_POINT('',(0.00264999325846218,-0.00222364756298562,2.6279025611455E-8));
#387=CARTESIAN_POINT('',(0.00301781944451557,-0.0017278276125385,2.62790256048682E-8));
#388=CARTESIAN_POINT('',(0.00320344779921055,-0.00135318723240895,2.62790256401905E-8));
#389=CARTESIAN_POINT('',(0.00331760305716355,-0.000957764540591289,2.62790256072017E-8));
#390=CARTESIAN_POINT('',(0.00327119527143265,0.000944366996998949,2.60183546278178E-6));
#391=CARTESIAN_POINT('',(0.00315863685694149,0.0013342583786392,2.60183546276645E-6));
#392=CARTESIAN_POINT('',(0.00297560513625064,0.00170365815879702,2.6018354627839E-6));
#393=CARTESIAN_POINT('',(0.00261292423085181,0.0021925424072857,2.60183546277342E-6));
#394=CARTESIAN_POINT('',(0.00247743224754432,0.00234466639164768,2.60183546277008E-6));
#395=CARTESIAN_POINT('',(0.00203318610964845,0.00276099798509986,2.60183546276899E-6));
#396=CARTESIAN_POINT('',(0.00168719575049432,0.00298560560940249,2.60183546277673E-6));
#397=CARTESIAN_POINT('',(0.00112557998824369,0.00321959025462712,2.60183546278331E-6));
#398=CARTESIAN_POINT('',(0.000931225774905377,0.00328030004102551,2.60183546278453E-6));
#399=CARTESIAN_POINT('',(0.00033645650951474,0.00340979203102614,2.60183546278616E-6));
#400=CARTESIAN_POINT('',(-7.56475991126708E-5,0.00342598911748914,2.6018354627846E-6));
#401=CARTESIAN_POINT('',(-0.000678066260204134,0.00334244599833164,2.60183546278234E-6));
#402=CARTESIAN_POINT('',(-0.000876221465704475,0.0032965125399774,2.60183546278163E-6));
#403=CARTESIAN_POINT('',(-0.00164557608328046,0.00304107536916134,2.60183546277997E-6));
#404=CARTESIAN_POINT('',(-0.00217091743583019,0.00269086803373505,2.60183546278086E-6));
#405=CARTESIAN_POINT('',(-0.00283701943896807,0.00192658947396226,2.60183546278187E-6));
#406=CARTESIAN_POINT('',(-0.0030459565915561,0.00157148837900741,2.60183546278204E-6));
#407=CARTESIAN_POINT('',(-0.00332965552345602,0.000810742669406868,2.60183546278202E-6));
#408=CARTESIAN_POINT('',(-0.00347991055049147,-3.68628738645072E-18,2.6018354627817E-6));
#409=CARTESIAN_POINT('',(-0.00332965552345601,-0.00081074266940688,2.60183546278129E-6));
#410=CARTESIAN_POINT('',(-0.00304595659155608,-0.00157148837900743,2.60183546278124E-6));
#411=CARTESIAN_POINT('',(-0.00283701943896806,-0.00192658947396227,2.60183546278142E-6));
#412=CARTESIAN_POINT('',(-0.0021709174358302,-0.00269086803373506,2.60183546278268E-6));
#413=CARTESIAN_POINT('',(-0.00164557608328049,-0.00304107536916132,2.60183546278383E-6));
#414=CARTESIAN_POINT('',(-0.000876221465704461,-0.00329651253997741,2.60183546278165E-6));
#415=CARTESIAN_POINT('',(-0.000678066260204098,-0.00334244599833166,2.60183546278072E-6));
#416=CARTESIAN_POINT('',(-7.56475991125711E-5,-0.00342598911748918,2.60183546277777E-6));
#417=CARTESIAN_POINT('',(0.000336456509514884,-0.0034097920310262,2.60183546277574E-6));
#418=CARTESIAN_POINT('',(0.000931225774905478,-0.00328030004102554,2.60183546277796E-6));
#419=CARTESIAN_POINT('',(0.00112557998824376,-0.00321959025462714,2.6018354627796E-6));
#420=CARTESIAN_POINT('',(0.00168719575049421,-0.00298560560940241,2.60183546278836E-6));
#421=CARTESIAN_POINT('',(0.00203318610964812,-0.00276099798509967,2.6018354627986E-6));
#422=CARTESIAN_POINT('',(0.00247743224754401,-0.0023446663916475,2.60183546279579E-6));
#423=CARTESIAN_POINT('',(0.00261292423085158,-0.00219254240728556,2.60183546279028E-6));
#424=CARTESIAN_POINT('',(0.00297560513625068,-0.00170365815879704,2.60183546277702E-6));
#425=CARTESIAN_POINT('',(0.00315863685694156,-0.00133425837863912,2.60183546284691E-6));
#426=CARTESIAN_POINT('',(0.00327119527143265,-0.000944366996998952,2.60183546278167E-6));
#427=CARTESIAN_POINT('',(0.00322339039800598,0.000930566125753472,9.34277640448649E-6));
#428=CARTESIAN_POINT('',(0.00311247689930598,0.00131475967935139,9.34277640446141E-6));
#429=CARTESIAN_POINT('',(0.00293211998323991,0.00167876109338646,9.34277640449138E-6));
#430=CARTESIAN_POINT('',(0.00257473925509691,0.00216050084340283,9.34277640446503E-6));
#431=CARTESIAN_POINT('',(0.00244122733613132,0.00231040170526243,9.34277640445699E-6));
#432=CARTESIAN_POINT('',(0.00200347336046675,0.002720649076442,9.34277640445464E-6));
#433=CARTESIAN_POINT('',(0.00166253926483518,0.0029419743106213,9.34277640447395E-6));
#434=CARTESIAN_POINT('',(0.00110913089107743,0.00317253953101173,9.34277640449039E-6));
#435=CARTESIAN_POINT('',(0.000917616947976026,0.00323236211153773,9.34277640449344E-6));
#436=CARTESIAN_POINT('',(0.000331539572579958,0.00335996172041217,9.34277640449753E-6));
#437=CARTESIAN_POINT('',(-7.45420937543839E-5,0.00337592210450677,9.34277640449365E-6));
#438=CARTESIAN_POINT('',(-0.000668157077457686,0.00329359987493415,9.34277640448804E-6));
#439=CARTESIAN_POINT('',(-0.000863416465456544,0.00324833768288487,9.34277640448627E-6));
#440=CARTESIAN_POINT('',(-0.00162152782267609,0.00299663344165756,9.34277640448213E-6));
#441=CARTESIAN_POINT('',(-0.00213919189680599,0.00265154399616262,9.34277640448435E-6));
#442=CARTESIAN_POINT('',(-0.00279555956148131,0.0018984345158183,9.34277640448678E-6));
#443=CARTESIAN_POINT('',(-0.00300144333042672,0.00154852282763664,9.34277640448714E-6));
#444=CARTESIAN_POINT('',(-0.00328099631859495,0.000798894568796348,9.34277640448707E-6));
#445=CARTESIAN_POINT('',(-0.00342905553585656,-3.57786716920216E-18,9.3427764044863E-6));
#446=CARTESIAN_POINT('',(-0.00328099631859494,-0.000798894568796359,9.34277640448562E-6));
#447=CARTESIAN_POINT('',(-0.00300144333042671,-0.00154852282763665,9.34277640448557E-6));
#448=CARTESIAN_POINT('',(-0.0027955595614813,-0.00189843451581831,9.34277640448591E-6));
#449=CARTESIAN_POINT('',(-0.002139191896806,-0.00265154399616263,9.34277640448795E-6));
#450=CARTESIAN_POINT('',(-0.00162152782267613,-0.00299663344165755,9.34277640448979E-6));
#451=CARTESIAN_POINT('',(-0.000863416465456529,-0.00324833768288487,9.34277640448628E-6));
#452=CARTESIAN_POINT('',(-0.000668157077457649,-0.00329359987493416,9.34277640448477E-6));
#453=CARTESIAN_POINT('',(-7.45420937542784E-5,-0.0033759221045068,9.34277640448004E-6));
#454=CARTESIAN_POINT('',(0.000331539572580111,-0.00335996172041221,9.34277640447678E-6));
#455=CARTESIAN_POINT('',(0.000917616947976132,-0.00323236211153776,9.34277640448035E-6));
#456=CARTESIAN_POINT('',(0.0011091308910775,-0.00317253953101174,9.34277640448297E-6));
#457=CARTESIAN_POINT('',(0.00166253926483506,-0.00294197431062124,9.34277640449704E-6));
#458=CARTESIAN_POINT('',(0.0020034733604664,-0.00272064907644185,9.34277640451345E-6));
#459=CARTESIAN_POINT('',(0.00244122733613099,-0.00231040170526229,9.34277640450914E-6));
#460=CARTESIAN_POINT('',(0.00257473925509665,-0.00216050084340272,9.34277640450046E-6));
#461=CARTESIAN_POINT('',(0.00293211998323996,-0.00167876109338647,9.34277640447911E-6));
#462=CARTESIAN_POINT('',(0.00311247689930601,-0.00131475967935133,9.34277640458424E-6));
#463=CARTESIAN_POINT('',(0.00322339039800598,-0.000930566125753475,9.34277640448628E-6));
#464=CARTESIAN_POINT('',(0.00319108145973718,0.000921238802717886,1.72526041666664E-5));
#465=CARTESIAN_POINT('',(0.00308127967787575,0.00130158147749759,1.72526041666383E-5));
#466=CARTESIAN_POINT('',(0.00290273052933019,0.00166193440414403,1.72526041666729E-5));
#467=CARTESIAN_POINT('',(0.00254893192760017,0.00213884554269136,1.72526041666367E-5));
#468=CARTESIAN_POINT('',(0.00241675823572327,0.00228724390653047,1.72526041666258E-5));
#469=CARTESIAN_POINT('',(0.00198339198988051,0.00269337925423358,1.72526041666227E-5));
#470=CARTESIAN_POINT('',(0.00164587517149103,0.0029124860840481,1.72526041666492E-5));
#471=CARTESIAN_POINT('',(0.00109801376374653,0.00314074028512262,1.72526041666718E-5));
#472=CARTESIAN_POINT('',(0.000908419418150006,0.0031999632472895,1.7252604166676E-5));
#473=CARTESIAN_POINT('',(0.000328216459254689,0.0033262838898033,1.72526041666816E-5));
#474=CARTESIAN_POINT('',(-7.37949376211945E-5,0.00334208429853011,1.72526041666763E-5));
#475=CARTESIAN_POINT('',(-0.000661459953279741,0.00326058720755535,1.72526041666686E-5));
#476=CARTESIAN_POINT('',(-0.000854762202138033,0.00321577869104278,1.72526041666662E-5));
#477=CARTESIAN_POINT('',(-0.00160527479842051,0.00296659735141523,1.72526041666605E-5));
#478=CARTESIAN_POINT('',(-0.00211775018159154,0.00262496683338953,1.72526041666635E-5));
#479=CARTESIAN_POINT('',(-0.00276753889065145,0.00187940597877951,1.72526041666669E-5));
#480=CARTESIAN_POINT('',(-0.00297135902933181,0.00153300155274642,1.72526041666674E-5));
#481=CARTESIAN_POINT('',(-0.00324810998016594,0.000790887026389295,1.72526041666673E-5));
#482=CARTESIAN_POINT('',(-0.00339468515872296,-3.74049749507499E-18,1.72526041666662E-5));
#483=CARTESIAN_POINT('',(-0.00324810998016593,-0.000790887026389306,1.72526041666653E-5));
#484=CARTESIAN_POINT('',(-0.0029713590293318,-0.00153300155274643,1.72526041666652E-5));
#485=CARTESIAN_POINT('',(-0.00276753889065144,-0.00187940597877952,1.72526041666657E-5));
#486=CARTESIAN_POINT('',(-0.00211775018159155,-0.00262496683338953,1.72526041666683E-5));
#487=CARTESIAN_POINT('',(-0.00160527479842055,-0.00296659735141523,1.72526041666707E-5));
#488=CARTESIAN_POINT('',(-0.000854762202138019,-0.00321577869104278,1.72526041666662E-5));
#489=CARTESIAN_POINT('',(-0.000661459953279705,-0.00326058720755536,1.72526041666642E-5));
#490=CARTESIAN_POINT('',(-7.3794937621092E-5,-0.00334208429853013,1.72526041666581E-5));
#491=CARTESIAN_POINT('',(0.000328216459254838,-0.00332628388980334,1.72526041666539E-5));
#492=CARTESIAN_POINT('',(0.000908419418150109,-0.00319996324728951,1.72526041666585E-5));
#493=CARTESIAN_POINT('',(0.0010980137637466,-0.00314074028512263,1.72526041666619E-5));
#494=CARTESIAN_POINT('',(0.00164587517149091,-0.00291248608404805,1.72526041666801E-5));
#495=CARTESIAN_POINT('',(0.00198339198988017,-0.00269337925423347,1.72526041667013E-5));
#496=CARTESIAN_POINT('',(0.00241675823572295,-0.00228724390653036,1.7252604166696E-5));
#497=CARTESIAN_POINT('',(0.00254893192759993,-0.00213884554269128,1.72526041666849E-5));
#498=CARTESIAN_POINT('',(0.00290273052933024,-0.00166193440414404,1.72526041666572E-5));
#499=CARTESIAN_POINT('',(0.00308127967787575,-0.00130158147749754,1.72526041667849E-5));
#500=CARTESIAN_POINT('',(0.00319108145973718,-0.000921238802717889,1.72526041666662E-5));
#501=CARTESIAN_POINT('',(0.00314291812636905,0.000907334447054519,3.19010416666665E-5));
#502=CARTESIAN_POINT('',(0.00303477359453118,0.00128193656921255,3.19010416666357E-5));
#503=CARTESIAN_POINT('',(0.00285891930735859,0.00163685065064144,3.19010416666749E-5));
#504=CARTESIAN_POINT('',(0.00251046062572002,0.00210656371842725,3.19010416666268E-5));
#505=CARTESIAN_POINT('',(0.00238028184549445,0.00225272228990784,3.19010416666126E-5));
#506=CARTESIAN_POINT('',(0.00195345644269576,0.00265272779342151,3.19010416666087E-5));
#507=CARTESIAN_POINT('',(0.00162103380170243,0.00286852762044696,3.19010416666438E-5));
#508=CARTESIAN_POINT('',(0.00108144132471187,0.00309333675648079,3.19010416666736E-5));
#509=CARTESIAN_POINT('',(0.00089470854682739,0.00315166586015303,3.19010416666792E-5));
#510=CARTESIAN_POINT('',(0.000323262653172508,0.00327607993171481,3.19010416666866E-5));
#511=CARTESIAN_POINT('',(-7.26811427443227E-5,0.00329164186318478,3.19010416666795E-5));
#512=CARTESIAN_POINT('',(-0.000651476467542555,0.00321137481651025,3.19010416666694E-5));
#513=CARTESIAN_POINT('',(-0.000841861184908769,0.0031672425997242,3.19010416666661E-5));
#514=CARTESIAN_POINT('',(-0.00158104621439992,0.00292182218067515,3.19010416666587E-5));
#515=CARTESIAN_POINT('',(-0.00208578675186612,0.00258534792855366,3.19010416666627E-5));
#516=CARTESIAN_POINT('',(-0.00272576813052466,0.00185103990356892,3.19010416666671E-5));
#517=CARTESIAN_POINT('',(-0.00292651199007826,0.00150986379654359,3.19010416666677E-5));
#518=CARTESIAN_POINT('',(-0.00319908590924674,0.000778950084011254,3.19010416666676E-5));
#519=CARTESIAN_POINT('',(-0.00334344881297549,-3.90312782094782E-18,3.19010416666662E-5));
#520=CARTESIAN_POINT('',(-0.00319908590924673,-0.000778950084011265,3.1901041666665E-5));
#521=CARTESIAN_POINT('',(-0.00292651199007824,-0.0015098637965436,3.19010416666649E-5));
#522=CARTESIAN_POINT('',(-0.00272576813052465,-0.00185103990356893,3.19010416666655E-5));
#523=CARTESIAN_POINT('',(-0.00208578675186613,-0.00258534792855367,3.19010416666691E-5));
#524=CARTESIAN_POINT('',(-0.00158104621439995,-0.00292182218067515,3.19010416666723E-5));
#525=CARTESIAN_POINT('',(-0.000841861184908755,-0.0031672425997242,3.19010416666661E-5));
#526=CARTESIAN_POINT('',(-0.000651476467542521,-0.00321137481651026,3.19010416666635E-5));
#527=CARTESIAN_POINT('',(-7.2681142744227E-5,-0.00329164186318479,3.19010416666552E-5));
#528=CARTESIAN_POINT('',(0.000323262653172646,-0.00327607993171483,3.19010416666495E-5));
#529=CARTESIAN_POINT('',(0.000894708546827487,-0.00315166586015303,3.19010416666558E-5));
#530=CARTESIAN_POINT('',(0.00108144132471194,-0.00309333675648079,3.19010416666604E-5));
#531=CARTESIAN_POINT('',(0.00162103380170233,-0.00286852762044693,3.19010416666849E-5));
#532=CARTESIAN_POINT('',(0.00195345644269545,-0.00265272779342145,3.19010416667136E-5));
#533=CARTESIAN_POINT('',(0.00238028184549415,-0.00225272228990778,3.19010416667068E-5));
#534=CARTESIAN_POINT('',(0.0025104606257198,-0.0021065637184272,3.19010416666922E-5));
#535=CARTESIAN_POINT('',(0.00285891930735864,-0.00163685065064144,3.19010416666545E-5));
#536=CARTESIAN_POINT('',(0.00303477359453113,-0.00128193656921253,3.19010416668137E-5));
#537=CARTESIAN_POINT('',(0.00314291812636905,-0.000907334447054522,3.19010416666661E-5));
#538=CARTESIAN_POINT('',(0.00311122623601426,0.000898185260643992,4.54101562499999E-5));
#539=CARTESIAN_POINT('',(0.00300417218904039,0.0012690100494752,4.54101562499699E-5));
#540=CARTESIAN_POINT('',(0.00283009114398335,0.00162034532366138,4.54101562500087E-5));
#541=CARTESIAN_POINT('',(0.00248514617599799,0.00208532199856514,4.54101562499573E-5));
#542=CARTESIAN_POINT('',(0.00235628006491095,0.00223000676728169,4.54101562499422E-5));
#543=CARTESIAN_POINT('',(0.00193375859346595,0.00262597878024646,4.54101562499382E-5));
#544=CARTESIAN_POINT('',(0.00160468796530473,0.00283960257080465,4.54101562499756E-5));
#545=CARTESIAN_POINT('',(0.00107053651634275,0.00306214482421431,4.54101562500074E-5));
#546=CARTESIAN_POINT('',(0.000885686674788272,0.00311988576125803,4.54101562500133E-5));
#547=CARTESIAN_POINT('',(0.000320003005880344,0.00324304529262629,4.54101562500213E-5));
#548=CARTESIAN_POINT('',(-7.19482560720903E-5,0.00325845030399651,4.54101562500138E-5));
#549=CARTESIAN_POINT('',(-0.00064490724749038,0.00317899263712127,4.54101562500029E-5));
#550=CARTESIAN_POINT('',(-0.000833372203874794,0.00313530543141067,4.54101562499995E-5));
#551=CARTESIAN_POINT('',(-0.00156510359634309,0.00289235973066435,4.54101562499915E-5));
#552=CARTESIAN_POINT('',(-0.00206475453836714,0.00255927834615083,4.54101562499957E-5));
#553=CARTESIAN_POINT('',(-0.00269828260870963,0.00183237478048663,4.54101562500005E-5));
#554=CARTESIAN_POINT('',(-0.00289700224996336,0.00149463895263523,4.54101562500012E-5));
#555=CARTESIAN_POINT('',(-0.00316682764613107,0.000771095472576353,4.54101562500011E-5));
#556=CARTESIAN_POINT('',(-0.00330973485386893,-4.01154803819637E-18,4.54101562499996E-5));
#557=CARTESIAN_POINT('',(-0.00316682764613107,-0.000771095472576363,4.54101562499981E-5));
#558=CARTESIAN_POINT('',(-0.00289700224996335,-0.00149463895263524,4.5410156249998E-5));
#559=CARTESIAN_POINT('',(-0.00269828260870962,-0.00183237478048664,4.54101562499987E-5));
#560=CARTESIAN_POINT('',(-0.00206475453836714,-0.00255927834615084,4.54101562500029E-5));
#561=CARTESIAN_POINT('',(-0.00156510359634312,-0.00289235973066436,4.54101562500067E-5));
#562=CARTESIAN_POINT('',(-0.000833372203874781,-0.00313530543141068,4.54101562499995E-5));
#563=CARTESIAN_POINT('',(-0.000644907247490348,-0.00317899263712127,4.54101562499963E-5));
#564=CARTESIAN_POINT('',(-7.19482560720025E-5,-0.00325845030399651,4.54101562499865E-5));
#565=CARTESIAN_POINT('',(0.00032000300588047,-0.00324304529262629,4.54101562499798E-5));
#566=CARTESIAN_POINT('',(0.000885686674788361,-0.00311988576125803,4.54101562499872E-5));
#567=CARTESIAN_POINT('',(0.00107053651634281,-0.0030621448242143,4.54101562499926E-5));
#568=CARTESIAN_POINT('',(0.00160468796530464,-0.00283960257080463,4.54101562500217E-5));
#569=CARTESIAN_POINT('',(0.00193375859346568,-0.00262597878024643,4.54101562500558E-5));
#570=CARTESIAN_POINT('',(0.00235628006491069,-0.00223000676728167,4.5410156250048E-5));
#571=CARTESIAN_POINT('',(0.0024851461759978,-0.00208532199856512,4.54101562500309E-5));
#572=CARTESIAN_POINT('',(0.00283009114398339,-0.00162034532366137,4.54101562499861E-5));
#573=CARTESIAN_POINT('',(0.00300417218904031,-0.00126901004947521,4.54101562501629E-5));
#574=CARTESIAN_POINT('',(0.00311122623601426,-0.000898185260643995,4.54101562499995E-5));
#575=CARTESIAN_POINT('',(0.00305258581389396,0.000881256256183724,7.98339843749999E-5));
#576=CARTESIAN_POINT('',(0.00294754952263059,0.00124509173581646,7.98339843749684E-5));
#577=CARTESIAN_POINT('',(0.00277674955879066,0.0015898050393644,7.98339843750074E-5));
#578=CARTESIAN_POINT('',(0.00243830611689063,0.0020460178294124,7.9833984374965E-5));
#579=CARTESIAN_POINT('',(0.00231186887550893,0.00218797557821193,7.98339843749524E-5));
#580=CARTESIAN_POINT('',(0.00189731109283513,0.00257648430685512,7.98339843749489E-5));
#581=CARTESIAN_POINT('',(0.00157444279104912,0.00278608171414741,7.98339843749797E-5));
#582=CARTESIAN_POINT('',(0.00105035903375186,0.00300442948901727,7.98339843750061E-5));
#583=CARTESIAN_POINT('',(0.000868993243794838,0.0030610821243224,7.98339843750109E-5));
#584=CARTESIAN_POINT('',(0.000313971586137444,0.00318192034365492,7.98339843750174E-5));
#585=CARTESIAN_POINT('',(-7.0592174647317E-5,0.00319703500122217,7.98339843750112E-5));
#586=CARTESIAN_POINT('',(-0.000632752029466206,0.00311907495321896,7.98339843750023E-5));
#587=CARTESIAN_POINT('',(-0.000817664796533969,0.00307621116438318,7.98339843749994E-5));
#588=CARTESIAN_POINT('',(-0.00153560450865568,0.00283784450654899,7.98339843749928E-5));
#589=CARTESIAN_POINT('',(-0.00202583802490274,0.00251104104318508,7.98339843749963E-5));
#590=CARTESIAN_POINT('',(-0.00264742535206176,0.00179783816294127,7.98339843750004E-5));
#591=CARTESIAN_POINT('',(-0.00284239952359945,0.00146646798323242,7.9833984375001E-5));
#592=CARTESIAN_POINT('',(-0.00310713924809634,0.000756561857668025,7.9833984375001E-5));
#593=CARTESIAN_POINT('',(-0.00324735293940367,-4.44522890719057E-18,7.98339843749998E-5));
#594=CARTESIAN_POINT('',(-0.00310713924809633,-0.000756561857668033,7.9833984374998E-5));
#595=CARTESIAN_POINT('',(-0.00284239952359944,-0.00146646798323243,7.98339843749977E-5));
#596=CARTESIAN_POINT('',(-0.00264742535206175,-0.00179783816294128,7.98339843749985E-5));
#597=CARTESIAN_POINT('',(-0.00202583802490275,-0.00251104104318509,7.98339843750036E-5));
#598=CARTESIAN_POINT('',(-0.00153560450865571,-0.002837844506549,7.98339843750083E-5));
#599=CARTESIAN_POINT('',(-0.000817664796533956,-0.00307621116438318,7.98339843749994E-5));
#600=CARTESIAN_POINT('',(-0.000632752029466177,-0.00311907495321896,7.98339843749956E-5));
#601=CARTESIAN_POINT('',(-7.05921746472393E-5,-0.00319703500122215,7.98339843749834E-5));
#602=CARTESIAN_POINT('',(0.000313971586137555,-0.0031819203436549,7.98339843749751E-5));
#603=CARTESIAN_POINT('',(0.000868993243794918,-0.00306108212432238,7.98339843749842E-5));
#604=CARTESIAN_POINT('',(0.00105035903375191,-0.00300442948901726,7.9833984374991E-5));
#605=CARTESIAN_POINT('',(0.00157444279104904,-0.00278608171414742,7.9833984375027E-5));
#606=CARTESIAN_POINT('',(0.0018973110928349,-0.00257648430685517,7.98339843750691E-5));
#607=CARTESIAN_POINT('',(0.0023118688755087,-0.00218797557821196,7.98339843750601E-5));
#608=CARTESIAN_POINT('',(0.00243830611689047,-0.00204601782941242,7.98339843750396E-5));
#609=CARTESIAN_POINT('',(0.0027767495587907,-0.00158980503936438,7.98339843749838E-5));
#610=CARTESIAN_POINT('',(0.00294754952263048,-0.00124509173581652,7.9833984375179E-5));
#611=CARTESIAN_POINT('',(0.00305258581389396,-0.000881256256183726,7.98339843749994E-5));
#612=CARTESIAN_POINT('',(0.00302574153176779,0.000873506534141912,0.000100694444444444));
#613=CARTESIAN_POINT('',(0.00292162892422965,0.00123414246334158,0.00010069444444441));
#614=CARTESIAN_POINT('',(0.00275233096645801,0.00157582437588623,0.00010069444444445));
#615=CARTESIAN_POINT('',(0.00241686377872148,0.00202802525420026,0.00010069444444442));
#616=CARTESIAN_POINT('',(0.002291538419916,0.00216873463388221,0.000100694444444411));
#617=CARTESIAN_POINT('',(0.0018806262369908,0.00255382683681376,0.000100694444444408));
#618=CARTESIAN_POINT('',(0.00156059722238988,0.0027615810553221,0.00010069444444443));
#619=CARTESIAN_POINT('',(0.00104112223061025,0.00297800869112707,0.000100694444444449));
#620=CARTESIAN_POINT('',(0.000861351362051178,0.00303416312608075,0.000100694444444452));
#621=CARTESIAN_POINT('',(0.000311210536210694,0.00315393870034803,0.000100694444444457));
#622=CARTESIAN_POINT('',(-6.99713907061985E-5,0.00316892044039658,0.000100694444444452));
#623=CARTESIAN_POINT('',(-0.000627187640770695,0.00309164596903257,0.000100694444444446));
#624=CARTESIAN_POINT('',(-0.000810474294506836,0.00304915912214393,0.000100694444444444));
#625=CARTESIAN_POINT('',(-0.00152210048184767,0.0028128886483984,0.000100694444444439));
#626=CARTESIAN_POINT('',(-0.00200802290985015,0.00248895907782742,0.000100694444444442));
#627=CARTESIAN_POINT('',(-0.00262414403012962,0.00178202806690939,0.000100694444444445));
#628=CARTESIAN_POINT('',(-0.00281740360886398,0.00145357193946136,0.000100694444444445));
#629=CARTESIAN_POINT('',(-0.00307981522588488,0.000749908691732212,0.000100694444444445));
#630=CARTESIAN_POINT('',(-0.00321879588522624,-4.49943901581484E-18,0.000100694444444444));
#631=CARTESIAN_POINT('',(-0.00307981522588487,-0.00074990869173222,0.000100694444444442));
#632=CARTESIAN_POINT('',(-0.00281740360886397,-0.00145357193946137,0.000100694444444442));
#633=CARTESIAN_POINT('',(-0.00262414403012961,-0.0017820280669094,0.000100694444444443));
#634=CARTESIAN_POINT('',(-0.00200802290985016,-0.00248895907782744,0.000100694444444448));
#635=CARTESIAN_POINT('',(-0.0015221004818477,-0.00281288864839841,0.000100694444444453));
#636=CARTESIAN_POINT('',(-0.000810474294506823,-0.00304915912214393,0.000100694444444444));
#637=CARTESIAN_POINT('',(-0.000627187640770667,-0.00309164596903256,0.00010069444444444));
#638=CARTESIAN_POINT('',(-6.99713907061221E-5,-0.00316892044039656,0.000100694444444427));
#639=CARTESIAN_POINT('',(0.000311210536210803,-0.003153938700348,0.000100694444444418));
#640=CARTESIAN_POINT('',(0.000861351362051256,-0.00303416312608073,0.000100694444444428));
#641=CARTESIAN_POINT('',(0.0010411222306103,-0.00297800869112706,0.000100694444444435));
#642=CARTESIAN_POINT('',(0.00156059722238981,-0.00276158105532212,0.000100694444444473));
#643=CARTESIAN_POINT('',(0.00188062623699057,-0.00255382683681383,0.000100694444444518));
#644=CARTESIAN_POINT('',(0.00229153841991578,-0.00216873463388228,0.000100694444444509));
#645=CARTESIAN_POINT('',(0.00241686377872132,-0.0020280252542003,0.000100694444444487));
#646=CARTESIAN_POINT('',(0.00275233096645805,-0.0015758243758862,0.000100694444444428));
#647=CARTESIAN_POINT('',(0.00292162892422954,-0.00123414246334166,0.000100694444444623));
#648=CARTESIAN_POINT('',(0.00302574153176778,-0.000873506534141915,0.000100694444444444));
#649=CARTESIAN_POINT('',(0.0029790376933502,0.000860023522589557,0.000149305555555555));
#650=CARTESIAN_POINT('',(0.00287653211613788,0.00121509285530764,0.00014930555555551));
#651=CARTESIAN_POINT('',(0.00270984735727344,0.00155150073612613,0.000149305555555557));
#652=CARTESIAN_POINT('',(0.00237955827386799,0.00199672166703506,0.000149305555555556));
#653=CARTESIAN_POINT('',(0.0022561673748456,0.00213525912685422,0.000149305555555555));
#654=CARTESIAN_POINT('',(0.0018515978275995,0.00251440723845055,0.000149305555555553));
#655=CARTESIAN_POINT('',(0.00153650862138275,0.00271895466637555,0.000149305555555554));
#656=CARTESIAN_POINT('',(0.00102505198669786,0.00293204163305015,0.000149305555555555));
#657=CARTESIAN_POINT('',(0.000848055971677739,0.00298732929613023,0.000149305555555555));
#658=CARTESIAN_POINT('',(0.000306406845464346,0.00310525607432283,0.000149305555555556));
#659=CARTESIAN_POINT('',(-6.88913471892255E-5,0.00312000656369808,0.000149305555555555));
#660=CARTESIAN_POINT('',(-0.000617506684904332,0.00304392486256459,0.000149305555555555));
#661=CARTESIAN_POINT('',(-0.00079796421719361,0.00300209382147136,0.000149305555555555));
#662=CARTESIAN_POINT('',(-0.00149860609734286,0.00276947030101407,0.000149305555555554));
#663=CARTESIAN_POINT('',(-0.00197702806890428,0.00245054074586537,0.000149305555555555));
#664=CARTESIAN_POINT('',(-0.00258363905061273,0.00175452156973549,0.000149305555555555));
#665=CARTESIAN_POINT('',(-0.00277391557079992,0.00143113532738588,0.000149305555555556));
#666=CARTESIAN_POINT('',(-0.00303227673287232,0.000738333474880779,0.000149305555555556));
#667=CARTESIAN_POINT('',(-0.00316911215601658,-4.77048955893622E-18,0.000149305555555556));
#668=CARTESIAN_POINT('',(-0.00303227673287231,-0.000738333474880786,0.000149305555555554));
#669=CARTESIAN_POINT('',(-0.00277391557079991,-0.00143113532738589,0.000149305555555553));
#670=CARTESIAN_POINT('',(-0.00258363905061273,-0.0017545215697355,0.000149305555555554));
#671=CARTESIAN_POINT('',(-0.00197702806890429,-0.00245054074586538,0.000149305555555559));
#672=CARTESIAN_POINT('',(-0.00149860609734289,-0.00276947030101409,0.000149305555555564));
#673=CARTESIAN_POINT('',(-0.000797964217193597,-0.00300209382147137,0.000149305555555555));
#674=CARTESIAN_POINT('',(-0.000617506684904303,-0.00304392486256459,0.000149305555555551));
#675=CARTESIAN_POINT('',(-6.88913471891481E-5,-0.00312000656369804,0.000149305555555539));
#676=CARTESIAN_POINT('',(0.000306406845464457,-0.00310525607432278,0.00014930555555553));
#677=CARTESIAN_POINT('',(0.000848055971677818,-0.0029873292961302,0.000149305555555539));
#678=CARTESIAN_POINT('',(0.00102505198669791,-0.00293204163305012,0.000149305555555546));
#679=CARTESIAN_POINT('',(0.00153650862138267,-0.00271895466637558,0.000149305555555583));
#680=CARTESIAN_POINT('',(0.00185159782759927,-0.00251440723845066,0.000149305555555627));
#681=CARTESIAN_POINT('',(0.00225616737484537,-0.00213525912685432,0.000149305555555618));
#682=CARTESIAN_POINT('',(0.00237955827386782,-0.00199672166703513,0.000149305555555597));
#683=CARTESIAN_POINT('',(0.00270984735727348,-0.00155150073612611,0.00014930555555554));
#684=CARTESIAN_POINT('',(0.00287653211613781,-0.00121509285530774,0.000149305555555718));
#685=CARTESIAN_POINT('',(0.0029790376933502,-0.000860023522589559,0.000149305555555555));
#686=CARTESIAN_POINT('',(0.00295899570018998,0.000854237565065136,0.00017724609375));
#687=CARTESIAN_POINT('',(0.00285717974704046,0.00120691810721718,0.000177246093749949));
#688=CARTESIAN_POINT('',(0.00269161638882314,0.00154106274562641,0.00017724609375));
#689=CARTESIAN_POINT('',(0.0023635493825553,0.00198328837544465,0.000177246093750013));
#690=CARTESIAN_POINT('',(0.00224098861722331,0.00212089380045662,0.000177246093750015));
#691=CARTESIAN_POINT('',(0.00183914088182835,0.0024974911273226,0.000177246093750014));
#692=CARTESIAN_POINT('',(0.00152617149293716,0.00270066242692248,0.000177246093750005));
#693=CARTESIAN_POINT('',(0.00101815577153679,0.0029123158140428,0.000177246093749998));
#694=CARTESIAN_POINT('',(0.000842350527929315,0.00296723151977311,0.000177246093749996));
#695=CARTESIAN_POINT('',(0.00030434544022777,0.00308436492509661,0.000177246093749994));
#696=CARTESIAN_POINT('',(-6.8427868693382E-5,0.0030990161779943,0.000177246093749996));
#697=CARTESIAN_POINT('',(-0.000613352301499626,0.00302344632971087,0.000177246093749998));
#698=CARTESIAN_POINT('',(-0.000792595774418013,0.0029818967142073,0.000177246093749999));
#699=CARTESIAN_POINT('',(-0.00148852396470659,0.00275083820886087,0.000177246093750001));
#700=CARTESIAN_POINT('',(-0.00196372726941356,0.00243405430765174,0.00017724609375));
#701=CARTESIAN_POINT('',(-0.00256625717045175,0.00174271772133887,0.00017724609375));
#702=CARTESIAN_POINT('',(-0.00275525357232266,0.00142150711606555,0.00017724609375));
#703=CARTESIAN_POINT('',(-0.00301187656483289,0.000733366208274332,0.00017724609375));
#704=CARTESIAN_POINT('',(-0.00314779140391711,-4.71627945031194E-18,0.00017724609375));
#705=CARTESIAN_POINT('',(-0.00301187656483288,-0.000733366208274339,0.000177246093749999));
#706=CARTESIAN_POINT('',(-0.00275525357232265,-0.00142150711606555,0.000177246093749998));
#707=CARTESIAN_POINT('',(-0.00256625717045174,-0.00174271772133888,0.000177246093749998));
#708=CARTESIAN_POINT('',(-0.00196372726941357,-0.00243405430765175,0.000177246093750003));
#709=CARTESIAN_POINT('',(-0.00148852396470662,-0.00275083820886089,0.000177246093750007));
#710=CARTESIAN_POINT('',(-0.000792595774418,-0.0029818967142073,0.000177246093749999));
#711=CARTESIAN_POINT('',(-0.000613352301499597,-0.00302344632971086,0.000177246093749996));
#712=CARTESIAN_POINT('',(-6.84278686933042E-5,-0.00309901617799427,0.000177246093749985));
#713=CARTESIAN_POINT('',(0.000304345440227882,-0.00308436492509656,0.000177246093749977));
#714=CARTESIAN_POINT('',(0.000842350527929395,-0.00296723151977308,0.000177246093749986));
#715=CARTESIAN_POINT('',(0.00101815577153685,-0.00291231581404278,0.000177246093749992));
#716=CARTESIAN_POINT('',(0.00152617149293708,-0.00270066242692252,0.000177246093750025));
#717=CARTESIAN_POINT('',(0.00183914088182812,-0.00249749112732272,0.000177246093750063));
#718=CARTESIAN_POINT('',(0.00224098861722308,-0.00212089380045673,0.000177246093750055));
#719=CARTESIAN_POINT('',(0.00236354938255513,-0.00198328837544472,0.000177246093750037));
#720=CARTESIAN_POINT('',(0.00269161638882318,-0.00154106274562638,0.000177246093749986));
#721=CARTESIAN_POINT('',(0.00285717974704041,-0.00120691810721729,0.000177246093750147));
#722=CARTESIAN_POINT('',(0.00295899570018998,-0.000854237565065138,0.00017724609375));
#723=CARTESIAN_POINT('',(0.00292592250211413,0.000844689606549545,0.00023828125));
#724=CARTESIAN_POINT('',(0.00282524456318528,0.0011934281783137,0.000238281249999942));
#725=CARTESIAN_POINT('',(0.00266153173477447,0.0015238380252829,0.000238281249999998));
#726=CARTESIAN_POINT('',(0.00233713158921875,0.00196112082404255,0.000238281250000025));
#727=CARTESIAN_POINT('',(0.00221594070640058,0.00209718820982134,0.000238281250000031));
#728=CARTESIAN_POINT('',(0.00181858449147257,0.00246957624432996,0.00023828125000003));
#729=CARTESIAN_POINT('',(0.001509113214657,0.00267047666376783,0.000238281250000012));
#730=CARTESIAN_POINT('',(0.00100677567135553,0.00287976436499167,0.000238281249999995));
#731=CARTESIAN_POINT('',(0.000832935432849018,0.0029340662685414,0.000238281249999992));
#732=CARTESIAN_POINT('',(0.000300943719492773,0.00304989045387673,0.000238281249999988));
#733=CARTESIAN_POINT('',(-6.7663038769811E-5,0.00306437794722956,0.000238281249999992));
#734=CARTESIAN_POINT('',(-0.000606496758533992,0.00298965275598996,0.000238281249999997));
#735=CARTESIAN_POINT('',(-0.000783736796677788,0.0029485675476038,0.000238281249999999));
#736=CARTESIAN_POINT('',(-0.0014718864792509,0.00272009162245981,0.000238281250000003));
#737=CARTESIAN_POINT('',(-0.00194177835581964,0.00240684846877906,0.000238281250000001));
#738=CARTESIAN_POINT('',(-0.00253757367770235,0.00172323906904329,0.00023828125));
#739=CARTESIAN_POINT('',(-0.00272445763465342,0.00140561868932236,0.000238281249999999));
#740=CARTESIAN_POINT('',(-0.0029782123083413,0.000725169249466033,0.00023828125));
#741=CARTESIAN_POINT('',(-0.00311260800415871,-4.66206934168767E-18,0.00023828125));
#742=CARTESIAN_POINT('',(-0.00297821230834129,-0.00072516924946604,0.000238281249999999));
#743=CARTESIAN_POINT('',(-0.00272445763465341,-0.00140561868932237,0.000238281249999998));
#744=CARTESIAN_POINT('',(-0.00253757367770234,-0.0017232390690433,0.000238281249999998));
#745=CARTESIAN_POINT('',(-0.00194177835581965,-0.00240684846877907,0.000238281250000001));
#746=CARTESIAN_POINT('',(-0.00147188647925092,-0.00272009162245983,0.000238281250000004));
#747=CARTESIAN_POINT('',(-0.000783736796677775,-0.0029485675476038,0.000238281249999999));
#748=CARTESIAN_POINT('',(-0.000606496758533965,-0.00298965275598995,0.000238281249999997));
#749=CARTESIAN_POINT('',(-6.76630387697405E-5,-0.00306437794722953,0.000238281249999991));
#750=CARTESIAN_POINT('',(0.000300943719492874,-0.00304989045387669,0.000238281249999986));
#751=CARTESIAN_POINT('',(0.00083293543284909,-0.00293406626854137,0.000238281249999991));
#752=CARTESIAN_POINT('',(0.00100677567135558,-0.00287976436499164,0.000238281249999995));
#753=CARTESIAN_POINT('',(0.00150911321465693,-0.00267047666376786,0.000238281250000015));
#754=CARTESIAN_POINT('',(0.00181858449147237,-0.00246957624433006,0.000238281250000038));
#755=CARTESIAN_POINT('',(0.00221594070640037,-0.00209718820982143,0.000238281250000033));
#756=CARTESIAN_POINT('',(0.0023371315892186,-0.00196112082404262,0.000238281250000021));
#757=CARTESIAN_POINT('',(0.0026615317347745,-0.00152383802528287,0.00023828124999999));
#758=CARTESIAN_POINT('',(0.00282524456318529,-0.0011934281783138,0.00023828125000011));
#759=CARTESIAN_POINT('',(0.00292592250211413,-0.000844689606549547,0.00023828125));
#760=CARTESIAN_POINT('',(0.00291294342201818,0.000840942653562339,0.000271267361111111));
#761=CARTESIAN_POINT('',(0.00281271207968657,0.00118813425822391,0.000271267361111052));
#762=CARTESIAN_POINT('',(0.00264972546391849,0.00151707844235849,0.000271267361111109));
#763=CARTESIAN_POINT('',(0.00232676432280299,0.00195242150127011,0.000271267361111137));
#764=CARTESIAN_POINT('',(0.00220611102981293,0.00208788530664061,0.000271267361111143));
#765=CARTESIAN_POINT('',(0.00181051744466629,0.00245862146755273,0.000271267361111142));
#766=CARTESIAN_POINT('',(0.00150241894942176,0.00265863071416105,0.000271267361111123));
#767=CARTESIAN_POINT('',(0.00100230972187541,0.00286699003746805,0.000271267361111106));
#768=CARTESIAN_POINT('',(0.000829240620122471,0.0029210510635663,0.000271267361111103));
#769=CARTESIAN_POINT('',(0.000299608765256345,0.00303636146517105,0.000271267361111099));
#770=CARTESIAN_POINT('',(-6.73628927477944E-5,0.00305078469354883,0.000271267361111102));
#771=CARTESIAN_POINT('',(-0.000603806403611309,0.00297639097528625,0.000271267361111108));
#772=CARTESIAN_POINT('',(-0.000780260223853019,0.00293548801650171,0.00027126736111111));
#773=CARTESIAN_POINT('',(-0.00146535734784275,0.00270802558618895,0.000271267361111114));
#774=CARTESIAN_POINT('',(-0.00193316483417286,0.00239617194572264,0.000271267361111112));
#775=CARTESIAN_POINT('',(-0.00252631727156429,0.00171559496435992,0.000271267361111111));
#776=CARTESIAN_POINT('',(-0.00271237223121821,0.00139938351476121,0.000271267361111111));
#777=CARTESIAN_POINT('',(-0.00296500127624294,0.000721952476032989,0.000271267361111111));
#778=CARTESIAN_POINT('',(-0.0030988008070904,-4.60785923306339E-18,0.000271267361111111));
#779=CARTESIAN_POINT('',(-0.00296500127624294,-0.000721952476032996,0.00027126736111111));
#780=CARTESIAN_POINT('',(-0.0027123722312182,-0.00139938351476122,0.00027126736111111));
#781=CARTESIAN_POINT('',(-0.00252631727156428,-0.00171559496435992,0.00027126736111111));
#782=CARTESIAN_POINT('',(-0.00193316483417286,-0.00239617194572265,0.000271267361111111));
#783=CARTESIAN_POINT('',(-0.00146535734784277,-0.00270802558618896,0.000271267361111113));
#784=CARTESIAN_POINT('',(-0.000780260223853006,-0.00293548801650171,0.00027126736111111));
#785=CARTESIAN_POINT('',(-0.000603806403611283,-0.00297639097528624,0.000271267361111109));
#786=CARTESIAN_POINT('',(-6.7362892747731E-5,-0.0030507846935488,0.000271267361111106));
#787=CARTESIAN_POINT('',(0.000299608765256434,-0.00303636146517101,0.000271267361111103));
#788=CARTESIAN_POINT('',(0.000829240620122537,-0.00292105106356627,0.000271267361111106));
#789=CARTESIAN_POINT('',(0.00100230972187546,-0.00286699003746803,0.000271267361111108));
#790=CARTESIAN_POINT('',(0.0015024189494217,-0.00265863071416107,0.000271267361111119));
#791=CARTESIAN_POINT('',(0.00181051744466611,-0.00245862146755281,0.000271267361111132));
#792=CARTESIAN_POINT('',(0.00220611102981275,-0.00208788530664068,0.000271267361111128));
#793=CARTESIAN_POINT('',(0.00232676432280286,-0.00195242150127016,0.000271267361111121));
#794=CARTESIAN_POINT('',(0.00264972546391851,-0.00151707844235847,0.000271267361111104));
#795=CARTESIAN_POINT('',(0.00281271207968659,-0.00118813425822401,0.0002712673611112));
#796=CARTESIAN_POINT('',(0.00291294342201817,-0.000840942653562341,0.000271267361111111));
#797=CARTESIAN_POINT('',(0.00289417848693968,0.000835525372135053,0.000338107638888889));
#798=CARTESIAN_POINT('',(0.0027945928264355,0.00118048039785318,0.000338107638888835));
#799=CARTESIAN_POINT('',(0.00263265615665682,0.00150730555138344,0.000338107638888888));
#800=CARTESIAN_POINT('',(0.00231177550388864,0.0019398441671413,0.00033810763888891));
#801=CARTESIAN_POINT('',(0.0021918994492043,0.00207443532613837,0.000338107638888915));
#802=CARTESIAN_POINT('',(0.00179885424446444,0.00244278323606759,0.000338107638888914));
#803=CARTESIAN_POINT('',(0.00149274049365997,0.00264150404003077,0.000338107638888899));
#804=CARTESIAN_POINT('',(0.000995852927446322,0.00284852113020499,0.000338107638888885));
#805=CARTESIAN_POINT('',(0.000823898722204568,0.00290223389974688,0.000338107638888882));
#806=CARTESIAN_POINT('',(0.000297678710938611,0.00301680148150018,0.000338107638888878));
#807=CARTESIAN_POINT('',(-6.69289466918709E-5,0.00303113179666102,0.000338107638888881));
#808=CARTESIAN_POINT('',(-0.000599916733843574,0.0029572173164375,0.000338107638888886));
#809=CARTESIAN_POINT('',(-0.000775233853503955,0.00291657785105291,0.000338107638888887));
#810=CARTESIAN_POINT('',(-0.00145591763978278,0.00269058071447204,0.000338107638888891));
#811=CARTESIAN_POINT('',(-0.00192071154986425,0.0023807360087736,0.00033810763888889));
#812=CARTESIAN_POINT('',(-0.00251004294943697,0.0017045432467454,0.000338107638888889));
#813=CARTESIAN_POINT('',(-0.00269489935878176,0.00139036880455231,0.000338107638888888));
#814=CARTESIAN_POINT('',(-0.00294590098887183,0.000717301719262322,0.000338107638888889));
#815=CARTESIAN_POINT('',(-0.00307883859446151,-4.28259858131774E-18,0.000338107638888889));
#816=CARTESIAN_POINT('',(-0.00294590098887182,-0.000717301719262329,0.000338107638888888));
#817=CARTESIAN_POINT('',(-0.00269489935878175,-0.00139036880455232,0.000338107638888888));
#818=CARTESIAN_POINT('',(-0.00251004294943696,-0.00170454324674541,0.000338107638888888));
#819=CARTESIAN_POINT('',(-0.00192071154986425,-0.00238073600877361,0.000338107638888887));
#820=CARTESIAN_POINT('',(-0.00145591763978279,-0.00269058071447205,0.000338107638888887));
#821=CARTESIAN_POINT('',(-0.000775233853503942,-0.00291657785105291,0.000338107638888888));
#822=CARTESIAN_POINT('',(-0.000599916733843553,-0.0029572173164375,0.000338107638888889));
#823=CARTESIAN_POINT('',(-6.69289466918231E-5,-0.003031131796661,0.00033810763888889));
#824=CARTESIAN_POINT('',(0.000297678710938677,-0.00301680148150016,0.000338107638888891));
#825=CARTESIAN_POINT('',(0.000823898722204619,-0.00290223389974686,0.00033810763888889));
#826=CARTESIAN_POINT('',(0.000995852927446359,-0.00284852113020497,0.00033810763888889));
#827=CARTESIAN_POINT('',(0.00149274049365994,-0.00264150404003078,0.000338107638888886));
#828=CARTESIAN_POINT('',(0.00179885424446433,-0.00244278323606763,0.000338107638888883));
#829=CARTESIAN_POINT('',(0.00219189944920418,-0.00207443532613841,0.000338107638888882));
#830=CARTESIAN_POINT('',(0.00231177550388856,-0.00193984416714132,0.000338107638888882));
#831=CARTESIAN_POINT('',(0.00263265615665684,-0.00150730555138342,0.000338107638888887));
#832=CARTESIAN_POINT('',(0.00279459282643556,-0.00118048039785326,0.000338107638888938));
#833=CARTESIAN_POINT('',(0.00289417848693968,-0.000835525372135055,0.000338107638888889));
#834=CARTESIAN_POINT('',(0.00288844475677681,0.000833870091698938,0.000371853298611111));
#835=CARTESIAN_POINT('',(0.00278905638794219,0.00117814171829547,0.000371853298611062));
#836=CARTESIAN_POINT('',(0.00262744053499353,0.00150431939025218,0.000371853298611111));
#837=CARTESIAN_POINT('',(0.00230719558699815,0.00193600109282417,0.000371853298611128));
#838=CARTESIAN_POINT('',(0.00218755702179611,0.00207032560987381,0.000371853298611131));
#839=CARTESIAN_POINT('',(0.00179529048884722,0.00243794377644715,0.00037185329861113));
#840=CARTESIAN_POINT('',(0.00148978318773276,0.00263627088960208,0.000371853298611118));
#841=CARTESIAN_POINT('',(0.000993880018037433,0.00284287785298572,0.000371853298611108));
#842=CARTESIAN_POINT('',(0.00082226647561854,0.00289648421080205,0.000371853298611106));
#843=CARTESIAN_POINT('',(0.000297088972119299,0.00301082481982297,0.000371853298611103));
#844=CARTESIAN_POINT('',(-6.67963520636749E-5,0.00302512674483418,0.000371853298611105));
#845=CARTESIAN_POINT('',(-0.000598728223636767,0.00295135869845594,0.000371853298611108));
#846=CARTESIAN_POINT('',(-0.000773698018119519,0.00291079974494356,0.000371853298611109));
#847=CARTESIAN_POINT('',(-0.00145303328454224,0.00268525033700299,0.000371853298611112));
#848=CARTESIAN_POINT('',(-0.00191690637965884,0.00237601947248362,0.000371853298611112));
#849=CARTESIAN_POINT('',(-0.00250507023989806,0.00170116633302985,0.000371853298611111));
#850=CARTESIAN_POINT('',(-0.00268956042553729,0.00138761430976626,0.000371853298611111));
#851=CARTESIAN_POINT('',(-0.00294006478995288,0.000715880654693506,0.000371853298611111));
#852=CARTESIAN_POINT('',(-0.00307273902949158,-4.11996825544492E-18,0.000371853298611111));
#853=CARTESIAN_POINT('',(-0.00294006478995287,-0.000715880654693514,0.000371853298611111));
#854=CARTESIAN_POINT('',(-0.00268956042553728,-0.00138761430976627,0.00037185329861111));
#855=CARTESIAN_POINT('',(-0.00250507023989805,-0.00170116633302986,0.00037185329861111));
#856=CARTESIAN_POINT('',(-0.00191690637965884,-0.00237601947248363,0.000371853298611109));
#857=CARTESIAN_POINT('',(-0.00145303328454224,-0.002685250337003,0.000371853298611108));
#858=CARTESIAN_POINT('',(-0.000773698018119506,-0.00291079974494356,0.000371853298611111));
#859=CARTESIAN_POINT('',(-0.000598728223636748,-0.00295135869845594,0.000371853298611111));
#860=CARTESIAN_POINT('',(-6.67963520636352E-5,-0.00302512674483417,0.000371853298611114));
#861=CARTESIAN_POINT('',(0.000297088972119352,-0.00301082481982295,0.000371853298611116));
#862=CARTESIAN_POINT('',(0.000822266475618582,-0.00289648421080203,0.000371853298611114));
#863=CARTESIAN_POINT('',(0.000993880018037466,-0.00284287785298571,0.000371853298611113));
#864=CARTESIAN_POINT('',(0.00148978318773274,-0.00263627088960208,0.000371853298611105));
#865=CARTESIAN_POINT('',(0.00179529048884714,-0.00243794377644717,0.000371853298611095));
#866=CARTESIAN_POINT('',(0.00218755702179603,-0.00207032560987383,0.000371853298611095));
#867=CARTESIAN_POINT('',(0.00230719558699809,-0.00193600109282418,0.000371853298611098));
#868=CARTESIAN_POINT('',(0.00262744053499355,-0.00150431939025216,0.000371853298611112));
#869=CARTESIAN_POINT('',(0.00278905638794225,-0.00117814171829554,0.000371853298611143));
#870=CARTESIAN_POINT('',(0.00288844475677681,-0.00083387009169894,0.000371853298611111));
#871=CARTESIAN_POINT('',(0.00288247646492545,0.000832147095244981,0.000437228732638889));
#872=CARTESIAN_POINT('',(0.00278329345878366,0.00117570736548326,0.000437228732638858));
#873=CARTESIAN_POINT('',(0.00262201154698944,0.00150121106798371,0.00043722873263889));
#874=CARTESIAN_POINT('',(0.00230242830987128,0.00193200080183044,0.000437228732638897));
#875=CARTESIAN_POINT('',(0.0021830369496304,0.00206604776885299,0.000437228732638899));
#876=CARTESIAN_POINT('',(0.00179158094322758,0.00243290633893316,0.000437228732638898));
#877=CARTESIAN_POINT('',(0.00148670490110856,0.00263082365574677,0.000437228732638892));
#878=CARTESIAN_POINT('',(0.000991826398698168,0.00283700371442566,0.000437228732638887));
#879=CARTESIAN_POINT('',(0.000820567455308516,0.00289049930730947,0.000437228732638886));
#880=CARTESIAN_POINT('',(0.000296475107620981,0.00300460365834986,0.000437228732638885));
#881=CARTESIAN_POINT('',(-6.66583331098023E-5,0.00301887603179624,0.000437228732638885));
#882=CARTESIAN_POINT('',(-0.000597491092557869,0.00294526040973877,0.000437228732638887));
#883=CARTESIAN_POINT('',(-0.000772099353105719,0.00290478526176609,0.000437228732638887));
#884=CARTESIAN_POINT('',(-0.00145003093295093,0.00267970189863748,0.000437228732638889));
#885=CARTESIAN_POINT('',(-0.00191294554339957,0.00237110998698177,0.000437228732638889));
#886=CARTESIAN_POINT('',(-0.00249989410133257,0.00169765127284413,0.000437228732638889));
#887=CARTESIAN_POINT('',(-0.00268400308138736,0.00138474713110259,0.000437228732638889));
#888=CARTESIAN_POINT('',(-0.00293398983744178,0.000714401455665057,0.000437228732638889));
#889=CARTESIAN_POINT('',(-0.00306638993686378,-4.22838847269347E-18,0.000437228732638889));
#890=CARTESIAN_POINT('',(-0.00293398983744178,-0.000714401455665066,0.000437228732638889));
#891=CARTESIAN_POINT('',(-0.00268400308138736,-0.0013847471311026,0.000437228732638889));
#892=CARTESIAN_POINT('',(-0.00249989410133256,-0.00169765127284414,0.000437228732638888));
#893=CARTESIAN_POINT('',(-0.00191294554339957,-0.00237110998698179,0.000437228732638887));
#894=CARTESIAN_POINT('',(-0.00145003093295092,-0.00267970189863749,0.000437228732638886));
#895=CARTESIAN_POINT('',(-0.000772099353105707,-0.0029047852617661,0.000437228732638889));
#896=CARTESIAN_POINT('',(-0.000597491092557852,-0.00294526040973876,0.00043722873263889));
#897=CARTESIAN_POINT('',(-6.66583331097739E-5,-0.00301887603179624,0.000437228732638893));
#898=CARTESIAN_POINT('',(0.000296475107621017,-0.00300460365834985,0.000437228732638895));
#899=CARTESIAN_POINT('',(0.000820567455308548,-0.00289049930730946,0.000437228732638893));
#900=CARTESIAN_POINT('',(0.000991826398698194,-0.00283700371442564,0.000437228732638891));
#901=CARTESIAN_POINT('',(0.00148670490110857,-0.00263082365574677,0.000437228732638882));
#902=CARTESIAN_POINT('',(0.00179158094322755,-0.00243290633893317,0.000437228732638871));
#903=CARTESIAN_POINT('',(0.00218303694963036,-0.002066047768853,0.000437228732638871));
#904=CARTESIAN_POINT('',(0.00230242830987125,-0.00193200080183044,0.000437228732638875));
#905=CARTESIAN_POINT('',(0.00262201154698945,-0.0015012110679837,0.000437228732638891));
#906=CARTESIAN_POINT('',(0.00278329345878371,-0.00117570736548331,0.000437228732638896));
#907=CARTESIAN_POINT('',(0.00288247646492545,-0.000832147095244984,0.000437228732638889));
#908=CARTESIAN_POINT('',(0.00288229402805663,0.000832094427231105,0.00046875));
#909=CARTESIAN_POINT('',(0.00278311729937747,0.00117563295295201,0.000468749999999981));
#910=CARTESIAN_POINT('',(0.00262184559539104,0.00150111605376589,0.000468750000000001));
#911=CARTESIAN_POINT('',(0.00230228258524299,0.00193187852219309,0.000468750000000006));
#912=CARTESIAN_POINT('',(0.00218289878148567,0.00206591700515368,0.000468750000000006));
#913=CARTESIAN_POINT('',(0.00179146755100349,0.00243275235612708,0.000468750000000006));
#914=CARTESIAN_POINT('',(0.00148661080501092,0.00263065714641496,0.000468750000000002));
#915=CARTESIAN_POINT('',(0.000991763624307873,0.00283682415560504,0.000468749999999999));
#916=CARTESIAN_POINT('',(0.000820515520189849,0.00289031636266122,0.000468749999999998));
#917=CARTESIAN_POINT('',(0.000296456343203969,0.00300441349184194,0.000468749999999997));
#918=CARTESIAN_POINT('',(-6.66541141898367E-5,0.00301868496196538,0.000468749999999998));
#919=CARTESIAN_POINT('',(-0.000597453276324022,0.00294507399916662,0.000468749999999999));
#920=CARTESIAN_POINT('',(-0.000772050485616215,0.00290460141293534,0.000468749999999999));
#921=CARTESIAN_POINT('',(-0.00144993915801144,0.00267953229571801,0.00046875));
#922=CARTESIAN_POINT('',(-0.00191282446980212,0.00237095991537255,0.00046875));
#923=CARTESIAN_POINT('',(-0.00249973587875633,0.00169754382558954,0.00046875));
#924=CARTESIAN_POINT('',(-0.00268383320623868,0.00138465948808667,0.00046875));
#925=CARTESIAN_POINT('',(-0.00293380414020346,0.00071435623997423,0.00046875));
#926=CARTESIAN_POINT('',(-0.00306619585979655,-4.33680868994202E-18,0.00046875));
#927=CARTESIAN_POINT('',(-0.00293380414020345,-0.000714356239974239,0.00046875));
#928=CARTESIAN_POINT('',(-0.00268383320623867,-0.00138465948808668,0.00046875));
#929=CARTESIAN_POINT('',(-0.00249973587875633,-0.00169754382558955,0.00046875));
#930=CARTESIAN_POINT('',(-0.00191282446980211,-0.00237095991537256,0.000468749999999999));
#931=CARTESIAN_POINT('',(-0.00144993915801144,-0.00267953229571802,0.000468749999999998));
#932=CARTESIAN_POINT('',(-0.000772050485616202,-0.00290460141293534,0.00046875));
#933=CARTESIAN_POINT('',(-0.000597453276324006,-0.00294507399916662,0.00046875));
#934=CARTESIAN_POINT('',(-6.66541141898109E-5,-0.00301868496196538,0.000468750000000002));
#935=CARTESIAN_POINT('',(0.000296456343204001,-0.00300441349184193,0.000468750000000004));
#936=CARTESIAN_POINT('',(0.000820515520189877,-0.00289031636266121,0.000468750000000002));
#937=CARTESIAN_POINT('',(0.000991763624307897,-0.00283682415560503,0.000468750000000001));
#938=CARTESIAN_POINT('',(0.00148661080501092,-0.00263065714641496,0.000468749999999996));
#939=CARTESIAN_POINT('',(0.00179146755100347,-0.0024327523561271,0.000468749999999989));
#940=CARTESIAN_POINT('',(0.00218289878148565,-0.00206591700515369,0.00046874999999999));
#941=CARTESIAN_POINT('',(0.00230228258524297,-0.00193187852219309,0.000468749999999992));
#942=CARTESIAN_POINT('',(0.00262184559539104,-0.00150111605376588,0.000468750000000001));
#943=CARTESIAN_POINT('',(0.00278311729937751,-0.00117563295295204,0.00046875));
#944=CARTESIAN_POINT('',(0.00288229402805663,-0.000832094427231107,0.00046875));
#945=CARTESIAN_POINT('',(0.00288229402805663,0.000832094427231105,0.0005));
#946=CARTESIAN_POINT('',(0.0027831172993783,0.00117563295295224,0.0005));
#947=CARTESIAN_POINT('',(0.00262184559539098,0.00150111605376588,0.0005));
#948=CARTESIAN_POINT('',(0.00230228258524308,0.00193187852219311,0.0005));
#949=CARTESIAN_POINT('',(0.00218289878148583,0.00206591700515372,0.0005));
#950=CARTESIAN_POINT('',(0.00179146755100368,0.00243275235612713,0.0005));
#951=CARTESIAN_POINT('',(0.00148661080501099,0.00263065714641497,0.0005));
#952=CARTESIAN_POINT('',(0.000991763624307849,0.00283682415560503,0.0005));
#953=CARTESIAN_POINT('',(0.000820515520189806,0.00289031636266121,0.0005));
#954=CARTESIAN_POINT('',(0.000296456343203902,0.00300441349184192,0.0005));
#955=CARTESIAN_POINT('',(-6.66541141898808E-5,0.00301868496196537,0.0005));
#956=CARTESIAN_POINT('',(-0.000597453276324032,0.00294507399916662,0.0005));
#957=CARTESIAN_POINT('',(-0.000772050485616215,0.00290460141293534,0.0005));
#958=CARTESIAN_POINT('',(-0.00144993915801142,0.00267953229571802,0.0005));
#959=CARTESIAN_POINT('',(-0.00191282446980211,0.00237095991537255,0.0005));
#960=CARTESIAN_POINT('',(-0.00249973587875633,0.00169754382558954,0.0005));
#961=CARTESIAN_POINT('',(-0.00268383320623868,0.00138465948808667,0.0005));
#962=CARTESIAN_POINT('',(-0.00293380414020346,0.000714356239974228,0.0005));
#963=CARTESIAN_POINT('',(-0.00306619585979655,-4.87890977618477E-18,0.0005));
#964=CARTESIAN_POINT('',(-0.00293380414020346,-0.000714356239974239,0.0005));
#965=CARTESIAN_POINT('',(-0.00268383320623868,-0.00138465948808668,0.0005));
#966=CARTESIAN_POINT('',(-0.00249973587875633,-0.00169754382558955,0.0005));
#967=CARTESIAN_POINT('',(-0.0019128244698021,-0.00237095991537257,0.0005));
#968=CARTESIAN_POINT('',(-0.00144993915801141,-0.00267953229571803,0.0005));
#969=CARTESIAN_POINT('',(-0.000772050485616203,-0.00290460141293535,0.0005));
#970=CARTESIAN_POINT('',(-0.000597453276324018,-0.00294507399916662,0.0005));
#971=CARTESIAN_POINT('',(-6.66541141898587E-5,-0.00301868496196537,0.0005));
#972=CARTESIAN_POINT('',(0.000296456343203929,-0.00300441349184191,0.0005));
#973=CARTESIAN_POINT('',(0.000820515520189832,-0.0028903163626612,0.0005));
#974=CARTESIAN_POINT('',(0.000991763624307872,-0.00283682415560502,0.0005));
#975=CARTESIAN_POINT('',(0.001486610805011,-0.00263065714641498,0.0005));
#976=CARTESIAN_POINT('',(0.00179146755100368,-0.00243275235612716,0.0005));
#977=CARTESIAN_POINT('',(0.00218289878148582,-0.00206591700515374,0.0005));
#978=CARTESIAN_POINT('',(0.00230228258524308,-0.00193187852219312,0.0005));
#979=CARTESIAN_POINT('',(0.00262184559539099,-0.00150111605376586,0.0005));
#980=CARTESIAN_POINT('',(0.00278311729937829,-0.00117563295295227,0.0005));
#981=CARTESIAN_POINT('',(0.00288229402805663,-0.000832094427231107,0.0005));
#982=CARTESIAN_POINT('',(0.00299990938293344,-0.00180272118363145,3.52657245161692E-15));
#983=CARTESIAN_POINT('',(0.00299973218365211,-0.00180301606122783,2.42163620649041E-14));
#984=CARTESIAN_POINT('',(0.00297276434416018,-0.00179560347377831,8.2232198518924E-7));
#985=CARTESIAN_POINT('',(0.00290475082697458,-0.00177663517219854,-4.2955322302921E-8));
#986=CARTESIAN_POINT('',(0.0027851563698071,-0.00174461660810804,2.63748991587828E-5));
#987=CARTESIAN_POINT('',(0.00279717202290568,-0.00174780535444039,2.31806387031601E-5));
#988=CARTESIAN_POINT('',(0.00267218258053851,-0.00171129345586007,7.52529252082331E-5));
#989=CARTESIAN_POINT('',(0.00261165390766176,-0.00169044911208267,0.000136998227591458));
#990=CARTESIAN_POINT('',(0.00251850087211722,-0.00166378039253215,0.000258032564626672));
#991=CARTESIAN_POINT('',(0.00250000000000006,-0.00165831361912275,0.000415523879691019));
#992=CARTESIAN_POINT('',(0.00250000000000006,-0.00165831361912275,0.0005));
#993=CARTESIAN_POINT('',(0.00250000000000006,0.00165831361912275,0.0005));
#994=CARTESIAN_POINT('',(0.00250000000000006,0.00165831361912275,0.000428267391757165));
#995=CARTESIAN_POINT('',(0.0025110160638267,0.00166452159679152,0.000281801155993175));
#996=CARTESIAN_POINT('',(0.00260565672462933,0.0016894275175561,0.000131894759004888));
#997=CARTESIAN_POINT('',(0.00269566925899074,0.00171671301526284,6.83934849847207E-5));
#998=CARTESIAN_POINT('',(0.00276169060762224,0.00173555501176744,2.93977373466845E-5));
#999=CARTESIAN_POINT('',(0.00289825112591808,0.00177434367045759,1.47012527714364E-6));
#1000=CARTESIAN_POINT('',(0.00297426331246228,0.00179644553117254,-1.71458825642972E-8));
#1001=CARTESIAN_POINT('',(0.00299950806634909,0.00180338901494589,5.03844009247675E-14));
#1002=CARTESIAN_POINT('',(0.00299990938283612,0.0018027211837936,3.52658381410956E-15));
#1003=CARTESIAN_POINT('',(0.00250000000000006,0.00182536424910532,0.000500000000000011));
#1004=CARTESIAN_POINT('',(0.00250000000000006,-0.0018248048186093,0.000500000000000011));
#1005=CARTESIAN_POINT('',(0.00250000000000006,0.00182536424910532,0.000425000000000004));
#1006=CARTESIAN_POINT('',(0.00250000000000006,-0.0018248048186093,0.000425000000000004));
#1007=CARTESIAN_POINT('',(0.00250000000000006,0.00182536424910532,0.000350000000000006));
#1008=CARTESIAN_POINT('',(0.00250000000000006,-0.0018248048186093,0.000350000000000006));
#1009=CARTESIAN_POINT('',(0.00255000000000003,0.00182536424910532,0.000166666666666683));
#1010=CARTESIAN_POINT('',(0.00255000000000003,-0.0018248048186093,0.000166666666666683));
#1011=CARTESIAN_POINT('',(0.00266666666666672,0.00182536424910532,5.0000000000009E-5));
#1012=CARTESIAN_POINT('',(0.00266666666666672,-0.0018248048186093,5.0000000000009E-5));
#1013=CARTESIAN_POINT('',(0.00285000000000008,0.00182536424910532,3.63810544190546E-18));
#1014=CARTESIAN_POINT('',(0.00285000000000008,-0.0018248048186093,3.63810544190546E-18));
#1015=CARTESIAN_POINT('',(0.00292500000000003,0.00182536424910532,-3.6862873864507E-19));
#1016=CARTESIAN_POINT('',(0.00292500000000003,-0.0018248048186093,-3.6862873864507E-19));
#1017=CARTESIAN_POINT('',(0.00300000000000005,0.00182536424910532,-4.33680868994204E-19));
#1018=CARTESIAN_POINT('',(0.00300000000000005,-0.0018248048186093,-4.33680868994204E-19));
#1019=CARTESIAN_POINT('',(-0.0042614262239379,0.00176515235213991,0.009));
#1020=CARTESIAN_POINT('',(-0.00461253685708778,6.23416249179165E-19,0.009));
#1021=CARTESIAN_POINT('',(-0.00426142622393783,-0.00176515235213991,0.009));
#1022=CARTESIAN_POINT('',(-0.00326154773555929,-0.00326157625981242,0.009));
#1023=CARTESIAN_POINT('',(-0.00176512382788674,-0.00426145474819089,0.009));
#1024=CARTESIAN_POINT('',(2.85242531734643E-8,-0.00461256538134078,0.009));
#1025=CARTESIAN_POINT('',(0.00176518087639308,-0.00426145474819083,0.009));
#1026=CARTESIAN_POINT('',(0.00326160478406559,-0.00326157625981229,0.009));
#1027=CARTESIAN_POINT('',(0.00426148327244407,-0.00176515235213975,0.009));
#1028=CARTESIAN_POINT('',(0.00461259390559395,1.72772939919988E-16,0.009));
#1029=CARTESIAN_POINT('',(0.004261483272444,0.00176515235214008,0.009));
#1030=CARTESIAN_POINT('',(0.00326160478406546,0.00326157625981259,0.009));
#1031=CARTESIAN_POINT('',(0.00176518087639292,0.00426145474819106,0.009));
#1032=CARTESIAN_POINT('',(2.85242529989095E-8,0.00461256538134095,0.009));
#1033=CARTESIAN_POINT('',(-0.00176512382788691,0.004261454748191,0.009));
#1034=CARTESIAN_POINT('',(-0.00326154773555942,0.00326157625981246,0.009));
#1035=CARTESIAN_POINT('',(-0.0042614262239379,0.00176515235213991,0.009));
#1036=CARTESIAN_POINT('',(-0.00461253685708778,6.23416249179165E-19,0.009));
#1037=CARTESIAN_POINT('',(-0.00426142622393783,-0.00176515235213991,0.009));
#1038=CARTESIAN_POINT('',(-0.00437418963057291,0.00181186048450752,0.00900808662875653));
#1039=CARTESIAN_POINT('',(-0.00473459108890792,5.42101086242752E-19,0.00900808662875652));
#1040=CARTESIAN_POINT('',(-0.00437418963057284,-0.00181186048450752,0.00900808662875653));
#1041=CARTESIAN_POINT('',(-0.00334785311055183,-0.00334788163480495,0.00900808662875653));
#1042=CARTESIAN_POINT('',(-0.00181183196025436,-0.00437421815482591,0.00900808662875653));
#1043=CARTESIAN_POINT('',(2.85242531734491E-8,-0.00473461961316092,0.00900808662875653));
#1044=CARTESIAN_POINT('',(0.0018118890087607,-0.00437421815482584,0.00900808662875653));
#1045=CARTESIAN_POINT('',(0.00334791015905812,-0.00334788163480483,0.00900808662875653));
#1046=CARTESIAN_POINT('',(0.00437424667907908,-0.00181186048450736,0.00900808662875653));
#1047=CARTESIAN_POINT('',(0.00473464813741409,1.73435375933022E-16,0.00900808662875652));
#1048=CARTESIAN_POINT('',(0.00437424667907901,0.00181186048450769,0.00900808662875653));
#1049=CARTESIAN_POINT('',(0.003347910159058,0.00334788163480512,0.00900808662875653));
#1050=CARTESIAN_POINT('',(0.00181188900876053,0.00437421815482607,0.00900808662875653));
#1051=CARTESIAN_POINT('',(2.85242529988553E-8,0.00473461961316109,0.00900808662875653));
#1052=CARTESIAN_POINT('',(-0.00181183196025452,0.00437421815482601,0.00900808662875653));
#1053=CARTESIAN_POINT('',(-0.00334785311055195,0.003347881634805,0.00900808662875653));
#1054=CARTESIAN_POINT('',(-0.00437418963057291,0.00181186048450752,0.00900808662875653));
#1055=CARTESIAN_POINT('',(-0.00473459108890792,5.42101086242752E-19,0.00900808662875652));
#1056=CARTESIAN_POINT('',(-0.00437418963057284,-0.00181186048450752,0.00900808662875653));
#1057=CARTESIAN_POINT('',(-0.00467833794366132,0.00193784284076164,0.00893966523203745));
#1058=CARTESIAN_POINT('',(-0.0050637988507269,-6.50521303491303E-19,0.00893966523203745));
#1059=CARTESIAN_POINT('',(-0.00467833794366125,-0.00193784284076164,0.00893966523203745));
#1060=CARTESIAN_POINT('',(-0.00358063815135327,-0.0035806666756064,0.00893966523203745));
#1061=CARTESIAN_POINT('',(-0.00193781431650847,-0.00467836646791432,0.00893966523203745));
#1062=CARTESIAN_POINT('',(2.85242531757615E-8,-0.0050638273749799,0.00893966523203745));
#1063=CARTESIAN_POINT('',(0.00193787136501481,-0.00467836646791424,0.00893966523203745));
#1064=CARTESIAN_POINT('',(0.00358069519985958,-0.00358066667560628,0.00893966523203745));
#1065=CARTESIAN_POINT('',(0.00467839499216748,-0.00193784284076148,0.00893966523203745));
#1066=CARTESIAN_POINT('',(0.00506385589923307,1.73899483813668E-16,0.00893966523203745));
#1067=CARTESIAN_POINT('',(0.00467839499216742,0.00193784284076181,0.00893966523203745));
#1068=CARTESIAN_POINT('',(0.00358069519985944,0.00358066667560657,0.00893966523203745));
#1069=CARTESIAN_POINT('',(0.00193787136501465,0.00467836646791449,0.00893966523203745));
#1070=CARTESIAN_POINT('',(2.85242529976762E-8,0.00506382737498007,0.00893966523203745));
#1071=CARTESIAN_POINT('',(-0.00193781431650864,0.00467836646791442,0.00893966523203745));
#1072=CARTESIAN_POINT('',(-0.0035806381513534,0.00358066667560644,0.00893966523203745));
#1073=CARTESIAN_POINT('',(-0.00467833794366132,0.00193784284076164,0.00893966523203745));
#1074=CARTESIAN_POINT('',(-0.0050637988507269,-6.50521303491303E-19,0.00893966523203745));
#1075=CARTESIAN_POINT('',(-0.00467833794366125,-0.00193784284076164,0.00893966523203745));
#1076=CARTESIAN_POINT('',(-0.00474714173386009,0.00196634230380464,0.00861955893882317));
#1077=CARTESIAN_POINT('',(-0.0051382715365886,-8.13151629364128E-19,0.00861955893882317));
#1078=CARTESIAN_POINT('',(-0.00474714173386002,-0.00196634230380465,0.00861955893882316));
#1079=CARTESIAN_POINT('',(-0.00363329829253926,-0.00363332681679239,0.00861955893882317));
#1080=CARTESIAN_POINT('',(-0.00196631377955148,-0.00474717025811309,0.00861955893882317));
#1081=CARTESIAN_POINT('',(2.85242531747721E-8,-0.0051383000608416,0.00861955893882317));
#1082=CARTESIAN_POINT('',(0.00196637082805782,-0.00474717025811302,0.00861955893882317));
#1083=CARTESIAN_POINT('',(0.00363335534104556,-0.00363332681679226,0.00861955893882317));
#1084=CARTESIAN_POINT('',(0.00474719878236626,-0.00196634230380448,0.00861955893882317));
#1085=CARTESIAN_POINT('',(0.00513832858509478,1.74300917873663E-16,0.00861955893882317));
#1086=CARTESIAN_POINT('',(0.00474719878236619,0.00196634230380482,0.00861955893882317));
#1087=CARTESIAN_POINT('',(0.00363335534104543,0.00363332681679256,0.00861955893882317));
#1088=CARTESIAN_POINT('',(0.00196637082805765,0.00474717025811325,0.00861955893882317));
#1089=CARTESIAN_POINT('',(2.85242529972899E-8,0.00513830006084178,0.00861955893882317));
#1090=CARTESIAN_POINT('',(-0.00196631377955164,0.00474717025811319,0.00861955893882317));
#1091=CARTESIAN_POINT('',(-0.00363329829253939,0.00363332681679243,0.00861955893882316));
#1092=CARTESIAN_POINT('',(-0.00474714173386009,0.00196634230380464,0.00861955893882317));
#1093=CARTESIAN_POINT('',(-0.0051382715365886,-8.13151629364128E-19,0.00861955893882317));
#1094=CARTESIAN_POINT('',(-0.00474714173386002,-0.00196634230380465,0.00861955893882316));
#1095=CARTESIAN_POINT('',(-0.0047396578727058,0.00196324238701561,0.00850000000000001));
#1096=CARTESIAN_POINT('',(-0.00513017106364712,-8.13151629364128E-19,0.0085));
#1097=CARTESIAN_POINT('',(-0.00473965787270572,-0.00196324238701562,0.0085));
#1098=CARTESIAN_POINT('',(-0.00362757039319152,-0.00362759891744465,0.0085));
#1099=CARTESIAN_POINT('',(-0.00196321386276245,-0.00473968639695879,0.0085));
#1100=CARTESIAN_POINT('',(2.85242531751906E-8,-0.00513019958790013,0.0085));
#1101=CARTESIAN_POINT('',(0.00196327091126879,-0.00473968639695872,0.0085));
#1102=CARTESIAN_POINT('',(0.00362762744169782,-0.00362759891744452,0.0085));
#1103=CARTESIAN_POINT('',(0.00473971492121196,-0.00196324238701545,0.0085));
#1104=CARTESIAN_POINT('',(0.0051302281121533,1.74093007681059E-16,0.0085));
#1105=CARTESIAN_POINT('',(0.0047397149212119,0.00196324238701579,0.0085));
#1106=CARTESIAN_POINT('',(0.0036276274416977,0.00362759891744482,0.0085));
#1107=CARTESIAN_POINT('',(0.00196327091126863,0.00473968639695896,0.0085));
#1108=CARTESIAN_POINT('',(2.85242529977101E-8,0.0051301995879003,0.0085));
#1109=CARTESIAN_POINT('',(-0.00196321386276262,0.0047396863969589,0.0085));
#1110=CARTESIAN_POINT('',(-0.00362757039319165,0.00362759891744469,0.0085));
#1111=CARTESIAN_POINT('',(-0.0047396578727058,0.00196324238701561,0.00850000000000001));
#1112=CARTESIAN_POINT('',(-0.00513017106364712,-8.13151629364128E-19,0.0085));
#1113=CARTESIAN_POINT('',(-0.00473965787270572,-0.00196324238701562,0.0085));
#1114=CARTESIAN_POINT('',(-0.0047396578727058,0.00196324238701561,0.0005));
#1115=CARTESIAN_POINT('',(-0.00513017106364712,-8.13151629364128E-19,0.0005));
#1116=CARTESIAN_POINT('',(-0.00473965787270572,-0.00196324238701562,0.0005));
#1117=CARTESIAN_POINT('',(-0.00362757039319152,-0.00362759891744465,0.0005));
#1118=CARTESIAN_POINT('',(-0.00196321386276245,-0.00473968639695879,0.0005));
#1119=CARTESIAN_POINT('',(2.85242531748416E-8,-0.00513019958790013,0.0005));
#1120=CARTESIAN_POINT('',(0.00196327091126879,-0.00473968639695873,0.0005));
#1121=CARTESIAN_POINT('',(0.00362762744169782,-0.00362759891744452,0.0005));
#1122=CARTESIAN_POINT('',(0.00473971492121197,-0.00196324238701546,0.0005));
#1123=CARTESIAN_POINT('',(0.0051302281121533,1.73831545815598E-16,0.0005));
#1124=CARTESIAN_POINT('',(0.0047397149212119,0.00196324238701579,0.0005));
#1125=CARTESIAN_POINT('',(0.0036276274416977,0.00362759891744482,0.0005));
#1126=CARTESIAN_POINT('',(0.00196327091126863,0.00473968639695896,0.0005));
#1127=CARTESIAN_POINT('',(2.85242529979709E-8,0.0051301995879003,0.0005));
#1128=CARTESIAN_POINT('',(-0.00196321386276262,0.00473968639695889,0.0005));
#1129=CARTESIAN_POINT('',(-0.00362757039319165,0.00362759891744469,0.0005));
#1130=CARTESIAN_POINT('',(-0.0047396578727058,0.00196324238701561,0.0005));
#1131=CARTESIAN_POINT('',(-0.00513017106364712,-8.13151629364128E-19,0.0005));
#1132=CARTESIAN_POINT('',(-0.00473965787270572,-0.00196324238701562,0.0005));
#1133=CARTESIAN_POINT('',(-0.00474714173386009,0.00196634230380464,0.000380441061176827));
#1134=CARTESIAN_POINT('',(-0.0051382715365886,-4.87890977618477E-19,0.000380441061176827));
#1135=CARTESIAN_POINT('',(-0.00474714173386002,-0.00196634230380465,0.000380441061176827));
#1136=CARTESIAN_POINT('',(-0.00363329829253926,-0.00363332681679239,0.000380441061176827));
#1137=CARTESIAN_POINT('',(-0.00196631377955148,-0.00474717025811309,0.000380441061176827));
#1138=CARTESIAN_POINT('',(2.8524253174679E-8,-0.00513830006084161,0.000380441061176827));
#1139=CARTESIAN_POINT('',(0.00196637082805782,-0.00474717025811302,0.000380441061176827));
#1140=CARTESIAN_POINT('',(0.00363335534104556,-0.00363332681679226,0.000380441061176827));
#1141=CARTESIAN_POINT('',(0.00474719878236626,-0.00196634230380448,0.000380441061176827));
#1142=CARTESIAN_POINT('',(0.00513832858509478,1.73690855628293E-16,0.000380441061176827));
#1143=CARTESIAN_POINT('',(0.00474719878236619,0.00196634230380482,0.000380441061176827));
#1144=CARTESIAN_POINT('',(0.00363335534104544,0.00363332681679256,0.000380441061176828));
#1145=CARTESIAN_POINT('',(0.00196637082805765,0.00474717025811326,0.000380441061176827));
#1146=CARTESIAN_POINT('',(2.85242529974526E-8,0.00513830006084178,0.000380441061176827));
#1147=CARTESIAN_POINT('',(-0.00196631377955164,0.00474717025811319,0.000380441061176828));
#1148=CARTESIAN_POINT('',(-0.00363329829253939,0.00363332681679243,0.000380441061176827));
#1149=CARTESIAN_POINT('',(-0.00474714173386009,0.00196634230380464,0.000380441061176827));
#1150=CARTESIAN_POINT('',(-0.0051382715365886,-4.87890977618477E-19,0.000380441061176827));
#1151=CARTESIAN_POINT('',(-0.00474714173386002,-0.00196634230380465,0.000380441061176827));
#1152=CARTESIAN_POINT('',(-0.00467833794366132,0.00193784284076164,6.03347679625519E-5));
#1153=CARTESIAN_POINT('',(-0.0050637988507269,-8.67361737988404E-19,6.03347679625517E-5));
#1154=CARTESIAN_POINT('',(-0.00467833794366124,-0.00193784284076164,6.03347679625517E-5));
#1155=CARTESIAN_POINT('',(-0.00358063815135327,-0.0035806666756064,6.03347679625518E-5));
#1156=CARTESIAN_POINT('',(-0.00193781431650848,-0.00467836646791431,6.03347679625515E-5));
#1157=CARTESIAN_POINT('',(2.85242531752465E-8,-0.0050638273749799,6.03347679625518E-5));
#1158=CARTESIAN_POINT('',(0.00193787136501481,-0.00467836646791424,6.03347679625516E-5));
#1159=CARTESIAN_POINT('',(0.00358069519985957,-0.00358066667560627,6.03347679625518E-5));
#1160=CARTESIAN_POINT('',(0.00467839499216748,-0.00193784284076148,6.03347679625515E-5));
#1161=CARTESIAN_POINT('',(0.00506385589923307,1.74073790621068E-16,6.03347679625516E-5));
#1162=CARTESIAN_POINT('',(0.00467839499216742,0.00193784284076181,6.03347679625517E-5));
#1163=CARTESIAN_POINT('',(0.00358069519985944,0.00358066667560657,6.03347679625517E-5));
#1164=CARTESIAN_POINT('',(0.00193787136501465,0.00467836646791448,6.03347679625518E-5));
#1165=CARTESIAN_POINT('',(2.85242529974255E-8,0.00506382737498007,6.03347679625519E-5));
#1166=CARTESIAN_POINT('',(-0.00193781431650864,0.00467836646791442,6.03347679625517E-5));
#1167=CARTESIAN_POINT('',(-0.0035806381513534,0.00358066667560644,6.03347679625517E-5));
#1168=CARTESIAN_POINT('',(-0.00467833794366132,0.00193784284076164,6.03347679625519E-5));
#1169=CARTESIAN_POINT('',(-0.0050637988507269,-8.67361737988404E-19,6.03347679625517E-5));
#1170=CARTESIAN_POINT('',(-0.00467833794366124,-0.00193784284076164,6.03347679625517E-5));
#1171=CARTESIAN_POINT('',(-0.00437418963057291,0.00181186048450752,-8.08662875652416E-6));
#1172=CARTESIAN_POINT('',(-0.00473459108890792,-8.13151629364128E-20,-8.08662875652416E-6));
#1173=CARTESIAN_POINT('',(-0.00437418963057284,-0.00181186048450752,-8.08662875652416E-6));
#1174=CARTESIAN_POINT('',(-0.00334785311055183,-0.00334788163480495,-8.08662875652423E-6));
#1175=CARTESIAN_POINT('',(-0.00181183196025436,-0.00437421815482591,-8.08662875652419E-6));
#1176=CARTESIAN_POINT('',(2.85242531730086E-8,-0.00473461961316092,-8.08662875652427E-6));
#1177=CARTESIAN_POINT('',(0.00181188900876069,-0.00437421815482584,-8.08662875652424E-6));
#1178=CARTESIAN_POINT('',(0.00334791015905812,-0.00334788163480483,-8.08662875652429E-6));
#1179=CARTESIAN_POINT('',(0.00437424667907908,-0.00181186048450736,-8.08662875652421E-6));
#1180=CARTESIAN_POINT('',(0.0047346481374141,1.72389495383955E-16,-8.08662875652422E-6));
#1181=CARTESIAN_POINT('',(0.00437424667907901,0.00181186048450769,-8.08662875652421E-6));
#1182=CARTESIAN_POINT('',(0.003347910159058,0.00334788163480512,-8.08662875652417E-6));
#1183=CARTESIAN_POINT('',(0.00181188900876053,0.00437421815482608,-8.08662875652418E-6));
#1184=CARTESIAN_POINT('',(2.85242529992788E-8,0.00473461961316109,-8.08662875652416E-6));
#1185=CARTESIAN_POINT('',(-0.00181183196025452,0.00437421815482601,-8.08662875652413E-6));
#1186=CARTESIAN_POINT('',(-0.00334785311055196,0.003347881634805,-8.08662875652412E-6));
#1187=CARTESIAN_POINT('',(-0.00437418963057291,0.00181186048450752,-8.08662875652416E-6));
#1188=CARTESIAN_POINT('',(-0.00473459108890792,-8.13151629364128E-20,-8.08662875652416E-6));
#1189=CARTESIAN_POINT('',(-0.00437418963057284,-0.00181186048450752,-8.08662875652416E-6));
#1190=CARTESIAN_POINT('',(-0.0042614262239379,0.00176515235213991,4.49819708439866E-19));
#1191=CARTESIAN_POINT('',(-0.00461253685708778,6.23416249179165E-19,4.34589864167878E-19));
#1192=CARTESIAN_POINT('',(-0.00426142622393783,-0.00176515235213991,4.13906048853833E-19));
#1193=CARTESIAN_POINT('',(-0.00326154773555929,-0.00326157625981242,3.9091718588004E-19));
#1194=CARTESIAN_POINT('',(-0.00176512382788675,-0.00426145474819089,3.691231212397E-19));
#1195=CARTESIAN_POINT('',(2.85242531732898E-8,-0.00461256538134078,3.51841803710614E-19));
#1196=CARTESIAN_POINT('',(0.00176518087639308,-0.00426145474819083,3.41704157231054E-19));
#1197=CARTESIAN_POINT('',(0.00326160478406559,-0.00326157625981229,3.40253546579538E-19));
#1198=CARTESIAN_POINT('',(0.00426148327244407,-0.00176515235213975,3.4771081407794E-19));
#1199=CARTESIAN_POINT('',(0.00461259390559395,1.72250019497789E-16,3.62940658349928E-19));
#1200=CARTESIAN_POINT('',(0.004261483272444,0.00176515235214008,3.83624473663974E-19));
#1201=CARTESIAN_POINT('',(0.00326160478406546,0.00326157625981259,4.06613336637766E-19));
#1202=CARTESIAN_POINT('',(0.00176518087639292,0.00426145474819106,4.28407401278106E-19));
#1203=CARTESIAN_POINT('',(2.85242529989976E-8,0.00461256538134095,4.45688718807192E-19));
#1204=CARTESIAN_POINT('',(-0.00176512382788691,0.004261454748191,4.55826365286752E-19));
#1205=CARTESIAN_POINT('',(-0.00326154773555942,0.00326157625981246,4.57276975938269E-19));
#1206=CARTESIAN_POINT('',(-0.0042614262239379,0.00176515235213991,4.49819708439866E-19));
#1207=CARTESIAN_POINT('',(-0.00461253685708778,6.23416249179165E-19,4.34589864167878E-19));
#1208=CARTESIAN_POINT('',(-0.00426142622393783,-0.00176515235213991,4.13906048853833E-19));
#1209=MECHANICAL_DESIGN_GEOMETRIC_PRESENTATION_REPRESENTATION('',(#130),
#1210);
#1210=(
GEOMETRIC_REPRESENTATION_CONTEXT(3)
GLOBAL_UNCERTAINTY_ASSIGNED_CONTEXT((#1211))
GLOBAL_UNIT_ASSIGNED_CONTEXT((#1214,#1213,#1212))
REPRESENTATION_CONTEXT('Encoder Knob','TOP_LEVEL_ASSEMBLY_PART')
);
#1211=UNCERTAINTY_MEASURE_WITH_UNIT(LENGTH_MEASURE(2.E-5),#1214,
'DISTANCE_ACCURACY_VALUE','Maximum Tolerance applied to model');
#1212=(
NAMED_UNIT(*)
SI_UNIT($,.STERADIAN.)
SOLID_ANGLE_UNIT()
);
#1213=(
NAMED_UNIT(*)
PLANE_ANGLE_UNIT()
SI_UNIT($,.RADIAN.)
);
#1214=(
LENGTH_UNIT()
NAMED_UNIT(*)
SI_UNIT($,.METRE.)
);
#1215=PRODUCT_DEFINITION_SHAPE('','',#1216);
#1216=PRODUCT_DEFINITION('','',#1218,#1217);
#1217=PRODUCT_DEFINITION_CONTEXT('',#1224,'design');
#1218=PRODUCT_DEFINITION_FORMATION_WITH_SPECIFIED_SOURCE('','',#1220,
 .NOT_KNOWN.);
#1219=PRODUCT_RELATED_PRODUCT_CATEGORY('','',(#1220));
#1220=PRODUCT('Encoder Knob','Encoder Knob','Encoder Knob',(#1222));
#1221=PRODUCT_CATEGORY('','');
#1222=PRODUCT_CONTEXT('',#1224,'mechanical');
#1223=APPLICATION_PROTOCOL_DEFINITION('international standard',
'ap242_managed_model_based_3d_engineering',2020,#1224);
#1224=APPLICATION_CONTEXT('managed model based 3d engineering');
ENDSEC;
END-ISO-10303-21;
