ISO-10303-21;
HEADER;
/* Generated by software containing ST-Developer
 * from STEP Tools, Inc. (www.steptools.com) 
 */
/* OPTION: using custom renumber hook */

FILE_DESCRIPTION(
/* description */ ('STEP AP242 Edition 2',
'CAx-IF Rec.Pracs.---Representation and Presentation of Product Manufa
cturing Information (PMI)---4.0---2014-10-13',
'CAx-IF Rec.Pracs.---3D Tessellated Geometry---0.4---2014-09-14','2;1',
'CAx-IF Rec.Pracs.---User Defined Attributes---1.5---2016-08-15'),
/* implementation_level */ '2;1');

FILE_NAME(
/* name */ 'Front Case',
/* time_stamp */ '2026-06-05T22:14:17Z',
/* author */ (''),
/* organization */ (''),
/* preprocessor_version */ 'ST-DEVELOPER v20',
/* originating_system */ 'ONSHAPE BY PTC INC, 1.216',
/* authorisation */ '  ');

FILE_SCHEMA (('AP242_MANAGED_MODEL_BASED_3D_ENGINEERING_MIM_LF { 1 0 10303 442 3 1 4 }'));
ENDSEC;

DATA;
#10=SHAPE_REPRESENTATION_RELATIONSHIP('','',#1594,#11);
#11=ADVANCED_BREP_SHAPE_REPRESENTATION('',(#1592),#4365);
#12=(
BOUNDED_SURFACE()
B_SPLINE_SURFACE(5,3,((#4040,#4041,#4042,#4043),(#4044,#4045,#4046,#4047),
(#4048,#4049,#4050,#4051),(#4052,#4053,#4054,#4055),(#4056,#4057,#4058,
#4059),(#4060,#4061,#4062,#4063),(#4064,#4065,#4066,#4067),(#4068,#4069,
#4070,#4071),(#4072,#4073,#4074,#4075),(#4076,#4077,#4078,#4079),(#4080,
#4081,#4082,#4083),(#4084,#4085,#4086,#4087),(#4088,#4089,#4090,#4091)),
 .SURF_OF_REVOLUTION.,.F.,.F.,.F.)
B_SPLINE_SURFACE_WITH_KNOTS((6,5,2,6),(4,4),(-0.00600002400539264,0.,0.5,
1.),(0.,1.),.UNSPECIFIED.)
GEOMETRIC_REPRESENTATION_ITEM()
RATIONAL_B_SPLINE_SURFACE(((1.,0.800301673700889,0.800301673700889,1.),
(1.,0.800301673700889,0.800301673700889,1.),(1.,0.800301673700889,0.800301673700889,
1.),(1.,0.800301673700889,0.800301673700889,1.),(1.,0.800301673700889,0.800301673700889,
1.),(1.,0.800301673700889,0.800301673700889,1.),(1.,0.800301673700889,0.800301673700889,
1.),(1.,0.800301673700889,0.800301673700889,1.),(1.,0.800301673700889,0.800301673700889,
1.),(1.,0.800301673700889,0.800301673700889,1.),(1.,0.800301673700889,0.800301673700889,
1.),(1.,0.800301673700889,0.800301673700889,1.),(1.,0.800301673700889,0.800301673700889,
1.)))
REPRESENTATION_ITEM('')
SURFACE()
);
#13=(
BOUNDED_SURFACE()
B_SPLINE_SURFACE(5,3,((#4122,#4123,#4124,#4125),(#4126,#4127,#4128,#4129),
(#4130,#4131,#4132,#4133),(#4134,#4135,#4136,#4137),(#4138,#4139,#4140,
#4141),(#4142,#4143,#4144,#4145),(#4146,#4147,#4148,#4149),(#4150,#4151,
#4152,#4153),(#4154,#4155,#4156,#4157),(#4158,#4159,#4160,#4161),(#4162,
#4163,#4164,#4165),(#4166,#4167,#4168,#4169),(#4170,#4171,#4172,#4173)),
 .SURF_OF_REVOLUTION.,.F.,.F.,.F.)
B_SPLINE_SURFACE_WITH_KNOTS((6,5,2,6),(4,4),(-0.00600002400539565,0.,0.5,
1.),(0.,1.),.UNSPECIFIED.)
GEOMETRIC_REPRESENTATION_ITEM()
RATIONAL_B_SPLINE_SURFACE(((1.,0.800301673700917,0.800301673700917,1.),
(1.,0.800301673700917,0.800301673700917,1.),(1.,0.800301673700917,0.800301673700917,
1.),(1.,0.800301673700917,0.800301673700917,1.),(1.,0.800301673700917,0.800301673700917,
1.),(1.,0.800301673700917,0.800301673700917,1.),(1.,0.800301673700917,0.800301673700917,
1.),(1.,0.800301673700917,0.800301673700917,1.),(1.,0.800301673700917,0.800301673700917,
1.),(1.,0.800301673700917,0.800301673700917,1.),(1.,0.800301673700917,0.800301673700917,
1.),(1.,0.800301673700917,0.800301673700917,1.),(1.,0.800301673700917,0.800301673700917,
1.)))
REPRESENTATION_ITEM('')
SURFACE()
);
#14=B_SPLINE_SURFACE_WITH_KNOTS('',3,3,((#2761,#2762,#2763,#2764,#2765,
#2766,#2767,#2768,#2769),(#2770,#2771,#2772,#2773,#2774,#2775,#2776,#2777,
#2778),(#2779,#2780,#2781,#2782,#2783,#2784,#2785,#2786,#2787),(#2788,#2789,
#2790,#2791,#2792,#2793,#2794,#2795,#2796),(#2797,#2798,#2799,#2800,#2801,
#2802,#2803,#2804,#2805)),.UNSPECIFIED.,.F.,.F.,.F.,(4,1,4),(4,1,1,1,1,
1,4),(0.,0.503000007215947,1.00600001443189),(4.70296339178464,5.49778495519716,
5.89519573690342,6.29260651860968,6.69001730031594,7.08742808202219,7.88224964543471),
 .UNSPECIFIED.);
#15=B_SPLINE_SURFACE_WITH_KNOTS('',3,3,((#2806,#2807,#2808,#2809,#2810,
#2811,#2812,#2813,#2814),(#2815,#2816,#2817,#2818,#2819,#2820,#2821,#2822,
#2823),(#2824,#2825,#2826,#2827,#2828,#2829,#2830,#2831,#2832),(#2833,#2834,
#2835,#2836,#2837,#2838,#2839,#2840,#2841),(#2842,#2843,#2844,#2845,#2846,
#2847,#2848,#2849,#2850)),.UNSPECIFIED.,.F.,.F.,.F.,(4,1,4),(4,1,1,1,1,
1,4),(0.,0.503000007215948,1.0060000144319),(4.70296339178467,5.49778495519715,
5.89519573690339,6.29260651860963,6.69001730031587,7.08742808202211,7.88224964543459),
 .UNSPECIFIED.);
#16=B_SPLINE_SURFACE_WITH_KNOTS('',3,3,((#2851,#2852,#2853,#2854,#2855,
#2856,#2857,#2858,#2859,#2860,#2861,#2862,#2863,#2864,#2865,#2866,#2867,
#2868,#2869),(#2870,#2871,#2872,#2873,#2874,#2875,#2876,#2877,#2878,#2879,
#2880,#2881,#2882,#2883,#2884,#2885,#2886,#2887,#2888),(#2889,#2890,#2891,
#2892,#2893,#2894,#2895,#2896,#2897,#2898,#2899,#2900,#2901,#2902,#2903,
#2904,#2905,#2906,#2907),(#2908,#2909,#2910,#2911,#2912,#2913,#2914,#2915,
#2916,#2917,#2918,#2919,#2920,#2921,#2922,#2923,#2924,#2925,#2926),(#2927,
#2928,#2929,#2930,#2931,#2932,#2933,#2934,#2935,#2936,#2937,#2938,#2939,
#2940,#2941,#2942,#2943,#2944,#2945)),.UNSPECIFIED.,.F.,.T.,.F.,(4,1,4),
(1,1,1,1,1,1,1,1,1,1,1,1,1,1,1,1,1,1,1,1,1,1,1),(0.,0.50300001385346,1.00600002770692),
(-1.17809724509617,-0.785398163397448,-0.392699081698725,0.,0.392699081698724,
0.785398163397448,1.17809724509617,1.5707963267949,1.96349540849362,2.35619449019234,
2.74889357189107,3.14159265358979,3.53429173528852,3.92699081698724,4.31968989868597,
4.71238898038469,5.10508806208341,5.49778714378214,5.89048622548086,6.28318530717959,
6.67588438887831,7.06858347057703,7.46128255227576),.UNSPECIFIED.);
#17=B_SPLINE_SURFACE_WITH_KNOTS('',3,3,((#2946,#2947,#2948,#2949,#2950,
#2951,#2952,#2953,#2954,#2955,#2956,#2957,#2958,#2959,#2960,#2961,#2962,
#2963,#2964),(#2965,#2966,#2967,#2968,#2969,#2970,#2971,#2972,#2973,#2974,
#2975,#2976,#2977,#2978,#2979,#2980,#2981,#2982,#2983),(#2984,#2985,#2986,
#2987,#2988,#2989,#2990,#2991,#2992,#2993,#2994,#2995,#2996,#2997,#2998,
#2999,#3000,#3001,#3002),(#3003,#3004,#3005,#3006,#3007,#3008,#3009,#3010,
#3011,#3012,#3013,#3014,#3015,#3016,#3017,#3018,#3019,#3020,#3021),(#3022,
#3023,#3024,#3025,#3026,#3027,#3028,#3029,#3030,#3031,#3032,#3033,#3034,
#3035,#3036,#3037,#3038,#3039,#3040)),.UNSPECIFIED.,.F.,.T.,.F.,(4,1,4),
(1,1,1,1,1,1,1,1,1,1,1,1,1,1,1,1,1,1,1,1,1,1,1),(0.,0.503000013853461,1.00600002770692),
(-1.17809724509617,-0.785398163397448,-0.392699081698725,0.,0.392699081698724,
0.785398163397448,1.17809724509617,1.5707963267949,1.96349540849362,2.35619449019234,
2.74889357189107,3.14159265358979,3.53429173528852,3.92699081698724,4.31968989868597,
4.71238898038469,5.10508806208341,5.49778714378214,5.89048622548086,6.28318530717959,
6.67588438887831,7.06858347057703,7.46128255227576),.UNSPECIFIED.);
#18=B_SPLINE_SURFACE_WITH_KNOTS('',3,3,((#3041,#3042,#3043,#3044,#3045),
(#3046,#3047,#3048,#3049,#3050),(#3051,#3052,#3053,#3054,#3055),(#3056,
#3057,#3058,#3059,#3060),(#3061,#3062,#3063,#3064,#3065),(#3066,#3067,#3068,
#3069,#3070),(#3071,#3072,#3073,#3074,#3075),(#3076,#3077,#3078,#3079,#3080),
(#3081,#3082,#3083,#3084,#3085),(#3086,#3087,#3088,#3089,#3090),(#3091,
#3092,#3093,#3094,#3095),(#3096,#3097,#3098,#3099,#3100),(#3101,#3102,#3103,
#3104,#3105),(#3106,#3107,#3108,#3109,#3110),(#3111,#3112,#3113,#3114,#3115),
(#3116,#3117,#3118,#3119,#3120),(#3121,#3122,#3123,#3124,#3125),(#3126,
#3127,#3128,#3129,#3130)),.UNSPECIFIED.,.F.,.F.,.F.,(4,2,2,2,2,2,2,2,4),
(4,1,4),(0.,0.125,0.25,0.375,0.5,0.625,0.75,0.875,1.),(6.93889390390717E-15,
0.785398163397448,1.57079632679489),.UNSPECIFIED.);
#19=B_SPLINE_SURFACE_WITH_KNOTS('',5,1,((#3145,#3146),(#3147,#3148),(#3149,
#3150),(#3151,#3152),(#3153,#3154),(#3155,#3156),(#3157,#3158),(#3159,#3160)),
 .SURF_OF_LINEAR_EXTRUSION.,.F.,.F.,.F.,(6,2,6),(2,2),(0.,0.5,1.),(0.,1.),
 .UNSPECIFIED.);
#20=B_SPLINE_SURFACE_WITH_KNOTS('',5,1,((#3168,#3169),(#3170,#3171),(#3172,
#3173),(#3174,#3175),(#3176,#3177),(#3178,#3179),(#3180,#3181),(#3182,#3183)),
 .SURF_OF_LINEAR_EXTRUSION.,.F.,.F.,.F.,(6,2,6),(2,2),(0.,0.5,1.),(0.,1.),
 .UNSPECIFIED.);
#21=B_SPLINE_SURFACE_WITH_KNOTS('',3,3,((#3191,#3192,#3193,#3194,#3195),
(#3196,#3197,#3198,#3199,#3200),(#3201,#3202,#3203,#3204,#3205),(#3206,
#3207,#3208,#3209,#3210),(#3211,#3212,#3213,#3214,#3215),(#3216,#3217,#3218,
#3219,#3220),(#3221,#3222,#3223,#3224,#3225),(#3226,#3227,#3228,#3229,#3230),
(#3231,#3232,#3233,#3234,#3235),(#3236,#3237,#3238,#3239,#3240),(#3241,
#3242,#3243,#3244,#3245),(#3246,#3247,#3248,#3249,#3250),(#3251,#3252,#3253,
#3254,#3255),(#3256,#3257,#3258,#3259,#3260),(#3261,#3262,#3263,#3264,#3265),
(#3266,#3267,#3268,#3269,#3270),(#3271,#3272,#3273,#3274,#3275),(#3276,
#3277,#3278,#3279,#3280)),.UNSPECIFIED.,.F.,.F.,.F.,(4,2,2,2,2,2,2,2,4),
(4,1,4),(0.,0.125,0.25,0.375,0.5,0.625,0.75,0.875,1.),(4.7123889803847,
5.49778714378214,6.28318530717958),.UNSPECIFIED.);
#22=B_SPLINE_SURFACE_WITH_KNOTS('',3,3,((#3288,#3289,#3290,#3291,#3292),
(#3293,#3294,#3295,#3296,#3297),(#3298,#3299,#3300,#3301,#3302),(#3303,
#3304,#3305,#3306,#3307),(#3308,#3309,#3310,#3311,#3312),(#3313,#3314,#3315,
#3316,#3317),(#3318,#3319,#3320,#3321,#3322),(#3323,#3324,#3325,#3326,#3327),
(#3328,#3329,#3330,#3331,#3332),(#3333,#3334,#3335,#3336,#3337),(#3338,
#3339,#3340,#3341,#3342),(#3343,#3344,#3345,#3346,#3347),(#3348,#3349,#3350,
#3351,#3352),(#3353,#3354,#3355,#3356,#3357),(#3358,#3359,#3360,#3361,#3362),
(#3363,#3364,#3365,#3366,#3367),(#3368,#3369,#3370,#3371,#3372),(#3373,
#3374,#3375,#3376,#3377)),.UNSPECIFIED.,.F.,.F.,.F.,(4,2,2,2,2,2,2,2,4),
(4,1,4),(0.,0.125,0.25,0.375,0.5,0.625,0.75,0.875,1.),(1.5707963267949,
2.35619449019235,3.1415926535898),.UNSPECIFIED.);
#23=B_SPLINE_SURFACE_WITH_KNOTS('',5,1,((#3385,#3386),(#3387,#3388),(#3389,
#3390),(#3391,#3392),(#3393,#3394),(#3395,#3396),(#3397,#3398),(#3399,#3400)),
 .SURF_OF_LINEAR_EXTRUSION.,.F.,.F.,.F.,(6,2,6),(2,2),(0.,0.5,1.),(0.,1.),
 .UNSPECIFIED.);
#24=B_SPLINE_SURFACE_WITH_KNOTS('',5,1,((#3408,#3409),(#3410,#3411),(#3412,
#3413),(#3414,#3415),(#3416,#3417),(#3418,#3419),(#3420,#3421),(#3422,#3423)),
 .SURF_OF_LINEAR_EXTRUSION.,.F.,.F.,.F.,(6,2,6),(2,2),(0.,0.5,1.),(0.,1.),
 .UNSPECIFIED.);
#25=B_SPLINE_SURFACE_WITH_KNOTS('',3,3,((#3431,#3432,#3433,#3434,#3435),
(#3436,#3437,#3438,#3439,#3440),(#3441,#3442,#3443,#3444,#3445),(#3446,
#3447,#3448,#3449,#3450),(#3451,#3452,#3453,#3454,#3455),(#3456,#3457,#3458,
#3459,#3460),(#3461,#3462,#3463,#3464,#3465),(#3466,#3467,#3468,#3469,#3470),
(#3471,#3472,#3473,#3474,#3475),(#3476,#3477,#3478,#3479,#3480),(#3481,
#3482,#3483,#3484,#3485),(#3486,#3487,#3488,#3489,#3490),(#3491,#3492,#3493,
#3494,#3495),(#3496,#3497,#3498,#3499,#3500),(#3501,#3502,#3503,#3504,#3505),
(#3506,#3507,#3508,#3509,#3510),(#3511,#3512,#3513,#3514,#3515),(#3516,
#3517,#3518,#3519,#3520)),.UNSPECIFIED.,.F.,.F.,.F.,(4,2,2,2,2,2,2,2,4),
(4,1,4),(0.,0.125,0.25,0.375,0.5,0.625,0.75,0.875,1.),(3.1415926535898,
3.92699081698724,4.71238898038469),.UNSPECIFIED.);
#26=B_SPLINE_SURFACE_WITH_KNOTS('',3,3,((#3521,#3522,#3523,#3524,#3525),
(#3526,#3527,#3528,#3529,#3530),(#3531,#3532,#3533,#3534,#3535),(#3536,
#3537,#3538,#3539,#3540),(#3541,#3542,#3543,#3544,#3545),(#3546,#3547,#3548,
#3549,#3550),(#3551,#3552,#3553,#3554,#3555),(#3556,#3557,#3558,#3559,#3560),
(#3561,#3562,#3563,#3564,#3565),(#3566,#3567,#3568,#3569,#3570),(#3571,
#3572,#3573,#3574,#3575),(#3576,#3577,#3578,#3579,#3580),(#3581,#3582,#3583,
#3584,#3585),(#3586,#3587,#3588,#3589,#3590),(#3591,#3592,#3593,#3594,#3595),
(#3596,#3597,#3598,#3599,#3600),(#3601,#3602,#3603,#3604,#3605),(#3606,
#3607,#3608,#3609,#3610)),.UNSPECIFIED.,.F.,.F.,.F.,(4,2,2,2,2,2,2,2,4),
(4,1,4),(0.,0.125,0.25,0.375,0.5,0.625,0.75,0.875,1.),(1.38777878078143E-14,
0.785398163397454,1.5707963267949),.UNSPECIFIED.);
#27=B_SPLINE_SURFACE_WITH_KNOTS('',5,1,((#3625,#3626),(#3627,#3628),(#3629,
#3630),(#3631,#3632),(#3633,#3634),(#3635,#3636),(#3637,#3638),(#3639,#3640)),
 .SURF_OF_LINEAR_EXTRUSION.,.F.,.F.,.F.,(6,2,6),(2,2),(0.,0.5,1.),(0.,1.),
 .UNSPECIFIED.);
#28=B_SPLINE_SURFACE_WITH_KNOTS('',5,1,((#3648,#3649),(#3650,#3651),(#3652,
#3653),(#3654,#3655),(#3656,#3657),(#3658,#3659),(#3660,#3661),(#3662,#3663)),
 .SURF_OF_LINEAR_EXTRUSION.,.F.,.F.,.F.,(6,2,6),(2,2),(0.,0.5,1.),(0.,1.),
 .UNSPECIFIED.);
#29=B_SPLINE_SURFACE_WITH_KNOTS('',3,3,((#3671,#3672,#3673,#3674,#3675),
(#3676,#3677,#3678,#3679,#3680),(#3681,#3682,#3683,#3684,#3685),(#3686,
#3687,#3688,#3689,#3690),(#3691,#3692,#3693,#3694,#3695),(#3696,#3697,#3698,
#3699,#3700),(#3701,#3702,#3703,#3704,#3705),(#3706,#3707,#3708,#3709,#3710),
(#3711,#3712,#3713,#3714,#3715),(#3716,#3717,#3718,#3719,#3720),(#3721,
#3722,#3723,#3724,#3725),(#3726,#3727,#3728,#3729,#3730),(#3731,#3732,#3733,
#3734,#3735),(#3736,#3737,#3738,#3739,#3740),(#3741,#3742,#3743,#3744,#3745),
(#3746,#3747,#3748,#3749,#3750),(#3751,#3752,#3753,#3754,#3755),(#3756,
#3757,#3758,#3759,#3760)),.UNSPECIFIED.,.F.,.F.,.F.,(4,2,2,2,2,2,2,2,4),
(4,1,4),(0.,0.125,0.25,0.375,0.5,0.625,0.75,0.875,1.),(-1.57079632679489,
-0.785398163397443,0.),.UNSPECIFIED.);
#30=B_SPLINE_SURFACE_WITH_KNOTS('',3,3,((#3768,#3769,#3770,#3771,#3772),
(#3773,#3774,#3775,#3776,#3777),(#3778,#3779,#3780,#3781,#3782),(#3783,
#3784,#3785,#3786,#3787),(#3788,#3789,#3790,#3791,#3792),(#3793,#3794,#3795,
#3796,#3797),(#3798,#3799,#3800,#3801,#3802),(#3803,#3804,#3805,#3806,#3807),
(#3808,#3809,#3810,#3811,#3812),(#3813,#3814,#3815,#3816,#3817),(#3818,
#3819,#3820,#3821,#3822),(#3823,#3824,#3825,#3826,#3827),(#3828,#3829,#3830,
#3831,#3832),(#3833,#3834,#3835,#3836,#3837),(#3838,#3839,#3840,#3841,#3842),
(#3843,#3844,#3845,#3846,#3847),(#3848,#3849,#3850,#3851,#3852),(#3853,
#3854,#3855,#3856,#3857)),.UNSPECIFIED.,.F.,.F.,.F.,(4,2,2,2,2,2,2,2,4),
(4,1,4),(0.,0.125,0.25,0.375,0.5,0.625,0.75,0.875,1.),(1.5707963267949,
2.35619449019234,3.14159265358979),.UNSPECIFIED.);
#31=B_SPLINE_SURFACE_WITH_KNOTS('',5,1,((#3865,#3866),(#3867,#3868),(#3869,
#3870),(#3871,#3872),(#3873,#3874),(#3875,#3876),(#3877,#3878),(#3879,#3880)),
 .SURF_OF_LINEAR_EXTRUSION.,.F.,.F.,.F.,(6,2,6),(2,2),(0.,0.5,1.),(0.,1.),
 .UNSPECIFIED.);
#32=B_SPLINE_SURFACE_WITH_KNOTS('',5,1,((#3888,#3889),(#3890,#3891),(#3892,
#3893),(#3894,#3895),(#3896,#3897),(#3898,#3899),(#3900,#3901),(#3902,#3903)),
 .SURF_OF_LINEAR_EXTRUSION.,.F.,.F.,.F.,(6,2,6),(2,2),(0.,0.5,1.),(0.,1.),
 .UNSPECIFIED.);
#33=B_SPLINE_SURFACE_WITH_KNOTS('',3,3,((#3911,#3912,#3913,#3914,#3915),
(#3916,#3917,#3918,#3919,#3920),(#3921,#3922,#3923,#3924,#3925),(#3926,
#3927,#3928,#3929,#3930),(#3931,#3932,#3933,#3934,#3935),(#3936,#3937,#3938,
#3939,#3940),(#3941,#3942,#3943,#3944,#3945),(#3946,#3947,#3948,#3949,#3950),
(#3951,#3952,#3953,#3954,#3955),(#3956,#3957,#3958,#3959,#3960),(#3961,
#3962,#3963,#3964,#3965),(#3966,#3967,#3968,#3969,#3970),(#3971,#3972,#3973,
#3974,#3975),(#3976,#3977,#3978,#3979,#3980),(#3981,#3982,#3983,#3984,#3985),
(#3986,#3987,#3988,#3989,#3990),(#3991,#3992,#3993,#3994,#3995),(#3996,
#3997,#3998,#3999,#4000)),.UNSPECIFIED.,.F.,.F.,.F.,(4,2,2,2,2,2,2,2,4),
(4,1,4),(0.,0.125,0.25,0.375,0.5,0.625,0.75,0.875,1.),(3.1415926535898,
3.92699081698724,4.71238898038468),.UNSPECIFIED.);
#34=B_SPLINE_SURFACE_WITH_KNOTS('',5,1,((#4001,#4002),(#4003,#4004),(#4005,
#4006),(#4007,#4008),(#4009,#4010),(#4011,#4012),(#4013,#4014),(#4015,#4016)),
 .SURF_OF_LINEAR_EXTRUSION.,.F.,.F.,.F.,(6,2,6),(2,2),(0.,0.5,1.),(0.,1.),
 .UNSPECIFIED.);
#35=B_SPLINE_SURFACE_WITH_KNOTS('',5,1,((#4017,#4018),(#4019,#4020),(#4021,
#4022),(#4023,#4024),(#4025,#4026),(#4027,#4028),(#4029,#4030),(#4031,#4032)),
 .SURF_OF_LINEAR_EXTRUSION.,.F.,.F.,.F.,(6,2,6),(2,2),(0.,0.5,1.00000000008198),
(0.,1.),.UNSPECIFIED.);
#36=B_SPLINE_SURFACE_WITH_KNOTS('',5,1,((#4099,#4100),(#4101,#4102),(#4103,
#4104),(#4105,#4106),(#4107,#4108),(#4109,#4110),(#4111,#4112),(#4113,#4114)),
 .SURF_OF_LINEAR_EXTRUSION.,.F.,.F.,.F.,(6,2,6),(2,2),(0.,0.5,1.),(0.,1.),
 .UNSPECIFIED.);
#37=B_SPLINE_SURFACE_WITH_KNOTS('',5,1,((#4181,#4182),(#4183,#4184),(#4185,
#4186),(#4187,#4188),(#4189,#4190),(#4191,#4192),(#4193,#4194),(#4195,#4196)),
 .SURF_OF_LINEAR_EXTRUSION.,.F.,.F.,.F.,(6,2,6),(2,2),(0.,0.5,1.),(0.,1.),
 .UNSPECIFIED.);
#38=B_SPLINE_SURFACE_WITH_KNOTS('',5,1,((#4197,#4198),(#4199,#4200),(#4201,
#4202),(#4203,#4204),(#4205,#4206),(#4207,#4208),(#4209,#4210),(#4211,#4212)),
 .SURF_OF_LINEAR_EXTRUSION.,.F.,.F.,.F.,(6,2,6),(2,2),(0.,0.5,1.),(0.,1.),
 .UNSPECIFIED.);
#39=B_SPLINE_SURFACE_WITH_KNOTS('',5,1,((#4213,#4214),(#4215,#4216),(#4217,
#4218),(#4219,#4220),(#4221,#4222),(#4223,#4224),(#4225,#4226),(#4227,#4228)),
 .SURF_OF_LINEAR_EXTRUSION.,.F.,.F.,.F.,(6,2,6),(2,2),(0.,0.5,1.),(0.,1.),
 .UNSPECIFIED.);
#40=B_SPLINE_SURFACE_WITH_KNOTS('',5,1,((#4229,#4230),(#4231,#4232),(#4233,
#4234),(#4235,#4236),(#4237,#4238),(#4239,#4240),(#4241,#4242),(#4243,#4244)),
 .SURF_OF_LINEAR_EXTRUSION.,.F.,.F.,.F.,(6,2,6),(2,2),(0.,0.5,1.),(0.,1.),
 .UNSPECIFIED.);
#41=B_SPLINE_SURFACE_WITH_KNOTS('',5,1,((#4263,#4264),(#4265,#4266),(#4267,
#4268),(#4269,#4270),(#4271,#4272),(#4273,#4274),(#4275,#4276),(#4277,#4278),
(#4279,#4280),(#4281,#4282),(#4283,#4284),(#4285,#4286),(#4287,#4288)),
 .SURF_OF_LINEAR_EXTRUSION.,.F.,.F.,.F.,(6,2,5,6),(2,2),(0.,0.5,1.,1.006),
(0.,1.),.UNSPECIFIED.);
#42=B_SPLINE_SURFACE_WITH_KNOTS('',5,1,((#4289,#4290),(#4291,#4292),(#4293,
#4294),(#4295,#4296),(#4297,#4298),(#4299,#4300),(#4301,#4302),(#4303,#4304),
(#4305,#4306),(#4307,#4308),(#4309,#4310),(#4311,#4312),(#4313,#4314)),
 .SURF_OF_LINEAR_EXTRUSION.,.F.,.F.,.F.,(6,2,5,6),(2,2),(0.,0.5,1.,1.006),
(0.,1.),.UNSPECIFIED.);
#43=B_SPLINE_SURFACE_WITH_KNOTS('',5,1,((#4315,#4316),(#4317,#4318),(#4319,
#4320),(#4321,#4322),(#4323,#4324),(#4325,#4326),(#4327,#4328),(#4329,#4330)),
 .SURF_OF_LINEAR_EXTRUSION.,.F.,.F.,.F.,(6,2,6),(2,2),(0.,0.5,1.),(0.,1.),
 .UNSPECIFIED.);
#44=B_SPLINE_SURFACE_WITH_KNOTS('',5,1,((#4338,#4339),(#4340,#4341),(#4342,
#4343),(#4344,#4345),(#4346,#4347),(#4348,#4349),(#4350,#4351),(#4352,#4353),
(#4354,#4355),(#4356,#4357),(#4358,#4359),(#4360,#4361),(#4362,#4363)),
 .SURF_OF_LINEAR_EXTRUSION.,.F.,.F.,.F.,(6,2,5,6),(2,2),(0.,0.5,1.,1.006),
(0.,1.),.UNSPECIFIED.);
#45=CYLINDRICAL_SURFACE('',#1628,0.005);
#46=CYLINDRICAL_SURFACE('',#1629,0.005);
#47=CYLINDRICAL_SURFACE('',#1636,0.00100000000000002);
#48=CYLINDRICAL_SURFACE('',#1638,0.00100000000000001);
#49=CYLINDRICAL_SURFACE('',#1640,0.00100000000000002);
#50=CYLINDRICAL_SURFACE('',#1643,0.00100000000000002);
#51=CYLINDRICAL_SURFACE('',#1644,0.00100000000000001);
#52=CYLINDRICAL_SURFACE('',#1646,0.001);
#53=CYLINDRICAL_SURFACE('',#1648,0.001);
#54=CYLINDRICAL_SURFACE('',#1651,0.001);
#55=CYLINDRICAL_SURFACE('',#1652,0.00255);
#56=CYLINDRICAL_SURFACE('',#1655,0.00255);
#57=CYLINDRICAL_SURFACE('',#1658,0.005);
#58=CYLINDRICAL_SURFACE('',#1659,0.00255);
#59=CYLINDRICAL_SURFACE('',#1663,0.005);
#60=CYLINDRICAL_SURFACE('',#1664,0.00255);
#61=CYLINDRICAL_SURFACE('',#1668,0.00255);
#62=CYLINDRICAL_SURFACE('',#1672,0.00255);
#63=LINE('',#1963,#164);
#64=LINE('',#1979,#165);
#65=LINE('',#1987,#166);
#66=LINE('',#1989,#167);
#67=LINE('',#1991,#168);
#68=LINE('',#1993,#169);
#69=LINE('',#1995,#170);
#70=LINE('',#1997,#171);
#71=LINE('',#1999,#172);
#72=LINE('',#2001,#173);
#73=LINE('',#2003,#174);
#74=LINE('',#2005,#175);
#75=LINE('',#2007,#176);
#76=LINE('',#2009,#177);
#77=LINE('',#2011,#178);
#78=LINE('',#2018,#179);
#79=LINE('',#2020,#180);
#80=LINE('',#2027,#181);
#81=LINE('',#2029,#182);
#82=LINE('',#2031,#183);
#83=LINE('',#2033,#184);
#84=LINE('',#2035,#185);
#85=LINE('',#2042,#186);
#86=LINE('',#2043,#187);
#87=LINE('',#2050,#188);
#88=LINE('',#2052,#189);
#89=LINE('',#2054,#190);
#90=LINE('',#2056,#191);
#91=LINE('',#2058,#192);
#92=LINE('',#2065,#193);
#93=LINE('',#2067,#194);
#94=LINE('',#2166,#195);
#95=LINE('',#2174,#196);
#96=LINE('',#2181,#197);
#97=LINE('',#2186,#198);
#98=LINE('',#2190,#199);
#99=LINE('',#2194,#200);
#100=LINE('',#2197,#201);
#101=LINE('',#2202,#202);
#102=LINE('',#2206,#203);
#103=LINE('',#2210,#204);
#104=LINE('',#2213,#205);
#105=LINE('',#2216,#206);
#106=LINE('',#2218,#207);
#107=LINE('',#2220,#208);
#108=LINE('',#2222,#209);
#109=LINE('',#2224,#210);
#110=LINE('',#2226,#211);
#111=LINE('',#2228,#212);
#112=LINE('',#2230,#213);
#113=LINE('',#2232,#214);
#114=LINE('',#2234,#215);
#115=LINE('',#2236,#216);
#116=LINE('',#2238,#217);
#117=LINE('',#2240,#218);
#118=LINE('',#2242,#219);
#119=LINE('',#2244,#220);
#120=LINE('',#2246,#221);
#121=LINE('',#2247,#222);
#122=LINE('',#2249,#223);
#123=LINE('',#2251,#224);
#124=LINE('',#2253,#225);
#125=LINE('',#2255,#226);
#126=LINE('',#2257,#227);
#127=LINE('',#2259,#228);
#128=LINE('',#2261,#229);
#129=LINE('',#2263,#230);
#130=LINE('',#2265,#231);
#131=LINE('',#2267,#232);
#132=LINE('',#2269,#233);
#133=LINE('',#2271,#234);
#134=LINE('',#2273,#235);
#135=LINE('',#2275,#236);
#136=LINE('',#2277,#237);
#137=LINE('',#2278,#238);
#138=LINE('',#2280,#239);
#139=LINE('',#2282,#240);
#140=LINE('',#2290,#241);
#141=LINE('',#2297,#242);
#142=LINE('',#2304,#243);
#143=LINE('',#2391,#244);
#144=LINE('',#2393,#245);
#145=LINE('',#2455,#246);
#146=LINE('',#2457,#247);
#147=LINE('',#2504,#248);
#148=LINE('',#2516,#249);
#149=LINE('',#2524,#250);
#150=LINE('',#2526,#251);
#151=LINE('',#2533,#252);
#152=LINE('',#2541,#253);
#153=LINE('',#2548,#254);
#154=LINE('',#2561,#255);
#155=LINE('',#2563,#256);
#156=LINE('',#2576,#257);
#157=LINE('',#2584,#258);
#158=LINE('',#2586,#259);
#159=LINE('',#2593,#260);
#160=LINE('',#2601,#261);
#161=LINE('',#2608,#262);
#162=LINE('',#2621,#263);
#163=LINE('',#2623,#264);
#164=VECTOR('',#1688,1.);
#165=VECTOR('',#1695,1.);
#166=VECTOR('',#1696,1.);
#167=VECTOR('',#1697,1.);
#168=VECTOR('',#1698,1.);
#169=VECTOR('',#1699,1.);
#170=VECTOR('',#1700,1.);
#171=VECTOR('',#1701,1.);
#172=VECTOR('',#1702,1.);
#173=VECTOR('',#1703,1.);
#174=VECTOR('',#1704,1.);
#175=VECTOR('',#1705,1.);
#176=VECTOR('',#1706,1.);
#177=VECTOR('',#1707,1.);
#178=VECTOR('',#1708,1.);
#179=VECTOR('',#1709,1.);
#180=VECTOR('',#1710,1.);
#181=VECTOR('',#1711,1.);
#182=VECTOR('',#1712,1.);
#183=VECTOR('',#1713,1.);
#184=VECTOR('',#1714,1.);
#185=VECTOR('',#1715,1.);
#186=VECTOR('',#1716,1.);
#187=VECTOR('',#1717,1.);
#188=VECTOR('',#1718,1.);
#189=VECTOR('',#1719,1.);
#190=VECTOR('',#1720,1.);
#191=VECTOR('',#1721,1.);
#192=VECTOR('',#1722,1.);
#193=VECTOR('',#1723,1.);
#194=VECTOR('',#1724,1.);
#195=VECTOR('',#1731,1.);
#196=VECTOR('',#1732,1.);
#197=VECTOR('',#1735,1.);
#198=VECTOR('',#1738,1.);
#199=VECTOR('',#1741,1.);
#200=VECTOR('',#1744,1.);
#201=VECTOR('',#1747,1.);
#202=VECTOR('',#1750,1.);
#203=VECTOR('',#1753,1.);
#204=VECTOR('',#1756,1.);
#205=VECTOR('',#1759,1.);
#206=VECTOR('',#1760,1.);
#207=VECTOR('',#1761,1.);
#208=VECTOR('',#1762,1.);
#209=VECTOR('',#1763,1.);
#210=VECTOR('',#1764,1.);
#211=VECTOR('',#1765,1.);
#212=VECTOR('',#1766,1.);
#213=VECTOR('',#1767,1.);
#214=VECTOR('',#1768,1.);
#215=VECTOR('',#1769,1.);
#216=VECTOR('',#1770,1.);
#217=VECTOR('',#1771,1.);
#218=VECTOR('',#1772,1.);
#219=VECTOR('',#1773,1.);
#220=VECTOR('',#1774,1.);
#221=VECTOR('',#1777,1.);
#222=VECTOR('',#1778,1.);
#223=VECTOR('',#1781,1.);
#224=VECTOR('',#1782,1.);
#225=VECTOR('',#1783,1.);
#226=VECTOR('',#1784,1.);
#227=VECTOR('',#1785,1.);
#228=VECTOR('',#1788,1.);
#229=VECTOR('',#1789,1.);
#230=VECTOR('',#1790,1.);
#231=VECTOR('',#1793,1.);
#232=VECTOR('',#1794,1.);
#233=VECTOR('',#1797,1.);
#234=VECTOR('',#1800,1.);
#235=VECTOR('',#1801,1.);
#236=VECTOR('',#1804,1.);
#237=VECTOR('',#1807,1.);
#238=VECTOR('',#1808,1.);
#239=VECTOR('',#1811,1.);
#240=VECTOR('',#1814,1.);
#241=VECTOR('',#1819,1.);
#242=VECTOR('',#1822,1.);
#243=VECTOR('',#1825,1.);
#244=VECTOR('',#1832,1.);
#245=VECTOR('',#1835,1.);
#246=VECTOR('',#1836,1.);
#247=VECTOR('',#1839,1.);
#248=VECTOR('',#1844,1.);
#249=VECTOR('',#1849,1.);
#250=VECTOR('',#1850,1.);
#251=VECTOR('',#1853,1.);
#252=VECTOR('',#1856,1.);
#253=VECTOR('',#1859,1.);
#254=VECTOR('',#1862,1.);
#255=VECTOR('',#1865,1.);
#256=VECTOR('',#1868,1.);
#257=VECTOR('',#1873,1.);
#258=VECTOR('',#1874,1.);
#259=VECTOR('',#1877,1.);
#260=VECTOR('',#1880,1.);
#261=VECTOR('',#1883,1.);
#262=VECTOR('',#1886,1.);
#263=VECTOR('',#1889,1.);
#264=VECTOR('',#1892,1.);
#265=B_SPLINE_CURVE_WITH_KNOTS('',3,(#1956,#1957,#1958,#1959),
 .UNSPECIFIED.,.F.,.F.,(4,4),(0.,1.),.UNSPECIFIED.);
#266=B_SPLINE_CURVE_WITH_KNOTS('',3,(#1967,#1968,#1969,#1970),
 .UNSPECIFIED.,.F.,.F.,(4,4),(0.,1.),.UNSPECIFIED.);
#267=B_SPLINE_CURVE_WITH_KNOTS('',3,(#1974,#1975,#1976,#1977),
 .UNSPECIFIED.,.F.,.F.,(4,4),(0.,1.),.UNSPECIFIED.);
#268=B_SPLINE_CURVE_WITH_KNOTS('',3,(#1982,#1983,#1984,#1985),
 .UNSPECIFIED.,.F.,.F.,(4,4),(0.,1.),.UNSPECIFIED.);
#269=B_SPLINE_CURVE_WITH_KNOTS('',3,(#2013,#2014,#2015,#2016),
 .UNSPECIFIED.,.F.,.F.,(4,4),(0.,1.),.UNSPECIFIED.);
#270=B_SPLINE_CURVE_WITH_KNOTS('',3,(#2022,#2023,#2024,#2025),
 .UNSPECIFIED.,.F.,.F.,(4,4),(0.,1.),.UNSPECIFIED.);
#271=B_SPLINE_CURVE_WITH_KNOTS('',3,(#2037,#2038,#2039,#2040),
 .UNSPECIFIED.,.F.,.F.,(4,4),(0.,1.),.UNSPECIFIED.);
#272=B_SPLINE_CURVE_WITH_KNOTS('',3,(#2045,#2046,#2047,#2048),
 .UNSPECIFIED.,.F.,.F.,(4,4),(0.,1.),.UNSPECIFIED.);
#273=B_SPLINE_CURVE_WITH_KNOTS('',3,(#2060,#2061,#2062,#2063),
 .UNSPECIFIED.,.F.,.F.,(4,4),(0.,1.),.UNSPECIFIED.);
#274=B_SPLINE_CURVE_WITH_KNOTS('',3,(#2069,#2070,#2071,#2072),
 .UNSPECIFIED.,.F.,.F.,(4,4),(0.,1.),.UNSPECIFIED.);
#275=B_SPLINE_CURVE_WITH_KNOTS('',3,(#2078,#2079,#2080,#2081),
 .UNSPECIFIED.,.F.,.F.,(4,4),(0.,1.),.UNSPECIFIED.);
#276=B_SPLINE_CURVE_WITH_KNOTS('',3,(#2084,#2085,#2086,#2087,#2088),
 .UNSPECIFIED.,.F.,.F.,(4,1,4),(0.,0.5,1.),.UNSPECIFIED.);
#277=B_SPLINE_CURVE_WITH_KNOTS('',3,(#2090,#2091,#2092,#2093),
 .UNSPECIFIED.,.F.,.F.,(4,4),(0.,1.),.UNSPECIFIED.);
#278=B_SPLINE_CURVE_WITH_KNOTS('',3,(#2095,#2096,#2097,#2098,#2099),
 .UNSPECIFIED.,.F.,.F.,(4,1,4),(0.,0.5,1.),.UNSPECIFIED.);
#279=B_SPLINE_CURVE_WITH_KNOTS('',3,(#2101,#2102,#2103,#2104),
 .UNSPECIFIED.,.F.,.F.,(4,4),(0.,1.),.UNSPECIFIED.);
#280=B_SPLINE_CURVE_WITH_KNOTS('',3,(#2106,#2107,#2108,#2109,#2110),
 .UNSPECIFIED.,.F.,.F.,(4,1,4),(0.,0.5,1.),.UNSPECIFIED.);
#281=B_SPLINE_CURVE_WITH_KNOTS('',3,(#2112,#2113,#2114,#2115),
 .UNSPECIFIED.,.F.,.F.,(4,4),(0.,1.),.UNSPECIFIED.);
#282=B_SPLINE_CURVE_WITH_KNOTS('',3,(#2117,#2118,#2119,#2120,#2121),
 .UNSPECIFIED.,.F.,.F.,(4,1,4),(0.,0.5,1.),.UNSPECIFIED.);
#283=B_SPLINE_CURVE_WITH_KNOTS('',3,(#2122,#2123,#2124,#2125),
 .UNSPECIFIED.,.F.,.F.,(4,4),(0.,1.),.UNSPECIFIED.);
#284=B_SPLINE_CURVE_WITH_KNOTS('',3,(#2128,#2129,#2130,#2131,#2132),
 .UNSPECIFIED.,.F.,.F.,(4,1,4),(0.,0.5,1.),.UNSPECIFIED.);
#285=B_SPLINE_CURVE_WITH_KNOTS('',3,(#2134,#2135,#2136,#2137),
 .UNSPECIFIED.,.F.,.F.,(4,4),(0.,1.),.UNSPECIFIED.);
#286=B_SPLINE_CURVE_WITH_KNOTS('',3,(#2139,#2140,#2141,#2142,#2143),
 .UNSPECIFIED.,.F.,.F.,(4,1,4),(0.,0.5,1.),.UNSPECIFIED.);
#287=B_SPLINE_CURVE_WITH_KNOTS('',3,(#2145,#2146,#2147,#2148),
 .UNSPECIFIED.,.F.,.F.,(4,4),(0.,1.),.UNSPECIFIED.);
#288=B_SPLINE_CURVE_WITH_KNOTS('',3,(#2150,#2151,#2152,#2153,#2154),
 .UNSPECIFIED.,.F.,.F.,(4,1,4),(0.,0.5,1.),.UNSPECIFIED.);
#289=B_SPLINE_CURVE_WITH_KNOTS('',3,(#2156,#2157,#2158,#2159),
 .UNSPECIFIED.,.F.,.F.,(4,4),(0.,1.),.UNSPECIFIED.);
#290=B_SPLINE_CURVE_WITH_KNOTS('',3,(#2161,#2162,#2163,#2164,#2165),
 .UNSPECIFIED.,.F.,.F.,(4,1,4),(0.,0.5,1.),.UNSPECIFIED.);
#291=B_SPLINE_CURVE_WITH_KNOTS('',3,(#2169,#2170,#2171,#2172),
 .UNSPECIFIED.,.F.,.F.,(4,4),(0.,1.),.UNSPECIFIED.);
#292=B_SPLINE_CURVE_WITH_KNOTS('',3,(#2176,#2177,#2178,#2179),
 .UNSPECIFIED.,.F.,.F.,(4,4),(0.,1.),.UNSPECIFIED.);
#293=B_SPLINE_CURVE_WITH_KNOTS('',3,(#2285,#2286,#2287,#2288),
 .UNSPECIFIED.,.F.,.F.,(4,4),(0.,1.),.UNSPECIFIED.);
#294=B_SPLINE_CURVE_WITH_KNOTS('',3,(#2292,#2293,#2294,#2295),
 .UNSPECIFIED.,.F.,.F.,(4,4),(0.,1.),.UNSPECIFIED.);
#295=B_SPLINE_CURVE_WITH_KNOTS('',3,(#2299,#2300,#2301,#2302),
 .UNSPECIFIED.,.F.,.F.,(4,4),(0.,1.),.UNSPECIFIED.);
#296=B_SPLINE_CURVE_WITH_KNOTS('',3,(#2306,#2307,#2308,#2309),
 .UNSPECIFIED.,.F.,.F.,(4,4),(0.,1.),.UNSPECIFIED.);
#297=B_SPLINE_CURVE_WITH_KNOTS('',3,(#2311,#2312,#2313,#2314,#2315,#2316,
#2317,#2318,#2319,#2320,#2321),.UNSPECIFIED.,.T.,.F.,(1,1,1,1,1,1,1,1,1,
1,1,1,1,1,1),(-0.375,-0.25,-0.125,0.,0.125,0.25,0.375,0.5,0.625,0.75,0.875,
1.,1.125,1.25,1.375),.UNSPECIFIED.);
#298=B_SPLINE_CURVE_WITH_KNOTS('',3,(#2323,#2324,#2325,#2326,#2327),
 .UNSPECIFIED.,.F.,.F.,(4,1,4),(0.,0.5,1.),.UNSPECIFIED.);
#299=B_SPLINE_CURVE_WITH_KNOTS('',3,(#2328,#2329,#2330,#2331,#2332,#2333,
#2334,#2335,#2336,#2337,#2338),.UNSPECIFIED.,.F.,.F.,(4,1,1,1,1,1,1,1,4),
(-4.71152275591599E-6,0.000103297509944272,0.000211306542644461,0.000427324608044838,
0.000859360738845592,0.00129139686964635,0.0017234330004471,0.00258750526204861,
0.00345157752365011),.UNSPECIFIED.);
#300=B_SPLINE_CURVE_WITH_KNOTS('',3,(#2339,#2340,#2341,#2342,#2343,#2344,
#2345,#2346,#2347,#2348,#2349),.UNSPECIFIED.,.F.,.F.,(4,1,1,1,1,1,1,1,4),
(0.,0.000850167555290397,0.00170033511058079,0.00212541888822599,0.00255050266587119,
0.00297558644351639,0.00318812833233899,0.00329439927675029,0.00340067022116159),
 .UNSPECIFIED.);
#301=B_SPLINE_CURVE_WITH_KNOTS('',3,(#2351,#2352,#2353,#2354,#2355,#2356,
#2357,#2358,#2359,#2360,#2361),.UNSPECIFIED.,.T.,.F.,(1,1,1,1,1,1,1,1,1,
1,1,1,1,1,1),(-0.375,-0.25,-0.125,0.,0.125,0.25,0.375,0.5,0.625,0.75,0.875,
1.,1.125,1.25,1.375),.UNSPECIFIED.);
#302=B_SPLINE_CURVE_WITH_KNOTS('',3,(#2363,#2364,#2365,#2366,#2367),
 .UNSPECIFIED.,.F.,.F.,(4,1,4),(0.,0.5,1.),.UNSPECIFIED.);
#303=B_SPLINE_CURVE_WITH_KNOTS('',3,(#2368,#2369,#2370,#2371,#2372,#2373,
#2374,#2375,#2376,#2377,#2378),.UNSPECIFIED.,.F.,.F.,(4,1,1,1,1,1,1,1,4),
(-4.71152277045985E-6,0.000103297509882636,0.000211306542535731,0.000427324607841923,
0.000859360738454305,0.00129139686906669,0.00172343299967907,0.00258750526090384,
0.0034515775221286),.UNSPECIFIED.);
#304=B_SPLINE_CURVE_WITH_KNOTS('',3,(#2379,#2380,#2381,#2382,#2383,#2384,
#2385,#2386,#2387,#2388,#2389),.UNSPECIFIED.,.F.,.F.,(4,1,1,1,1,1,1,1,4),
(0.,0.000850167555298974,0.00170033511059795,0.00212541888824743,0.00255050266589692,
0.00297558644354641,0.00318812833237115,0.00329439927678352,0.00340067022119589),
 .UNSPECIFIED.);
#305=B_SPLINE_CURVE_WITH_KNOTS('',3,(#2395,#2396,#2397,#2398),
 .UNSPECIFIED.,.F.,.F.,(4,4),(0.,1.),.UNSPECIFIED.);
#306=B_SPLINE_CURVE_WITH_KNOTS('',3,(#2400,#2401,#2402,#2403),
 .UNSPECIFIED.,.F.,.F.,(4,4),(0.,1.),.UNSPECIFIED.);
#307=B_SPLINE_CURVE_WITH_KNOTS('',3,(#2405,#2406,#2407,#2408),
 .UNSPECIFIED.,.F.,.F.,(4,4),(0.,1.),.UNSPECIFIED.);
#308=B_SPLINE_CURVE_WITH_KNOTS('',3,(#2409,#2410,#2411,#2412),
 .UNSPECIFIED.,.F.,.F.,(4,4),(0.,1.),.UNSPECIFIED.);
#309=B_SPLINE_CURVE_WITH_KNOTS('',3,(#2414,#2415,#2416,#2417,#2418),
 .UNSPECIFIED.,.F.,.F.,(4,1,4),(0.,0.5,1.),.UNSPECIFIED.);
#310=B_SPLINE_CURVE_WITH_KNOTS('',3,(#2420,#2421,#2422,#2423),
 .UNSPECIFIED.,.F.,.F.,(4,4),(0.,1.),.UNSPECIFIED.);
#311=B_SPLINE_CURVE_WITH_KNOTS('',3,(#2425,#2426,#2427,#2428,#2429),
 .UNSPECIFIED.,.F.,.F.,(4,1,4),(0.,0.5,1.),.UNSPECIFIED.);
#312=B_SPLINE_CURVE_WITH_KNOTS('',3,(#2431,#2432,#2433,#2434),
 .UNSPECIFIED.,.F.,.F.,(4,4),(0.,1.),.UNSPECIFIED.);
#313=B_SPLINE_CURVE_WITH_KNOTS('',3,(#2435,#2436,#2437,#2438),
 .UNSPECIFIED.,.F.,.F.,(4,4),(0.,1.),.UNSPECIFIED.);
#314=B_SPLINE_CURVE_WITH_KNOTS('',3,(#2440,#2441,#2442,#2443),
 .UNSPECIFIED.,.F.,.F.,(4,4),(0.,1.),.UNSPECIFIED.);
#315=B_SPLINE_CURVE_WITH_KNOTS('',3,(#2445,#2446,#2447,#2448),
 .UNSPECIFIED.,.F.,.F.,(4,4),(0.,1.),.UNSPECIFIED.);
#316=B_SPLINE_CURVE_WITH_KNOTS('',3,(#2450,#2451,#2452,#2453),
 .UNSPECIFIED.,.F.,.F.,(4,4),(0.,1.),.UNSPECIFIED.);
#317=B_SPLINE_CURVE_WITH_KNOTS('',3,(#2459,#2460,#2461,#2462,#2463,#2464,
#2465,#2466,#2467,#2468,#2469,#2470,#2471,#2472,#2473,#2474,#2475,#2476,
#2477),.UNSPECIFIED.,.F.,.F.,(4,1,1,1,1,1,1,1,1,1,1,1,1,1,1,1,4),(0.,0.0625,
0.125,0.140625,0.15625,0.1875,0.25,0.375,0.5,0.625,0.75,0.8125,0.875,0.890625,
0.90625,0.9375,1.),.UNSPECIFIED.);
#318=B_SPLINE_CURVE_WITH_KNOTS('',3,(#2479,#2480,#2481,#2482),
 .UNSPECIFIED.,.F.,.F.,(4,4),(0.,1.),.UNSPECIFIED.);
#319=B_SPLINE_CURVE_WITH_KNOTS('',3,(#2484,#2485,#2486,#2487,#2488,#2489,
#2490,#2491,#2492,#2493,#2494,#2495,#2496,#2497,#2498,#2499,#2500,#2501,
#2502),.UNSPECIFIED.,.F.,.F.,(4,1,1,1,1,1,1,1,1,1,1,1,1,1,1,1,4),(0.,0.0625,
0.125,0.140625,0.15625,0.1875,0.25,0.375,0.5,0.625,0.75,0.8125,0.875,0.890625,
0.90625,0.9375,1.),.UNSPECIFIED.);
#320=B_SPLINE_CURVE_WITH_KNOTS('',3,(#2506,#2507,#2508,#2509),
 .UNSPECIFIED.,.F.,.F.,(4,4),(0.,1.),.UNSPECIFIED.);
#321=B_SPLINE_CURVE_WITH_KNOTS('',3,(#2511,#2512,#2513,#2514),
 .UNSPECIFIED.,.F.,.F.,(4,4),(0.,1.),.UNSPECIFIED.);
#322=B_SPLINE_CURVE_WITH_KNOTS('',3,(#2518,#2519,#2520,#2521,#2522),
 .UNSPECIFIED.,.F.,.F.,(4,1,4),(0.,0.5,1.),.UNSPECIFIED.);
#323=B_SPLINE_CURVE_WITH_KNOTS('',3,(#2528,#2529,#2530,#2531),
 .UNSPECIFIED.,.F.,.F.,(4,4),(0.,1.),.UNSPECIFIED.);
#324=B_SPLINE_CURVE_WITH_KNOTS('',3,(#2535,#2536,#2537,#2538,#2539),
 .UNSPECIFIED.,.F.,.F.,(4,1,4),(0.,0.5,1.),.UNSPECIFIED.);
#325=B_SPLINE_CURVE_WITH_KNOTS('',3,(#2543,#2544,#2545,#2546),
 .UNSPECIFIED.,.F.,.F.,(4,4),(0.,1.),.UNSPECIFIED.);
#326=B_SPLINE_CURVE_WITH_KNOTS('',3,(#2550,#2551,#2552,#2553,#2554),
 .UNSPECIFIED.,.F.,.F.,(4,1,4),(0.,0.5,1.),.UNSPECIFIED.);
#327=B_SPLINE_CURVE_WITH_KNOTS('',3,(#2556,#2557,#2558,#2559),
 .UNSPECIFIED.,.F.,.F.,(4,4),(0.,1.),.UNSPECIFIED.);
#328=B_SPLINE_CURVE_WITH_KNOTS('',3,(#2565,#2566,#2567,#2568),
 .UNSPECIFIED.,.F.,.F.,(4,4),(0.,1.),.UNSPECIFIED.);
#329=B_SPLINE_CURVE_WITH_KNOTS('',3,(#2570,#2571,#2572,#2573,#2574),
 .UNSPECIFIED.,.F.,.F.,(4,1,4),(0.,0.5,1.),.UNSPECIFIED.);
#330=B_SPLINE_CURVE_WITH_KNOTS('',3,(#2578,#2579,#2580,#2581,#2582),
 .UNSPECIFIED.,.F.,.F.,(4,1,4),(0.,0.5,1.),.UNSPECIFIED.);
#331=B_SPLINE_CURVE_WITH_KNOTS('',3,(#2588,#2589,#2590,#2591),
 .UNSPECIFIED.,.F.,.F.,(4,4),(0.,1.),.UNSPECIFIED.);
#332=B_SPLINE_CURVE_WITH_KNOTS('',3,(#2595,#2596,#2597,#2598,#2599),
 .UNSPECIFIED.,.F.,.F.,(4,1,4),(0.,0.5,1.),.UNSPECIFIED.);
#333=B_SPLINE_CURVE_WITH_KNOTS('',3,(#2603,#2604,#2605,#2606),
 .UNSPECIFIED.,.F.,.F.,(4,4),(0.,1.),.UNSPECIFIED.);
#334=B_SPLINE_CURVE_WITH_KNOTS('',3,(#2610,#2611,#2612,#2613,#2614),
 .UNSPECIFIED.,.F.,.F.,(4,1,4),(0.,0.5,1.),.UNSPECIFIED.);
#335=B_SPLINE_CURVE_WITH_KNOTS('',3,(#2616,#2617,#2618,#2619),
 .UNSPECIFIED.,.F.,.F.,(4,4),(0.,1.),.UNSPECIFIED.);
#336=B_SPLINE_CURVE_WITH_KNOTS('',3,(#2625,#2626,#2627,#2628),
 .UNSPECIFIED.,.F.,.F.,(4,4),(0.,1.),.UNSPECIFIED.);
#337=B_SPLINE_CURVE_WITH_KNOTS('',3,(#2630,#2631,#2632,#2633,#2634),
 .UNSPECIFIED.,.F.,.F.,(4,1,4),(0.,0.5,1.),.UNSPECIFIED.);
#338=B_SPLINE_CURVE_WITH_KNOTS('',3,(#2644,#2645,#2646,#2647,#2648,#2649,
#2650),.UNSPECIFIED.,.F.,.F.,(4,1,1,1,4),(0.,0.24999999728821,0.49999999457642,
0.749999991864631,0.999999989152841),.UNSPECIFIED.);
#339=B_SPLINE_CURVE_WITH_KNOTS('',3,(#2651,#2652,#2653,#2654,#2655,#2656,
#2657,#2658,#2659,#2660,#2661),.UNSPECIFIED.,.F.,.F.,(4,1,1,1,1,1,1,1,4),
(-4.71152267128981E-6,0.0001032975102614,0.00021130654319409,0.000427324609059471,
0.000859360740790231,0.00129139687252099,0.00172343300425175,0.00258750526771327,
0.00345157753117479),.UNSPECIFIED.);
#340=B_SPLINE_CURVE_WITH_KNOTS('',3,(#2666,#2667,#2668,#2669,#2670,#2671,
#2672,#2673),.UNSPECIFIED.,.F.,.F.,(4,1,1,1,1,4),(0.,0.25,0.5,0.75,0.875,
1.),.UNSPECIFIED.);
#341=B_SPLINE_CURVE_WITH_KNOTS('',3,(#2675,#2676,#2677,#2678,#2679,#2680,
#2681),.UNSPECIFIED.,.F.,.F.,(4,1,1,1,4),(0.,0.24999999728821,0.49999999457642,
0.749999991864631,0.999999989152841),.UNSPECIFIED.);
#342=B_SPLINE_CURVE_WITH_KNOTS('',3,(#2682,#2683,#2684,#2685,#2686,#2687,
#2688,#2689,#2690,#2691,#2692),.UNSPECIFIED.,.F.,.F.,(4,1,1,1,1,1,1,1,4),
(0.,0.000850167555286041,0.00170033511057208,0.0021254188882151,0.00255050266585812,
0.00297558644350114,0.00318812833232265,0.00329439927673341,0.00340067022114416),
 .UNSPECIFIED.);
#343=B_SPLINE_CURVE_WITH_KNOTS('',3,(#2697,#2698,#2699,#2700,#2701,#2702,
#2703,#2704),.UNSPECIFIED.,.F.,.F.,(4,1,1,1,1,4),(0.,0.25,0.5,0.75,0.875,
1.),.UNSPECIFIED.);
#344=B_SPLINE_CURVE_WITH_KNOTS('',3,(#2711,#2712,#2713,#2714,#2715,#2716,
#2717,#2718,#2719,#2720,#2721,#2722,#2723,#2724,#2725,#2726,#2727,#2728,
#2729),.UNSPECIFIED.,.T.,.F.,(1,1,1,1,1,1,1,1,1,1,1,1,1,1,1,1,1,1,1,1,1,
1,1),(-0.190789473684211,-0.128289473684211,-0.0657894736842105,0.,0.059375,
0.12171875,0.1842109375,0.246710546875,0.30921052734375,0.371710526367187,
0.434210526318359,0.496710526315918,0.559210526315796,0.62171052631579,
0.684210526315789,0.746710526315789,0.809210526315789,0.871710526315789,
0.934210526315789,1.,1.059375,1.12171875,1.1842109375),.UNSPECIFIED.);
#345=B_SPLINE_CURVE_WITH_KNOTS('',3,(#2737,#2738,#2739,#2740,#2741,#2742,
#2743,#2744,#2745,#2746,#2747,#2748,#2749,#2750,#2751,#2752,#2753,#2754,
#2755),.UNSPECIFIED.,.T.,.F.,(1,1,1,1,1,1,1,1,1,1,1,1,1,1,1,1,1,1,1,1,1,
1,1),(-0.190789473684211,-0.128289473684211,-0.0657894736842105,0.,0.059375,
0.12171875,0.1842109375,0.246710546875,0.30921052734375,0.371710526367187,
0.434210526318359,0.496710526315918,0.559210526315796,0.62171052631579,
0.684210526315789,0.746710526315789,0.809210526315789,0.871710526315789,
0.934210526315789,1.,1.059375,1.12171875,1.1842109375),.UNSPECIFIED.);
#346=B_SPLINE_CURVE_WITH_KNOTS('',3,(#3131,#3132,#3133,#3134,#3135,#3136,
#3137),.UNSPECIFIED.,.F.,.F.,(4,1,1,1,4),(0.,0.25,0.5,0.75,1.),
 .UNSPECIFIED.);
#347=B_SPLINE_CURVE_WITH_KNOTS('',3,(#3138,#3139,#3140,#3141,#3142,#3143,
#3144),.UNSPECIFIED.,.F.,.F.,(4,1,1,1,4),(0.,0.25,0.5,0.75,1.),
 .UNSPECIFIED.);
#348=B_SPLINE_CURVE_WITH_KNOTS('',3,(#3161,#3162,#3163,#3164,#3165,#3166,
#3167),.UNSPECIFIED.,.F.,.F.,(4,1,1,1,4),(0.,0.25,0.5,0.75,1.),
 .UNSPECIFIED.);
#349=B_SPLINE_CURVE_WITH_KNOTS('',3,(#3184,#3185,#3186,#3187,#3188,#3189,
#3190),.UNSPECIFIED.,.F.,.F.,(4,1,1,1,4),(0.,0.25,0.5,0.75,1.),
 .UNSPECIFIED.);
#350=B_SPLINE_CURVE_WITH_KNOTS('',3,(#3281,#3282,#3283,#3284,#3285,#3286,
#3287),.UNSPECIFIED.,.F.,.F.,(4,1,1,1,4),(0.,0.25,0.5,0.75,1.),
 .UNSPECIFIED.);
#351=B_SPLINE_CURVE_WITH_KNOTS('',3,(#3378,#3379,#3380,#3381,#3382,#3383,
#3384),.UNSPECIFIED.,.F.,.F.,(4,1,1,1,4),(0.,0.25,0.5,0.75,1.),
 .UNSPECIFIED.);
#352=B_SPLINE_CURVE_WITH_KNOTS('',3,(#3401,#3402,#3403,#3404,#3405,#3406,
#3407),.UNSPECIFIED.,.F.,.F.,(4,1,1,1,4),(0.,0.25,0.5,0.75,1.),
 .UNSPECIFIED.);
#353=B_SPLINE_CURVE_WITH_KNOTS('',3,(#3424,#3425,#3426,#3427,#3428,#3429,
#3430),.UNSPECIFIED.,.F.,.F.,(4,1,1,1,4),(0.,0.25,0.5,0.75,1.),
 .UNSPECIFIED.);
#354=B_SPLINE_CURVE_WITH_KNOTS('',3,(#3611,#3612,#3613,#3614,#3615,#3616,
#3617),.UNSPECIFIED.,.F.,.F.,(4,1,1,1,4),(0.,0.25,0.5,0.75,1.),
 .UNSPECIFIED.);
#355=B_SPLINE_CURVE_WITH_KNOTS('',3,(#3618,#3619,#3620,#3621,#3622,#3623,
#3624),.UNSPECIFIED.,.F.,.F.,(4,1,1,1,4),(0.,0.25,0.5,0.75,1.),
 .UNSPECIFIED.);
#356=B_SPLINE_CURVE_WITH_KNOTS('',3,(#3641,#3642,#3643,#3644,#3645,#3646,
#3647),.UNSPECIFIED.,.F.,.F.,(4,1,1,1,4),(0.,0.25,0.5,0.75,1.),
 .UNSPECIFIED.);
#357=B_SPLINE_CURVE_WITH_KNOTS('',3,(#3664,#3665,#3666,#3667,#3668,#3669,
#3670),.UNSPECIFIED.,.F.,.F.,(4,1,1,1,4),(0.,0.25,0.5,0.75,1.),
 .UNSPECIFIED.);
#358=B_SPLINE_CURVE_WITH_KNOTS('',3,(#3761,#3762,#3763,#3764,#3765,#3766,
#3767),.UNSPECIFIED.,.F.,.F.,(4,1,1,1,4),(0.,0.25,0.5,0.75,1.),
 .UNSPECIFIED.);
#359=B_SPLINE_CURVE_WITH_KNOTS('',3,(#3858,#3859,#3860,#3861,#3862,#3863,
#3864),.UNSPECIFIED.,.F.,.F.,(4,1,1,1,4),(0.,0.25,0.5,0.75,1.),
 .UNSPECIFIED.);
#360=B_SPLINE_CURVE_WITH_KNOTS('',3,(#3881,#3882,#3883,#3884,#3885,#3886,
#3887),.UNSPECIFIED.,.F.,.F.,(4,1,1,1,4),(0.,0.25,0.5,0.75,1.),
 .UNSPECIFIED.);
#361=B_SPLINE_CURVE_WITH_KNOTS('',3,(#3904,#3905,#3906,#3907,#3908,#3909,
#3910),.UNSPECIFIED.,.F.,.F.,(4,1,1,1,4),(0.,0.25,0.5,0.75,1.),
 .UNSPECIFIED.);
#362=B_SPLINE_CURVE_WITH_KNOTS('',3,(#4033,#4034,#4035,#4036,#4037,#4038,
#4039),.UNSPECIFIED.,.F.,.F.,(4,1,1,1,4),(0.,0.25,0.5,0.75,1.),
 .UNSPECIFIED.);
#363=B_SPLINE_CURVE_WITH_KNOTS('',3,(#4092,#4093,#4094,#4095,#4096,#4097,
#4098),.UNSPECIFIED.,.F.,.F.,(4,1,1,1,4),(0.,0.25,0.5,0.75,1.),
 .UNSPECIFIED.);
#364=B_SPLINE_CURVE_WITH_KNOTS('',3,(#4115,#4116,#4117,#4118,#4119,#4120,
#4121),.UNSPECIFIED.,.F.,.F.,(4,1,1,1,4),(0.,0.25,0.5,0.75,1.),
 .UNSPECIFIED.);
#365=B_SPLINE_CURVE_WITH_KNOTS('',3,(#4174,#4175,#4176,#4177,#4178,#4179,
#4180),.UNSPECIFIED.,.F.,.F.,(4,1,1,1,4),(0.,0.25,0.5,0.75,1.),
 .UNSPECIFIED.);
#366=B_SPLINE_CURVE_WITH_KNOTS('',3,(#4245,#4246,#4247,#4248,#4249,#4250,
#4251,#4252,#4253),.UNSPECIFIED.,.F.,.F.,(4,1,1,1,1,1,4),(-6.40000001484429E-5,
0.00237563940346949,0.00481527880708742,0.00603509850889638,0.00725491821070534,
0.00847473791251431,0.00969455761432327),.UNSPECIFIED.);
#367=B_SPLINE_CURVE_WITH_KNOTS('',3,(#4254,#4255,#4256,#4257,#4258,#4259,
#4260,#4261,#4262),.UNSPECIFIED.,.F.,.F.,(4,1,1,1,1,1,4),(0.,0.00121848127381655,
0.0024369625476331,0.00365544382144965,0.0048739250952662,0.00731088764289931,
0.00974785019053241),.UNSPECIFIED.);
#368=B_SPLINE_CURVE_WITH_KNOTS('',3,(#4331,#4332,#4333,#4334,#4335,#4336,
#4337),.UNSPECIFIED.,.F.,.F.,(4,1,1,1,4),(-8.00000000282251E-6,0.00048000455732315,
0.000968009114649122,0.00145601367197509,0.00194401822930107),
 .UNSPECIFIED.);
#369=ORIENTED_EDGE('',*,*,#827,.T.);
#370=ORIENTED_EDGE('',*,*,#828,.T.);
#371=ORIENTED_EDGE('',*,*,#829,.F.);
#372=ORIENTED_EDGE('',*,*,#830,.F.);
#373=ORIENTED_EDGE('',*,*,#831,.T.);
#374=ORIENTED_EDGE('',*,*,#832,.T.);
#375=ORIENTED_EDGE('',*,*,#833,.T.);
#376=ORIENTED_EDGE('',*,*,#834,.T.);
#377=ORIENTED_EDGE('',*,*,#835,.F.);
#378=ORIENTED_EDGE('',*,*,#836,.T.);
#379=ORIENTED_EDGE('',*,*,#837,.F.);
#380=ORIENTED_EDGE('',*,*,#838,.F.);
#381=ORIENTED_EDGE('',*,*,#839,.T.);
#382=ORIENTED_EDGE('',*,*,#840,.F.);
#383=ORIENTED_EDGE('',*,*,#841,.T.);
#384=ORIENTED_EDGE('',*,*,#842,.F.);
#385=ORIENTED_EDGE('',*,*,#843,.F.);
#386=ORIENTED_EDGE('',*,*,#844,.F.);
#387=ORIENTED_EDGE('',*,*,#845,.F.);
#388=ORIENTED_EDGE('',*,*,#846,.T.);
#389=ORIENTED_EDGE('',*,*,#847,.T.);
#390=ORIENTED_EDGE('',*,*,#848,.F.);
#391=ORIENTED_EDGE('',*,*,#849,.F.);
#392=ORIENTED_EDGE('',*,*,#850,.T.);
#393=ORIENTED_EDGE('',*,*,#851,.T.);
#394=ORIENTED_EDGE('',*,*,#852,.T.);
#395=ORIENTED_EDGE('',*,*,#853,.T.);
#396=ORIENTED_EDGE('',*,*,#854,.T.);
#397=ORIENTED_EDGE('',*,*,#855,.T.);
#398=ORIENTED_EDGE('',*,*,#856,.T.);
#399=ORIENTED_EDGE('',*,*,#857,.F.);
#400=ORIENTED_EDGE('',*,*,#858,.T.);
#401=ORIENTED_EDGE('',*,*,#859,.T.);
#402=ORIENTED_EDGE('',*,*,#860,.T.);
#403=ORIENTED_EDGE('',*,*,#830,.T.);
#404=ORIENTED_EDGE('',*,*,#861,.F.);
#405=ORIENTED_EDGE('',*,*,#862,.T.);
#406=ORIENTED_EDGE('',*,*,#863,.T.);
#407=ORIENTED_EDGE('',*,*,#864,.T.);
#408=ORIENTED_EDGE('',*,*,#865,.T.);
#409=ORIENTED_EDGE('',*,*,#866,.F.);
#410=ORIENTED_EDGE('',*,*,#867,.T.);
#411=ORIENTED_EDGE('',*,*,#868,.T.);
#412=ORIENTED_EDGE('',*,*,#869,.T.);
#413=ORIENTED_EDGE('',*,*,#870,.F.);
#414=ORIENTED_EDGE('',*,*,#871,.T.);
#415=ORIENTED_EDGE('',*,*,#872,.T.);
#416=ORIENTED_EDGE('',*,*,#873,.F.);
#417=ORIENTED_EDGE('',*,*,#874,.T.);
#418=ORIENTED_EDGE('',*,*,#875,.T.);
#419=ORIENTED_EDGE('',*,*,#876,.T.);
#420=ORIENTED_EDGE('',*,*,#877,.T.);
#421=ORIENTED_EDGE('',*,*,#878,.T.);
#422=ORIENTED_EDGE('',*,*,#879,.T.);
#423=ORIENTED_EDGE('',*,*,#880,.T.);
#424=ORIENTED_EDGE('',*,*,#881,.T.);
#425=ORIENTED_EDGE('',*,*,#882,.T.);
#426=ORIENTED_EDGE('',*,*,#883,.T.);
#427=ORIENTED_EDGE('',*,*,#884,.T.);
#428=ORIENTED_EDGE('',*,*,#885,.T.);
#429=ORIENTED_EDGE('',*,*,#886,.T.);
#430=ORIENTED_EDGE('',*,*,#887,.T.);
#431=ORIENTED_EDGE('',*,*,#888,.T.);
#432=ORIENTED_EDGE('',*,*,#889,.T.);
#433=ORIENTED_EDGE('',*,*,#890,.F.);
#434=ORIENTED_EDGE('',*,*,#891,.T.);
#435=ORIENTED_EDGE('',*,*,#892,.T.);
#436=ORIENTED_EDGE('',*,*,#893,.T.);
#437=ORIENTED_EDGE('',*,*,#894,.T.);
#438=ORIENTED_EDGE('',*,*,#895,.F.);
#439=ORIENTED_EDGE('',*,*,#896,.F.);
#440=ORIENTED_EDGE('',*,*,#897,.F.);
#441=ORIENTED_EDGE('',*,*,#898,.F.);
#442=ORIENTED_EDGE('',*,*,#899,.F.);
#443=ORIENTED_EDGE('',*,*,#900,.T.);
#444=ORIENTED_EDGE('',*,*,#901,.F.);
#445=ORIENTED_EDGE('',*,*,#902,.F.);
#446=ORIENTED_EDGE('',*,*,#903,.F.);
#447=ORIENTED_EDGE('',*,*,#904,.F.);
#448=ORIENTED_EDGE('',*,*,#905,.F.);
#449=ORIENTED_EDGE('',*,*,#906,.T.);
#450=ORIENTED_EDGE('',*,*,#907,.F.);
#451=ORIENTED_EDGE('',*,*,#908,.T.);
#452=ORIENTED_EDGE('',*,*,#909,.F.);
#453=ORIENTED_EDGE('',*,*,#910,.F.);
#454=ORIENTED_EDGE('',*,*,#911,.F.);
#455=ORIENTED_EDGE('',*,*,#912,.T.);
#456=ORIENTED_EDGE('',*,*,#913,.T.);
#457=ORIENTED_EDGE('',*,*,#914,.T.);
#458=ORIENTED_EDGE('',*,*,#915,.T.);
#459=ORIENTED_EDGE('',*,*,#916,.T.);
#460=ORIENTED_EDGE('',*,*,#917,.T.);
#461=ORIENTED_EDGE('',*,*,#918,.F.);
#462=ORIENTED_EDGE('',*,*,#919,.T.);
#463=ORIENTED_EDGE('',*,*,#920,.F.);
#464=ORIENTED_EDGE('',*,*,#921,.T.);
#465=ORIENTED_EDGE('',*,*,#922,.F.);
#466=ORIENTED_EDGE('',*,*,#923,.T.);
#467=ORIENTED_EDGE('',*,*,#924,.T.);
#468=ORIENTED_EDGE('',*,*,#925,.F.);
#469=ORIENTED_EDGE('',*,*,#926,.F.);
#470=ORIENTED_EDGE('',*,*,#844,.T.);
#471=ORIENTED_EDGE('',*,*,#927,.T.);
#472=ORIENTED_EDGE('',*,*,#913,.F.);
#473=ORIENTED_EDGE('',*,*,#928,.T.);
#474=ORIENTED_EDGE('',*,*,#929,.T.);
#475=ORIENTED_EDGE('',*,*,#930,.F.);
#476=ORIENTED_EDGE('',*,*,#931,.F.);
#477=ORIENTED_EDGE('',*,*,#932,.F.);
#478=ORIENTED_EDGE('',*,*,#917,.F.);
#479=ORIENTED_EDGE('',*,*,#933,.T.);
#480=ORIENTED_EDGE('',*,*,#930,.T.);
#481=ORIENTED_EDGE('',*,*,#934,.F.);
#482=ORIENTED_EDGE('',*,*,#935,.F.);
#483=ORIENTED_EDGE('',*,*,#936,.T.);
#484=ORIENTED_EDGE('',*,*,#931,.T.);
#485=ORIENTED_EDGE('',*,*,#933,.F.);
#486=ORIENTED_EDGE('',*,*,#937,.F.);
#487=ORIENTED_EDGE('',*,*,#918,.T.);
#488=ORIENTED_EDGE('',*,*,#932,.T.);
#489=ORIENTED_EDGE('',*,*,#936,.F.);
#490=ORIENTED_EDGE('',*,*,#938,.F.);
#491=ORIENTED_EDGE('',*,*,#934,.T.);
#492=ORIENTED_EDGE('',*,*,#929,.F.);
#493=ORIENTED_EDGE('',*,*,#939,.F.);
#494=ORIENTED_EDGE('',*,*,#940,.T.);
#495=ORIENTED_EDGE('',*,*,#939,.T.);
#496=ORIENTED_EDGE('',*,*,#928,.F.);
#497=ORIENTED_EDGE('',*,*,#916,.F.);
#498=ORIENTED_EDGE('',*,*,#941,.T.);
#499=ORIENTED_EDGE('',*,*,#942,.F.);
#500=ORIENTED_EDGE('',*,*,#842,.T.);
#501=ORIENTED_EDGE('',*,*,#943,.F.);
#502=ORIENTED_EDGE('',*,*,#919,.F.);
#503=ORIENTED_EDGE('',*,*,#938,.T.);
#504=ORIENTED_EDGE('',*,*,#937,.T.);
#505=ORIENTED_EDGE('',*,*,#935,.T.);
#506=ORIENTED_EDGE('',*,*,#940,.F.);
#507=ORIENTED_EDGE('',*,*,#941,.F.);
#508=ORIENTED_EDGE('',*,*,#915,.F.);
#509=ORIENTED_EDGE('',*,*,#920,.T.);
#510=ORIENTED_EDGE('',*,*,#943,.T.);
#511=ORIENTED_EDGE('',*,*,#841,.F.);
#512=ORIENTED_EDGE('',*,*,#944,.F.);
#513=ORIENTED_EDGE('',*,*,#840,.T.);
#514=ORIENTED_EDGE('',*,*,#945,.T.);
#515=ORIENTED_EDGE('',*,*,#921,.F.);
#516=ORIENTED_EDGE('',*,*,#944,.T.);
#517=ORIENTED_EDGE('',*,*,#843,.T.);
#518=ORIENTED_EDGE('',*,*,#942,.T.);
#519=ORIENTED_EDGE('',*,*,#914,.F.);
#520=ORIENTED_EDGE('',*,*,#927,.F.);
#521=ORIENTED_EDGE('',*,*,#851,.F.);
#522=ORIENTED_EDGE('',*,*,#946,.T.);
#523=ORIENTED_EDGE('',*,*,#947,.T.);
#524=ORIENTED_EDGE('',*,*,#948,.T.);
#525=ORIENTED_EDGE('',*,*,#949,.F.);
#526=ORIENTED_EDGE('',*,*,#922,.T.);
#527=ORIENTED_EDGE('',*,*,#945,.F.);
#528=ORIENTED_EDGE('',*,*,#839,.F.);
#529=ORIENTED_EDGE('',*,*,#870,.T.);
#530=ORIENTED_EDGE('',*,*,#950,.T.);
#531=ORIENTED_EDGE('',*,*,#951,.F.);
#532=ORIENTED_EDGE('',*,*,#952,.T.);
#533=ORIENTED_EDGE('',*,*,#953,.T.);
#534=ORIENTED_EDGE('',*,*,#892,.F.);
#535=ORIENTED_EDGE('',*,*,#954,.T.);
#536=ORIENTED_EDGE('',*,*,#951,.T.);
#537=ORIENTED_EDGE('',*,*,#955,.T.);
#538=ORIENTED_EDGE('',*,*,#827,.F.);
#539=ORIENTED_EDGE('',*,*,#956,.T.);
#540=ORIENTED_EDGE('',*,*,#957,.T.);
#541=ORIENTED_EDGE('',*,*,#947,.F.);
#542=ORIENTED_EDGE('',*,*,#958,.T.);
#543=ORIENTED_EDGE('',*,*,#890,.T.);
#544=ORIENTED_EDGE('',*,*,#959,.T.);
#545=ORIENTED_EDGE('',*,*,#833,.F.);
#546=ORIENTED_EDGE('',*,*,#960,.T.);
#547=ORIENTED_EDGE('',*,*,#912,.F.);
#548=ORIENTED_EDGE('',*,*,#961,.T.);
#549=ORIENTED_EDGE('',*,*,#845,.T.);
#550=ORIENTED_EDGE('',*,*,#926,.T.);
#551=ORIENTED_EDGE('',*,*,#962,.T.);
#552=ORIENTED_EDGE('',*,*,#963,.T.);
#553=ORIENTED_EDGE('',*,*,#964,.T.);
#554=ORIENTED_EDGE('',*,*,#965,.T.);
#555=ORIENTED_EDGE('',*,*,#835,.T.);
#556=ORIENTED_EDGE('',*,*,#966,.T.);
#557=ORIENTED_EDGE('',*,*,#967,.T.);
#558=ORIENTED_EDGE('',*,*,#968,.T.);
#559=ORIENTED_EDGE('',*,*,#969,.T.);
#560=ORIENTED_EDGE('',*,*,#970,.T.);
#561=ORIENTED_EDGE('',*,*,#849,.T.);
#562=ORIENTED_EDGE('',*,*,#971,.T.);
#563=ORIENTED_EDGE('',*,*,#972,.T.);
#564=ORIENTED_EDGE('',*,*,#973,.T.);
#565=ORIENTED_EDGE('',*,*,#974,.T.);
#566=ORIENTED_EDGE('',*,*,#975,.F.);
#567=ORIENTED_EDGE('',*,*,#925,.T.);
#568=ORIENTED_EDGE('',*,*,#961,.F.);
#569=ORIENTED_EDGE('',*,*,#911,.T.);
#570=ORIENTED_EDGE('',*,*,#976,.T.);
#571=ORIENTED_EDGE('',*,*,#846,.F.);
#572=ORIENTED_EDGE('',*,*,#975,.T.);
#573=ORIENTED_EDGE('',*,*,#977,.T.);
#574=ORIENTED_EDGE('',*,*,#978,.T.);
#575=ORIENTED_EDGE('',*,*,#979,.T.);
#576=ORIENTED_EDGE('',*,*,#847,.F.);
#577=ORIENTED_EDGE('',*,*,#976,.F.);
#578=ORIENTED_EDGE('',*,*,#910,.T.);
#579=ORIENTED_EDGE('',*,*,#923,.F.);
#580=ORIENTED_EDGE('',*,*,#949,.T.);
#581=ORIENTED_EDGE('',*,*,#838,.T.);
#582=ORIENTED_EDGE('',*,*,#980,.F.);
#583=ORIENTED_EDGE('',*,*,#981,.T.);
#584=ORIENTED_EDGE('',*,*,#982,.T.);
#585=ORIENTED_EDGE('',*,*,#962,.F.);
#586=ORIENTED_EDGE('',*,*,#924,.F.);
#587=ORIENTED_EDGE('',*,*,#980,.T.);
#588=ORIENTED_EDGE('',*,*,#837,.T.);
#589=ORIENTED_EDGE('',*,*,#983,.F.);
#590=ORIENTED_EDGE('',*,*,#984,.T.);
#591=ORIENTED_EDGE('',*,*,#985,.T.);
#592=ORIENTED_EDGE('',*,*,#903,.T.);
#593=ORIENTED_EDGE('',*,*,#986,.F.);
#594=ORIENTED_EDGE('',*,*,#987,.T.);
#595=ORIENTED_EDGE('',*,*,#983,.T.);
#596=ORIENTED_EDGE('',*,*,#902,.T.);
#597=ORIENTED_EDGE('',*,*,#988,.F.);
#598=ORIENTED_EDGE('',*,*,#989,.T.);
#599=ORIENTED_EDGE('',*,*,#986,.T.);
#600=ORIENTED_EDGE('',*,*,#909,.T.);
#601=ORIENTED_EDGE('',*,*,#990,.F.);
#602=ORIENTED_EDGE('',*,*,#991,.T.);
#603=ORIENTED_EDGE('',*,*,#988,.T.);
#604=ORIENTED_EDGE('',*,*,#908,.F.);
#605=ORIENTED_EDGE('',*,*,#992,.F.);
#606=ORIENTED_EDGE('',*,*,#993,.T.);
#607=ORIENTED_EDGE('',*,*,#990,.T.);
#608=ORIENTED_EDGE('',*,*,#907,.T.);
#609=ORIENTED_EDGE('',*,*,#985,.F.);
#610=ORIENTED_EDGE('',*,*,#994,.T.);
#611=ORIENTED_EDGE('',*,*,#995,.T.);
#612=ORIENTED_EDGE('',*,*,#904,.T.);
#613=ORIENTED_EDGE('',*,*,#996,.F.);
#614=ORIENTED_EDGE('',*,*,#997,.T.);
#615=ORIENTED_EDGE('',*,*,#992,.T.);
#616=ORIENTED_EDGE('',*,*,#906,.F.);
#617=ORIENTED_EDGE('',*,*,#995,.F.);
#618=ORIENTED_EDGE('',*,*,#998,.T.);
#619=ORIENTED_EDGE('',*,*,#996,.T.);
#620=ORIENTED_EDGE('',*,*,#905,.T.);
#621=ORIENTED_EDGE('',*,*,#999,.F.);
#622=ORIENTED_EDGE('',*,*,#1000,.T.);
#623=ORIENTED_EDGE('',*,*,#1001,.T.);
#624=ORIENTED_EDGE('',*,*,#895,.T.);
#625=ORIENTED_EDGE('',*,*,#1002,.F.);
#626=ORIENTED_EDGE('',*,*,#1003,.T.);
#627=ORIENTED_EDGE('',*,*,#999,.T.);
#628=ORIENTED_EDGE('',*,*,#894,.F.);
#629=ORIENTED_EDGE('',*,*,#1004,.F.);
#630=ORIENTED_EDGE('',*,*,#1005,.T.);
#631=ORIENTED_EDGE('',*,*,#1002,.T.);
#632=ORIENTED_EDGE('',*,*,#901,.T.);
#633=ORIENTED_EDGE('',*,*,#1006,.F.);
#634=ORIENTED_EDGE('',*,*,#1007,.T.);
#635=ORIENTED_EDGE('',*,*,#1004,.T.);
#636=ORIENTED_EDGE('',*,*,#900,.F.);
#637=ORIENTED_EDGE('',*,*,#1008,.F.);
#638=ORIENTED_EDGE('',*,*,#1009,.T.);
#639=ORIENTED_EDGE('',*,*,#1006,.T.);
#640=ORIENTED_EDGE('',*,*,#899,.T.);
#641=ORIENTED_EDGE('',*,*,#1001,.F.);
#642=ORIENTED_EDGE('',*,*,#1010,.T.);
#643=ORIENTED_EDGE('',*,*,#1011,.T.);
#644=ORIENTED_EDGE('',*,*,#896,.T.);
#645=ORIENTED_EDGE('',*,*,#1012,.F.);
#646=ORIENTED_EDGE('',*,*,#1013,.T.);
#647=ORIENTED_EDGE('',*,*,#1008,.T.);
#648=ORIENTED_EDGE('',*,*,#898,.T.);
#649=ORIENTED_EDGE('',*,*,#1011,.F.);
#650=ORIENTED_EDGE('',*,*,#1014,.T.);
#651=ORIENTED_EDGE('',*,*,#1012,.T.);
#652=ORIENTED_EDGE('',*,*,#897,.T.);
#653=ORIENTED_EDGE('',*,*,#1015,.T.);
#654=ORIENTED_EDGE('',*,*,#872,.F.);
#655=ORIENTED_EDGE('',*,*,#1015,.F.);
#656=ORIENTED_EDGE('',*,*,#1016,.F.);
#657=ORIENTED_EDGE('',*,*,#873,.T.);
#658=ORIENTED_EDGE('',*,*,#1016,.T.);
#659=ORIENTED_EDGE('',*,*,#860,.F.);
#660=ORIENTED_EDGE('',*,*,#1017,.T.);
#661=ORIENTED_EDGE('',*,*,#852,.F.);
#662=ORIENTED_EDGE('',*,*,#1018,.T.);
#663=ORIENTED_EDGE('',*,*,#831,.F.);
#664=ORIENTED_EDGE('',*,*,#857,.T.);
#665=ORIENTED_EDGE('',*,*,#1019,.T.);
#666=ORIENTED_EDGE('',*,*,#855,.F.);
#667=ORIENTED_EDGE('',*,*,#1020,.F.);
#668=ORIENTED_EDGE('',*,*,#854,.F.);
#669=ORIENTED_EDGE('',*,*,#1021,.T.);
#670=ORIENTED_EDGE('',*,*,#858,.F.);
#671=ORIENTED_EDGE('',*,*,#1020,.T.);
#672=ORIENTED_EDGE('',*,*,#869,.F.);
#673=ORIENTED_EDGE('',*,*,#1022,.T.);
#674=ORIENTED_EDGE('',*,*,#861,.T.);
#675=ORIENTED_EDGE('',*,*,#829,.T.);
#676=ORIENTED_EDGE('',*,*,#1023,.T.);
#677=ORIENTED_EDGE('',*,*,#866,.T.);
#678=ORIENTED_EDGE('',*,*,#1024,.F.);
#679=ORIENTED_EDGE('',*,*,#864,.F.);
#680=ORIENTED_EDGE('',*,*,#1025,.T.);
#681=ORIENTED_EDGE('',*,*,#863,.F.);
#682=ORIENTED_EDGE('',*,*,#1026,.T.);
#683=ORIENTED_EDGE('',*,*,#867,.F.);
#684=ORIENTED_EDGE('',*,*,#1025,.F.);
#685=ORIENTED_EDGE('',*,*,#1027,.F.);
#686=ORIENTED_EDGE('',*,*,#1028,.T.);
#687=ORIENTED_EDGE('',*,*,#1029,.T.);
#688=ORIENTED_EDGE('',*,*,#1027,.T.);
#689=ORIENTED_EDGE('',*,*,#1030,.F.);
#690=ORIENTED_EDGE('',*,*,#1031,.T.);
#691=ORIENTED_EDGE('',*,*,#1032,.T.);
#692=ORIENTED_EDGE('',*,*,#1030,.T.);
#693=ORIENTED_EDGE('',*,*,#1024,.T.);
#694=ORIENTED_EDGE('',*,*,#865,.F.);
#695=ORIENTED_EDGE('',*,*,#1019,.F.);
#696=ORIENTED_EDGE('',*,*,#856,.F.);
#697=ORIENTED_EDGE('',*,*,#1031,.F.);
#698=ORIENTED_EDGE('',*,*,#1028,.F.);
#699=ORIENTED_EDGE('',*,*,#862,.F.);
#700=ORIENTED_EDGE('',*,*,#1022,.F.);
#701=ORIENTED_EDGE('',*,*,#868,.F.);
#702=ORIENTED_EDGE('',*,*,#1026,.F.);
#703=ORIENTED_EDGE('',*,*,#859,.F.);
#704=ORIENTED_EDGE('',*,*,#1021,.F.);
#705=ORIENTED_EDGE('',*,*,#853,.F.);
#706=ORIENTED_EDGE('',*,*,#1017,.F.);
#707=ORIENTED_EDGE('',*,*,#1032,.F.);
#708=ORIENTED_EDGE('',*,*,#957,.F.);
#709=ORIENTED_EDGE('',*,*,#1029,.F.);
#710=ORIENTED_EDGE('',*,*,#953,.F.);
#711=ORIENTED_EDGE('',*,*,#1033,.F.);
#712=ORIENTED_EDGE('',*,*,#1000,.F.);
#713=ORIENTED_EDGE('',*,*,#1034,.F.);
#714=ORIENTED_EDGE('',*,*,#879,.F.);
#715=ORIENTED_EDGE('',*,*,#1034,.T.);
#716=ORIENTED_EDGE('',*,*,#1003,.F.);
#717=ORIENTED_EDGE('',*,*,#1035,.F.);
#718=ORIENTED_EDGE('',*,*,#880,.F.);
#719=ORIENTED_EDGE('',*,*,#1033,.T.);
#720=ORIENTED_EDGE('',*,*,#878,.F.);
#721=ORIENTED_EDGE('',*,*,#1036,.F.);
#722=ORIENTED_EDGE('',*,*,#1010,.F.);
#723=ORIENTED_EDGE('',*,*,#1035,.T.);
#724=ORIENTED_EDGE('',*,*,#1005,.F.);
#725=ORIENTED_EDGE('',*,*,#1037,.F.);
#726=ORIENTED_EDGE('',*,*,#881,.F.);
#727=ORIENTED_EDGE('',*,*,#1036,.T.);
#728=ORIENTED_EDGE('',*,*,#877,.F.);
#729=ORIENTED_EDGE('',*,*,#1038,.F.);
#730=ORIENTED_EDGE('',*,*,#1014,.F.);
#731=ORIENTED_EDGE('',*,*,#1037,.T.);
#732=ORIENTED_EDGE('',*,*,#1007,.F.);
#733=ORIENTED_EDGE('',*,*,#1039,.F.);
#734=ORIENTED_EDGE('',*,*,#874,.F.);
#735=ORIENTED_EDGE('',*,*,#1038,.T.);
#736=ORIENTED_EDGE('',*,*,#876,.F.);
#737=ORIENTED_EDGE('',*,*,#1040,.F.);
#738=ORIENTED_EDGE('',*,*,#1013,.F.);
#739=ORIENTED_EDGE('',*,*,#1039,.T.);
#740=ORIENTED_EDGE('',*,*,#1009,.F.);
#741=ORIENTED_EDGE('',*,*,#1040,.T.);
#742=ORIENTED_EDGE('',*,*,#875,.F.);
#743=ORIENTED_EDGE('',*,*,#1041,.F.);
#744=ORIENTED_EDGE('',*,*,#984,.F.);
#745=ORIENTED_EDGE('',*,*,#1042,.F.);
#746=ORIENTED_EDGE('',*,*,#887,.F.);
#747=ORIENTED_EDGE('',*,*,#1042,.T.);
#748=ORIENTED_EDGE('',*,*,#987,.F.);
#749=ORIENTED_EDGE('',*,*,#1043,.F.);
#750=ORIENTED_EDGE('',*,*,#888,.F.);
#751=ORIENTED_EDGE('',*,*,#1041,.T.);
#752=ORIENTED_EDGE('',*,*,#886,.F.);
#753=ORIENTED_EDGE('',*,*,#1044,.F.);
#754=ORIENTED_EDGE('',*,*,#994,.F.);
#755=ORIENTED_EDGE('',*,*,#1043,.T.);
#756=ORIENTED_EDGE('',*,*,#989,.F.);
#757=ORIENTED_EDGE('',*,*,#1045,.F.);
#758=ORIENTED_EDGE('',*,*,#889,.F.);
#759=ORIENTED_EDGE('',*,*,#1044,.T.);
#760=ORIENTED_EDGE('',*,*,#885,.F.);
#761=ORIENTED_EDGE('',*,*,#1046,.F.);
#762=ORIENTED_EDGE('',*,*,#998,.F.);
#763=ORIENTED_EDGE('',*,*,#1045,.T.);
#764=ORIENTED_EDGE('',*,*,#991,.F.);
#765=ORIENTED_EDGE('',*,*,#1047,.F.);
#766=ORIENTED_EDGE('',*,*,#882,.F.);
#767=ORIENTED_EDGE('',*,*,#1046,.T.);
#768=ORIENTED_EDGE('',*,*,#884,.F.);
#769=ORIENTED_EDGE('',*,*,#1048,.F.);
#770=ORIENTED_EDGE('',*,*,#997,.F.);
#771=ORIENTED_EDGE('',*,*,#1047,.T.);
#772=ORIENTED_EDGE('',*,*,#993,.F.);
#773=ORIENTED_EDGE('',*,*,#1048,.T.);
#774=ORIENTED_EDGE('',*,*,#883,.F.);
#775=ORIENTED_EDGE('',*,*,#1023,.F.);
#776=ORIENTED_EDGE('',*,*,#828,.F.);
#777=ORIENTED_EDGE('',*,*,#955,.F.);
#778=ORIENTED_EDGE('',*,*,#950,.F.);
#779=ORIENTED_EDGE('',*,*,#850,.F.);
#780=ORIENTED_EDGE('',*,*,#970,.F.);
#781=ORIENTED_EDGE('',*,*,#1049,.F.);
#782=ORIENTED_EDGE('',*,*,#946,.F.);
#783=ORIENTED_EDGE('',*,*,#1049,.T.);
#784=ORIENTED_EDGE('',*,*,#969,.F.);
#785=ORIENTED_EDGE('',*,*,#1050,.F.);
#786=ORIENTED_EDGE('',*,*,#958,.F.);
#787=ORIENTED_EDGE('',*,*,#1050,.T.);
#788=ORIENTED_EDGE('',*,*,#968,.F.);
#789=ORIENTED_EDGE('',*,*,#1051,.F.);
#790=ORIENTED_EDGE('',*,*,#891,.F.);
#791=ORIENTED_EDGE('',*,*,#1051,.T.);
#792=ORIENTED_EDGE('',*,*,#967,.F.);
#793=ORIENTED_EDGE('',*,*,#1052,.F.);
#794=ORIENTED_EDGE('',*,*,#954,.F.);
#795=ORIENTED_EDGE('',*,*,#871,.F.);
#796=ORIENTED_EDGE('',*,*,#952,.F.);
#797=ORIENTED_EDGE('',*,*,#1052,.T.);
#798=ORIENTED_EDGE('',*,*,#966,.F.);
#799=ORIENTED_EDGE('',*,*,#959,.F.);
#800=ORIENTED_EDGE('',*,*,#893,.F.);
#801=ORIENTED_EDGE('',*,*,#956,.F.);
#802=ORIENTED_EDGE('',*,*,#834,.F.);
#803=ORIENTED_EDGE('',*,*,#1018,.F.);
#804=ORIENTED_EDGE('',*,*,#948,.F.);
#805=ORIENTED_EDGE('',*,*,#960,.F.);
#806=ORIENTED_EDGE('',*,*,#832,.F.);
#807=ORIENTED_EDGE('',*,*,#972,.F.);
#808=ORIENTED_EDGE('',*,*,#971,.F.);
#809=ORIENTED_EDGE('',*,*,#1053,.T.);
#810=ORIENTED_EDGE('',*,*,#978,.F.);
#811=ORIENTED_EDGE('',*,*,#1054,.T.);
#812=ORIENTED_EDGE('',*,*,#973,.F.);
#813=ORIENTED_EDGE('',*,*,#974,.F.);
#814=ORIENTED_EDGE('',*,*,#1054,.F.);
#815=ORIENTED_EDGE('',*,*,#977,.F.);
#816=ORIENTED_EDGE('',*,*,#848,.T.);
#817=ORIENTED_EDGE('',*,*,#979,.F.);
#818=ORIENTED_EDGE('',*,*,#1053,.F.);
#819=ORIENTED_EDGE('',*,*,#836,.F.);
#820=ORIENTED_EDGE('',*,*,#965,.F.);
#821=ORIENTED_EDGE('',*,*,#964,.F.);
#822=ORIENTED_EDGE('',*,*,#1055,.T.);
#823=ORIENTED_EDGE('',*,*,#981,.F.);
#824=ORIENTED_EDGE('',*,*,#963,.F.);
#825=ORIENTED_EDGE('',*,*,#982,.F.);
#826=ORIENTED_EDGE('',*,*,#1055,.F.);
#827=EDGE_CURVE('',#1056,#1057,#1206,.T.);
#828=EDGE_CURVE('',#1057,#1058,#265,.T.);
#829=EDGE_CURVE('',#1059,#1058,#1207,.T.);
#830=EDGE_CURVE('',#1060,#1059,#63,.T.);
#831=EDGE_CURVE('',#1060,#1061,#1208,.T.);
#832=EDGE_CURVE('',#1061,#1062,#266,.T.);
#833=EDGE_CURVE('',#1062,#1063,#1209,.T.);
#834=EDGE_CURVE('',#1063,#1056,#267,.T.);
#835=EDGE_CURVE('',#1064,#1065,#64,.T.);
#836=EDGE_CURVE('',#1064,#1066,#268,.T.);
#837=EDGE_CURVE('',#1067,#1066,#65,.T.);
#838=EDGE_CURVE('',#1068,#1067,#66,.T.);
#839=EDGE_CURVE('',#1068,#1069,#67,.T.);
#840=EDGE_CURVE('',#1070,#1069,#68,.T.);
#841=EDGE_CURVE('',#1070,#1071,#69,.T.);
#842=EDGE_CURVE('',#1072,#1071,#70,.T.);
#843=EDGE_CURVE('',#1073,#1072,#71,.T.);
#844=EDGE_CURVE('',#1074,#1073,#72,.T.);
#845=EDGE_CURVE('',#1075,#1074,#73,.T.);
#846=EDGE_CURVE('',#1075,#1076,#74,.T.);
#847=EDGE_CURVE('',#1076,#1077,#75,.T.);
#848=EDGE_CURVE('',#1078,#1077,#76,.T.);
#849=EDGE_CURVE('',#1079,#1078,#77,.T.);
#850=EDGE_CURVE('',#1079,#1080,#269,.T.);
#851=EDGE_CURVE('',#1080,#1081,#78,.T.);
#852=EDGE_CURVE('',#1081,#1082,#79,.T.);
#853=EDGE_CURVE('',#1082,#1083,#270,.T.);
#854=EDGE_CURVE('',#1083,#1084,#80,.T.);
#855=EDGE_CURVE('',#1084,#1085,#81,.T.);
#856=EDGE_CURVE('',#1085,#1086,#82,.T.);
#857=EDGE_CURVE('',#1087,#1086,#83,.T.);
#858=EDGE_CURVE('',#1087,#1088,#84,.T.);
#859=EDGE_CURVE('',#1088,#1089,#271,.T.);
#860=EDGE_CURVE('',#1089,#1060,#85,.T.);
#861=EDGE_CURVE('',#1090,#1059,#86,.T.);
#862=EDGE_CURVE('',#1090,#1091,#272,.T.);
#863=EDGE_CURVE('',#1091,#1092,#87,.T.);
#864=EDGE_CURVE('',#1092,#1093,#88,.T.);
#865=EDGE_CURVE('',#1093,#1094,#89,.T.);
#866=EDGE_CURVE('',#1095,#1094,#90,.T.);
#867=EDGE_CURVE('',#1095,#1096,#91,.T.);
#868=EDGE_CURVE('',#1096,#1097,#273,.T.);
#869=EDGE_CURVE('',#1097,#1098,#92,.T.);
#870=EDGE_CURVE('',#1099,#1098,#93,.T.);
#871=EDGE_CURVE('',#1099,#1065,#274,.T.);
#872=EDGE_CURVE('',#1100,#1100,#1210,.T.);
#873=EDGE_CURVE('',#1101,#1101,#1211,.T.);
#874=EDGE_CURVE('',#1102,#1103,#275,.T.);
#875=EDGE_CURVE('',#1103,#1104,#276,.T.);
#876=EDGE_CURVE('',#1104,#1105,#277,.T.);
#877=EDGE_CURVE('',#1105,#1106,#278,.T.);
#878=EDGE_CURVE('',#1106,#1107,#279,.T.);
#879=EDGE_CURVE('',#1107,#1108,#280,.T.);
#880=EDGE_CURVE('',#1108,#1109,#281,.T.);
#881=EDGE_CURVE('',#1109,#1102,#282,.T.);
#882=EDGE_CURVE('',#1110,#1111,#283,.T.);
#883=EDGE_CURVE('',#1111,#1112,#284,.T.);
#884=EDGE_CURVE('',#1112,#1113,#285,.T.);
#885=EDGE_CURVE('',#1113,#1114,#286,.T.);
#886=EDGE_CURVE('',#1114,#1115,#287,.T.);
#887=EDGE_CURVE('',#1115,#1116,#288,.T.);
#888=EDGE_CURVE('',#1116,#1117,#289,.T.);
#889=EDGE_CURVE('',#1117,#1110,#290,.T.);
#890=EDGE_CURVE('',#1118,#1119,#94,.T.);
#891=EDGE_CURVE('',#1118,#1120,#291,.T.);
#892=EDGE_CURVE('',#1120,#1121,#95,.T.);
#893=EDGE_CURVE('',#1121,#1119,#292,.T.);
#894=EDGE_CURVE('',#1122,#1123,#96,.T.);
#895=EDGE_CURVE('',#1124,#1123,#1212,.T.);
#896=EDGE_CURVE('',#1125,#1124,#97,.T.);
#897=EDGE_CURVE('',#1126,#1125,#1213,.T.);
#898=EDGE_CURVE('',#1127,#1126,#98,.T.);
#899=EDGE_CURVE('',#1128,#1127,#1214,.T.);
#900=EDGE_CURVE('',#1128,#1129,#99,.T.);
#901=EDGE_CURVE('',#1122,#1129,#1215,.T.);
#902=EDGE_CURVE('',#1130,#1131,#100,.T.);
#903=EDGE_CURVE('',#1132,#1130,#1216,.T.);
#904=EDGE_CURVE('',#1133,#1132,#101,.T.);
#905=EDGE_CURVE('',#1134,#1133,#1217,.T.);
#906=EDGE_CURVE('',#1134,#1135,#102,.T.);
#907=EDGE_CURVE('',#1136,#1135,#1218,.T.);
#908=EDGE_CURVE('',#1136,#1137,#103,.T.);
#909=EDGE_CURVE('',#1131,#1137,#1219,.T.);
#910=EDGE_CURVE('',#1138,#1139,#104,.T.);
#911=EDGE_CURVE('',#1140,#1138,#105,.T.);
#912=EDGE_CURVE('',#1140,#1141,#106,.T.);
#913=EDGE_CURVE('',#1141,#1142,#107,.T.);
#914=EDGE_CURVE('',#1142,#1143,#108,.T.);
#915=EDGE_CURVE('',#1143,#1144,#109,.T.);
#916=EDGE_CURVE('',#1144,#1145,#110,.T.);
#917=EDGE_CURVE('',#1145,#1146,#111,.T.);
#918=EDGE_CURVE('',#1147,#1146,#112,.T.);
#919=EDGE_CURVE('',#1147,#1148,#113,.T.);
#920=EDGE_CURVE('',#1149,#1148,#114,.T.);
#921=EDGE_CURVE('',#1149,#1150,#115,.T.);
#922=EDGE_CURVE('',#1151,#1150,#116,.T.);
#923=EDGE_CURVE('',#1151,#1152,#117,.T.);
#924=EDGE_CURVE('',#1152,#1153,#118,.T.);
#925=EDGE_CURVE('',#1139,#1153,#119,.T.);
#926=EDGE_CURVE('',#1074,#1141,#120,.T.);
#927=EDGE_CURVE('',#1073,#1142,#121,.T.);
#928=EDGE_CURVE('',#1145,#1154,#122,.T.);
#929=EDGE_CURVE('',#1154,#1155,#123,.T.);
#930=EDGE_CURVE('',#1156,#1155,#124,.T.);
#931=EDGE_CURVE('',#1157,#1156,#125,.T.);
#932=EDGE_CURVE('',#1146,#1157,#126,.T.);
#933=EDGE_CURVE('',#1158,#1156,#127,.T.);
#934=EDGE_CURVE('',#1159,#1155,#128,.T.);
#935=EDGE_CURVE('',#1158,#1159,#129,.T.);
#936=EDGE_CURVE('',#1160,#1157,#130,.T.);
#937=EDGE_CURVE('',#1160,#1158,#131,.T.);
#938=EDGE_CURVE('',#1147,#1160,#132,.T.);
#939=EDGE_CURVE('',#1161,#1154,#133,.T.);
#940=EDGE_CURVE('',#1161,#1159,#134,.T.);
#941=EDGE_CURVE('',#1144,#1161,#135,.T.);
#942=EDGE_CURVE('',#1072,#1143,#136,.T.);
#943=EDGE_CURVE('',#1148,#1071,#137,.T.);
#944=EDGE_CURVE('',#1149,#1070,#138,.T.);
#945=EDGE_CURVE('',#1069,#1150,#139,.T.);
#946=EDGE_CURVE('',#1080,#1162,#293,.T.);
#947=EDGE_CURVE('',#1162,#1163,#140,.T.);
#948=EDGE_CURVE('',#1163,#1081,#294,.T.);
#949=EDGE_CURVE('',#1151,#1068,#141,.T.);
#950=EDGE_CURVE('',#1098,#1164,#295,.T.);
#951=EDGE_CURVE('',#1165,#1164,#142,.T.);
#952=EDGE_CURVE('',#1165,#1099,#296,.T.);
#953=EDGE_CURVE('',#1166,#1166,#297,.T.);
#954=EDGE_CURVE('',#1120,#1165,#298,.T.);
#955=EDGE_CURVE('',#1164,#1057,#299,.T.);
#956=EDGE_CURVE('',#1056,#1121,#300,.T.);
#957=EDGE_CURVE('',#1167,#1167,#301,.T.);
#958=EDGE_CURVE('',#1162,#1118,#302,.T.);
#959=EDGE_CURVE('',#1119,#1063,#303,.T.);
#960=EDGE_CURVE('',#1062,#1163,#304,.T.);
#961=EDGE_CURVE('',#1140,#1075,#143,.T.);
#962=EDGE_CURVE('',#1153,#1168,#144,.T.);
#963=EDGE_CURVE('',#1168,#1169,#305,.T.);
#964=EDGE_CURVE('',#1169,#1170,#306,.T.);
#965=EDGE_CURVE('',#1170,#1064,#307,.T.);
#966=EDGE_CURVE('',#1065,#1171,#308,.T.);
#967=EDGE_CURVE('',#1171,#1172,#309,.T.);
#968=EDGE_CURVE('',#1172,#1173,#310,.T.);
#969=EDGE_CURVE('',#1173,#1174,#311,.T.);
#970=EDGE_CURVE('',#1174,#1079,#312,.T.);
#971=EDGE_CURVE('',#1078,#1175,#313,.T.);
#972=EDGE_CURVE('',#1175,#1176,#314,.T.);
#973=EDGE_CURVE('',#1176,#1177,#315,.T.);
#974=EDGE_CURVE('',#1177,#1178,#316,.T.);
#975=EDGE_CURVE('',#1139,#1178,#145,.T.);
#976=EDGE_CURVE('',#1138,#1076,#146,.T.);
#977=EDGE_CURVE('',#1178,#1179,#317,.T.);
#978=EDGE_CURVE('',#1179,#1180,#318,.T.);
#979=EDGE_CURVE('',#1180,#1077,#319,.T.);
#980=EDGE_CURVE('',#1152,#1067,#147,.T.);
#981=EDGE_CURVE('',#1066,#1181,#320,.T.);
#982=EDGE_CURVE('',#1181,#1168,#321,.T.);
#983=EDGE_CURVE('',#1182,#1130,#148,.T.);
#984=EDGE_CURVE('',#1182,#1183,#322,.T.);
#985=EDGE_CURVE('',#1183,#1132,#149,.T.);
#986=EDGE_CURVE('',#1184,#1131,#150,.T.);
#987=EDGE_CURVE('',#1184,#1182,#323,.T.);
#988=EDGE_CURVE('',#1185,#1137,#151,.T.);
#989=EDGE_CURVE('',#1185,#1184,#324,.T.);
#990=EDGE_CURVE('',#1186,#1136,#152,.T.);
#991=EDGE_CURVE('',#1186,#1185,#325,.T.);
#992=EDGE_CURVE('',#1187,#1135,#153,.T.);
#993=EDGE_CURVE('',#1187,#1186,#326,.T.);
#994=EDGE_CURVE('',#1183,#1188,#327,.T.);
#995=EDGE_CURVE('',#1188,#1133,#154,.T.);
#996=EDGE_CURVE('',#1189,#1134,#155,.T.);
#997=EDGE_CURVE('',#1189,#1187,#328,.T.);
#998=EDGE_CURVE('',#1188,#1189,#329,.T.);
#999=EDGE_CURVE('',#1190,#1123,#156,.T.);
#1000=EDGE_CURVE('',#1190,#1191,#330,.T.);
#1001=EDGE_CURVE('',#1191,#1124,#157,.T.);
#1002=EDGE_CURVE('',#1192,#1122,#158,.T.);
#1003=EDGE_CURVE('',#1192,#1190,#331,.T.);
#1004=EDGE_CURVE('',#1193,#1129,#159,.T.);
#1005=EDGE_CURVE('',#1193,#1192,#332,.T.);
#1006=EDGE_CURVE('',#1194,#1128,#160,.T.);
#1007=EDGE_CURVE('',#1194,#1193,#333,.T.);
#1008=EDGE_CURVE('',#1195,#1127,#161,.T.);
#1009=EDGE_CURVE('',#1195,#1194,#334,.T.);
#1010=EDGE_CURVE('',#1191,#1196,#335,.T.);
#1011=EDGE_CURVE('',#1196,#1125,#162,.T.);
#1012=EDGE_CURVE('',#1197,#1126,#163,.T.);
#1013=EDGE_CURVE('',#1197,#1195,#336,.T.);
#1014=EDGE_CURVE('',#1196,#1197,#337,.T.);
#1015=EDGE_CURVE('',#1198,#1198,#1220,.T.);
#1016=EDGE_CURVE('',#1199,#1199,#1221,.T.);
#1017=EDGE_CURVE('',#1089,#1082,#338,.T.);
#1018=EDGE_CURVE('',#1081,#1061,#339,.T.);
#1019=EDGE_CURVE('',#1086,#1085,#1222,.T.);
#1020=EDGE_CURVE('',#1087,#1084,#1223,.T.);
#1021=EDGE_CURVE('',#1083,#1088,#340,.T.);
#1022=EDGE_CURVE('',#1097,#1090,#341,.T.);
#1023=EDGE_CURVE('',#1058,#1098,#342,.T.);
#1024=EDGE_CURVE('',#1093,#1094,#1224,.T.);
#1025=EDGE_CURVE('',#1092,#1095,#1225,.T.);
#1026=EDGE_CURVE('',#1091,#1096,#343,.T.);
#1027=EDGE_CURVE('',#1200,#1200,#1226,.T.);
#1028=EDGE_CURVE('',#1201,#1201,#1227,.T.);
#1029=EDGE_CURVE('',#1202,#1202,#344,.T.);
#1030=EDGE_CURVE('',#1203,#1203,#1228,.T.);
#1031=EDGE_CURVE('',#1204,#1204,#1229,.T.);
#1032=EDGE_CURVE('',#1205,#1205,#345,.T.);
#1033=EDGE_CURVE('',#1191,#1107,#346,.T.);
#1034=EDGE_CURVE('',#1108,#1190,#347,.T.);
#1035=EDGE_CURVE('',#1109,#1192,#348,.F.);
#1036=EDGE_CURVE('',#1196,#1106,#349,.F.);
#1037=EDGE_CURVE('',#1102,#1193,#350,.T.);
#1038=EDGE_CURVE('',#1197,#1105,#351,.T.);
#1039=EDGE_CURVE('',#1103,#1194,#352,.F.);
#1040=EDGE_CURVE('',#1195,#1104,#353,.F.);
#1041=EDGE_CURVE('',#1183,#1115,#354,.T.);
#1042=EDGE_CURVE('',#1116,#1182,#355,.T.);
#1043=EDGE_CURVE('',#1117,#1184,#356,.F.);
#1044=EDGE_CURVE('',#1188,#1114,#357,.F.);
#1045=EDGE_CURVE('',#1110,#1185,#358,.T.);
#1046=EDGE_CURVE('',#1189,#1113,#359,.T.);
#1047=EDGE_CURVE('',#1111,#1186,#360,.F.);
#1048=EDGE_CURVE('',#1187,#1112,#361,.F.);
#1049=EDGE_CURVE('',#1162,#1174,#362,.F.);
#1050=EDGE_CURVE('',#1118,#1173,#363,.T.);
#1051=EDGE_CURVE('',#1120,#1172,#364,.F.);
#1052=EDGE_CURVE('',#1165,#1171,#365,.T.);
#1053=EDGE_CURVE('',#1078,#1180,#366,.T.);
#1054=EDGE_CURVE('',#1179,#1177,#367,.T.);
#1055=EDGE_CURVE('',#1169,#1181,#368,.T.);
#1056=VERTEX_POINT('',#1954);
#1057=VERTEX_POINT('',#1955);
#1058=VERTEX_POINT('',#1960);
#1059=VERTEX_POINT('',#1962);
#1060=VERTEX_POINT('',#1964);
#1061=VERTEX_POINT('',#1966);
#1062=VERTEX_POINT('',#1971);
#1063=VERTEX_POINT('',#1973);
#1064=VERTEX_POINT('',#1980);
#1065=VERTEX_POINT('',#1981);
#1066=VERTEX_POINT('',#1986);
#1067=VERTEX_POINT('',#1988);
#1068=VERTEX_POINT('',#1990);
#1069=VERTEX_POINT('',#1992);
#1070=VERTEX_POINT('',#1994);
#1071=VERTEX_POINT('',#1996);
#1072=VERTEX_POINT('',#1998);
#1073=VERTEX_POINT('',#2000);
#1074=VERTEX_POINT('',#2002);
#1075=VERTEX_POINT('',#2004);
#1076=VERTEX_POINT('',#2006);
#1077=VERTEX_POINT('',#2008);
#1078=VERTEX_POINT('',#2010);
#1079=VERTEX_POINT('',#2012);
#1080=VERTEX_POINT('',#2017);
#1081=VERTEX_POINT('',#2019);
#1082=VERTEX_POINT('',#2021);
#1083=VERTEX_POINT('',#2026);
#1084=VERTEX_POINT('',#2028);
#1085=VERTEX_POINT('',#2030);
#1086=VERTEX_POINT('',#2032);
#1087=VERTEX_POINT('',#2034);
#1088=VERTEX_POINT('',#2036);
#1089=VERTEX_POINT('',#2041);
#1090=VERTEX_POINT('',#2044);
#1091=VERTEX_POINT('',#2049);
#1092=VERTEX_POINT('',#2051);
#1093=VERTEX_POINT('',#2053);
#1094=VERTEX_POINT('',#2055);
#1095=VERTEX_POINT('',#2057);
#1096=VERTEX_POINT('',#2059);
#1097=VERTEX_POINT('',#2064);
#1098=VERTEX_POINT('',#2066);
#1099=VERTEX_POINT('',#2068);
#1100=VERTEX_POINT('',#2074);
#1101=VERTEX_POINT('',#2076);
#1102=VERTEX_POINT('',#2082);
#1103=VERTEX_POINT('',#2083);
#1104=VERTEX_POINT('',#2089);
#1105=VERTEX_POINT('',#2094);
#1106=VERTEX_POINT('',#2100);
#1107=VERTEX_POINT('',#2105);
#1108=VERTEX_POINT('',#2111);
#1109=VERTEX_POINT('',#2116);
#1110=VERTEX_POINT('',#2126);
#1111=VERTEX_POINT('',#2127);
#1112=VERTEX_POINT('',#2133);
#1113=VERTEX_POINT('',#2138);
#1114=VERTEX_POINT('',#2144);
#1115=VERTEX_POINT('',#2149);
#1116=VERTEX_POINT('',#2155);
#1117=VERTEX_POINT('',#2160);
#1118=VERTEX_POINT('',#2167);
#1119=VERTEX_POINT('',#2168);
#1120=VERTEX_POINT('',#2173);
#1121=VERTEX_POINT('',#2175);
#1122=VERTEX_POINT('',#2182);
#1123=VERTEX_POINT('',#2183);
#1124=VERTEX_POINT('',#2185);
#1125=VERTEX_POINT('',#2187);
#1126=VERTEX_POINT('',#2189);
#1127=VERTEX_POINT('',#2191);
#1128=VERTEX_POINT('',#2193);
#1129=VERTEX_POINT('',#2195);
#1130=VERTEX_POINT('',#2198);
#1131=VERTEX_POINT('',#2199);
#1132=VERTEX_POINT('',#2201);
#1133=VERTEX_POINT('',#2203);
#1134=VERTEX_POINT('',#2205);
#1135=VERTEX_POINT('',#2207);
#1136=VERTEX_POINT('',#2209);
#1137=VERTEX_POINT('',#2211);
#1138=VERTEX_POINT('',#2214);
#1139=VERTEX_POINT('',#2215);
#1140=VERTEX_POINT('',#2217);
#1141=VERTEX_POINT('',#2219);
#1142=VERTEX_POINT('',#2221);
#1143=VERTEX_POINT('',#2223);
#1144=VERTEX_POINT('',#2225);
#1145=VERTEX_POINT('',#2227);
#1146=VERTEX_POINT('',#2229);
#1147=VERTEX_POINT('',#2231);
#1148=VERTEX_POINT('',#2233);
#1149=VERTEX_POINT('',#2235);
#1150=VERTEX_POINT('',#2237);
#1151=VERTEX_POINT('',#2239);
#1152=VERTEX_POINT('',#2241);
#1153=VERTEX_POINT('',#2243);
#1154=VERTEX_POINT('',#2250);
#1155=VERTEX_POINT('',#2252);
#1156=VERTEX_POINT('',#2254);
#1157=VERTEX_POINT('',#2256);
#1158=VERTEX_POINT('',#2260);
#1159=VERTEX_POINT('',#2262);
#1160=VERTEX_POINT('',#2266);
#1161=VERTEX_POINT('',#2272);
#1162=VERTEX_POINT('',#2289);
#1163=VERTEX_POINT('',#2291);
#1164=VERTEX_POINT('',#2303);
#1165=VERTEX_POINT('',#2305);
#1166=VERTEX_POINT('',#2322);
#1167=VERTEX_POINT('',#2362);
#1168=VERTEX_POINT('',#2394);
#1169=VERTEX_POINT('',#2399);
#1170=VERTEX_POINT('',#2404);
#1171=VERTEX_POINT('',#2413);
#1172=VERTEX_POINT('',#2419);
#1173=VERTEX_POINT('',#2424);
#1174=VERTEX_POINT('',#2430);
#1175=VERTEX_POINT('',#2439);
#1176=VERTEX_POINT('',#2444);
#1177=VERTEX_POINT('',#2449);
#1178=VERTEX_POINT('',#2454);
#1179=VERTEX_POINT('',#2478);
#1180=VERTEX_POINT('',#2483);
#1181=VERTEX_POINT('',#2510);
#1182=VERTEX_POINT('',#2517);
#1183=VERTEX_POINT('',#2523);
#1184=VERTEX_POINT('',#2527);
#1185=VERTEX_POINT('',#2534);
#1186=VERTEX_POINT('',#2542);
#1187=VERTEX_POINT('',#2549);
#1188=VERTEX_POINT('',#2560);
#1189=VERTEX_POINT('',#2564);
#1190=VERTEX_POINT('',#2577);
#1191=VERTEX_POINT('',#2583);
#1192=VERTEX_POINT('',#2587);
#1193=VERTEX_POINT('',#2594);
#1194=VERTEX_POINT('',#2602);
#1195=VERTEX_POINT('',#2609);
#1196=VERTEX_POINT('',#2620);
#1197=VERTEX_POINT('',#2624);
#1198=VERTEX_POINT('',#2637);
#1199=VERTEX_POINT('',#2641);
#1200=VERTEX_POINT('',#2707);
#1201=VERTEX_POINT('',#2709);
#1202=VERTEX_POINT('',#2730);
#1203=VERTEX_POINT('',#2733);
#1204=VERTEX_POINT('',#2735);
#1205=VERTEX_POINT('',#2756);
#1206=CIRCLE('',#1597,0.005);
#1207=CIRCLE('',#1598,0.005);
#1208=CIRCLE('',#1599,0.005);
#1209=CIRCLE('',#1600,0.005);
#1210=CIRCLE('',#1602,0.00255);
#1211=CIRCLE('',#1603,0.00255);
#1212=CIRCLE('',#1606,0.00100000000000001);
#1213=CIRCLE('',#1607,0.001);
#1214=CIRCLE('',#1608,0.001);
#1215=CIRCLE('',#1609,0.001);
#1216=CIRCLE('',#1610,0.00100000000000002);
#1217=CIRCLE('',#1611,0.00100000000000002);
#1218=CIRCLE('',#1612,0.00100000000000002);
#1219=CIRCLE('',#1613,0.00100000000000001);
#1220=CIRCLE('',#1653,0.00255);
#1221=CIRCLE('',#1656,0.00255);
#1222=CIRCLE('',#1660,0.00255);
#1223=CIRCLE('',#1661,0.00255);
#1224=CIRCLE('',#1665,0.00255);
#1225=CIRCLE('',#1666,0.00255);
#1226=CIRCLE('',#1669,0.00255);
#1227=CIRCLE('',#1670,0.00255);
#1228=CIRCLE('',#1673,0.00255);
#1229=CIRCLE('',#1674,0.00255);
#1230=EDGE_LOOP('',(#369,#370,#371,#372,#373,#374,#375,#376));
#1231=EDGE_LOOP('',(#377,#378,#379,#380,#381,#382,#383,#384,#385,#386,#387,
#388,#389,#390,#391,#392,#393,#394,#395,#396,#397,#398,#399,#400,#401,#402,
#403,#404,#405,#406,#407,#408,#409,#410,#411,#412,#413,#414));
#1232=EDGE_LOOP('',(#415));
#1233=EDGE_LOOP('',(#416));
#1234=EDGE_LOOP('',(#417,#418,#419,#420,#421,#422,#423,#424));
#1235=EDGE_LOOP('',(#425,#426,#427,#428,#429,#430,#431,#432));
#1236=EDGE_LOOP('',(#433,#434,#435,#436));
#1237=EDGE_LOOP('',(#437,#438,#439,#440,#441,#442,#443,#444));
#1238=EDGE_LOOP('',(#445,#446,#447,#448,#449,#450,#451,#452));
#1239=EDGE_LOOP('',(#453,#454,#455,#456,#457,#458,#459,#460,#461,#462,#463,
#464,#465,#466,#467,#468));
#1240=EDGE_LOOP('',(#469,#470,#471,#472));
#1241=EDGE_LOOP('',(#473,#474,#475,#476,#477,#478));
#1242=EDGE_LOOP('',(#479,#480,#481,#482));
#1243=EDGE_LOOP('',(#483,#484,#485,#486));
#1244=EDGE_LOOP('',(#487,#488,#489,#490));
#1245=EDGE_LOOP('',(#491,#492,#493,#494));
#1246=EDGE_LOOP('',(#495,#496,#497,#498));
#1247=EDGE_LOOP('',(#499,#500,#501,#502,#503,#504,#505,#506,#507,#508));
#1248=EDGE_LOOP('',(#509,#510,#511,#512));
#1249=EDGE_LOOP('',(#513,#514,#515,#516));
#1250=EDGE_LOOP('',(#517,#518,#519,#520));
#1251=EDGE_LOOP('',(#521,#522,#523,#524));
#1252=EDGE_LOOP('',(#525,#526,#527,#528));
#1253=EDGE_LOOP('',(#529,#530,#531,#532));
#1254=EDGE_LOOP('',(#533));
#1255=EDGE_LOOP('',(#534,#535,#536,#537,#538,#539));
#1256=EDGE_LOOP('',(#540));
#1257=EDGE_LOOP('',(#541,#542,#543,#544,#545,#546));
#1258=EDGE_LOOP('',(#547,#548,#549,#550));
#1259=EDGE_LOOP('',(#551,#552,#553,#554,#555,#556,#557,#558,#559,#560,#561,
#562,#563,#564,#565,#566,#567));
#1260=EDGE_LOOP('',(#568,#569,#570,#571));
#1261=EDGE_LOOP('',(#572,#573,#574,#575,#576,#577,#578));
#1262=EDGE_LOOP('',(#579,#580,#581,#582));
#1263=EDGE_LOOP('',(#583,#584,#585,#586,#587,#588));
#1264=EDGE_LOOP('',(#589,#590,#591,#592));
#1265=EDGE_LOOP('',(#593,#594,#595,#596));
#1266=EDGE_LOOP('',(#597,#598,#599,#600));
#1267=EDGE_LOOP('',(#601,#602,#603,#604));
#1268=EDGE_LOOP('',(#605,#606,#607,#608));
#1269=EDGE_LOOP('',(#609,#610,#611,#612));
#1270=EDGE_LOOP('',(#613,#614,#615,#616));
#1271=EDGE_LOOP('',(#617,#618,#619,#620));
#1272=EDGE_LOOP('',(#621,#622,#623,#624));
#1273=EDGE_LOOP('',(#625,#626,#627,#628));
#1274=EDGE_LOOP('',(#629,#630,#631,#632));
#1275=EDGE_LOOP('',(#633,#634,#635,#636));
#1276=EDGE_LOOP('',(#637,#638,#639,#640));
#1277=EDGE_LOOP('',(#641,#642,#643,#644));
#1278=EDGE_LOOP('',(#645,#646,#647,#648));
#1279=EDGE_LOOP('',(#649,#650,#651,#652));
#1280=EDGE_LOOP('',(#653));
#1281=EDGE_LOOP('',(#654));
#1282=EDGE_LOOP('',(#655));
#1283=EDGE_LOOP('',(#656));
#1284=EDGE_LOOP('',(#657));
#1285=EDGE_LOOP('',(#658));
#1286=EDGE_LOOP('',(#659,#660,#661,#662,#663));
#1287=EDGE_LOOP('',(#664,#665,#666,#667));
#1288=EDGE_LOOP('',(#668,#669,#670,#671));
#1289=EDGE_LOOP('',(#672,#673,#674,#675,#676));
#1290=EDGE_LOOP('',(#677,#678,#679,#680));
#1291=EDGE_LOOP('',(#681,#682,#683,#684));
#1292=EDGE_LOOP('',(#685));
#1293=EDGE_LOOP('',(#686));
#1294=EDGE_LOOP('',(#687));
#1295=EDGE_LOOP('',(#688));
#1296=EDGE_LOOP('',(#689));
#1297=EDGE_LOOP('',(#690));
#1298=EDGE_LOOP('',(#691));
#1299=EDGE_LOOP('',(#692));
#1300=EDGE_LOOP('',(#693,#694));
#1301=EDGE_LOOP('',(#695,#696));
#1302=EDGE_LOOP('',(#697));
#1303=EDGE_LOOP('',(#698));
#1304=EDGE_LOOP('',(#699,#700,#701,#702));
#1305=EDGE_LOOP('',(#703,#704,#705,#706));
#1306=EDGE_LOOP('',(#707));
#1307=EDGE_LOOP('',(#708));
#1308=EDGE_LOOP('',(#709));
#1309=EDGE_LOOP('',(#710));
#1310=EDGE_LOOP('',(#711,#712,#713,#714));
#1311=EDGE_LOOP('',(#715,#716,#717,#718));
#1312=EDGE_LOOP('',(#719,#720,#721,#722));
#1313=EDGE_LOOP('',(#723,#724,#725,#726));
#1314=EDGE_LOOP('',(#727,#728,#729,#730));
#1315=EDGE_LOOP('',(#731,#732,#733,#734));
#1316=EDGE_LOOP('',(#735,#736,#737,#738));
#1317=EDGE_LOOP('',(#739,#740,#741,#742));
#1318=EDGE_LOOP('',(#743,#744,#745,#746));
#1319=EDGE_LOOP('',(#747,#748,#749,#750));
#1320=EDGE_LOOP('',(#751,#752,#753,#754));
#1321=EDGE_LOOP('',(#755,#756,#757,#758));
#1322=EDGE_LOOP('',(#759,#760,#761,#762));
#1323=EDGE_LOOP('',(#763,#764,#765,#766));
#1324=EDGE_LOOP('',(#767,#768,#769,#770));
#1325=EDGE_LOOP('',(#771,#772,#773,#774));
#1326=EDGE_LOOP('',(#775,#776,#777,#778));
#1327=EDGE_LOOP('',(#779,#780,#781,#782));
#1328=EDGE_LOOP('',(#783,#784,#785,#786));
#1329=EDGE_LOOP('',(#787,#788,#789,#790));
#1330=EDGE_LOOP('',(#791,#792,#793,#794));
#1331=EDGE_LOOP('',(#795,#796,#797,#798));
#1332=EDGE_LOOP('',(#799,#800,#801,#802));
#1333=EDGE_LOOP('',(#803,#804,#805,#806));
#1334=EDGE_LOOP('',(#807,#808,#809,#810,#811,#812));
#1335=EDGE_LOOP('',(#813,#814,#815));
#1336=EDGE_LOOP('',(#816,#817,#818));
#1337=EDGE_LOOP('',(#819,#820,#821,#822,#823));
#1338=EDGE_LOOP('',(#824,#825,#826));
#1339=FACE_BOUND('',#1230,.T.);
#1340=FACE_BOUND('',#1231,.T.);
#1341=FACE_BOUND('',#1232,.T.);
#1342=FACE_BOUND('',#1233,.T.);
#1343=FACE_BOUND('',#1234,.T.);
#1344=FACE_BOUND('',#1235,.T.);
#1345=FACE_BOUND('',#1236,.T.);
#1346=FACE_BOUND('',#1237,.T.);
#1347=FACE_BOUND('',#1238,.T.);
#1348=FACE_BOUND('',#1239,.T.);
#1349=FACE_BOUND('',#1240,.T.);
#1350=FACE_BOUND('',#1241,.T.);
#1351=FACE_BOUND('',#1242,.T.);
#1352=FACE_BOUND('',#1243,.T.);
#1353=FACE_BOUND('',#1244,.T.);
#1354=FACE_BOUND('',#1245,.T.);
#1355=FACE_BOUND('',#1246,.T.);
#1356=FACE_BOUND('',#1247,.T.);
#1357=FACE_BOUND('',#1248,.T.);
#1358=FACE_BOUND('',#1249,.T.);
#1359=FACE_BOUND('',#1250,.T.);
#1360=FACE_BOUND('',#1251,.T.);
#1361=FACE_BOUND('',#1252,.T.);
#1362=FACE_BOUND('',#1253,.T.);
#1363=FACE_BOUND('',#1254,.T.);
#1364=FACE_BOUND('',#1255,.T.);
#1365=FACE_BOUND('',#1256,.T.);
#1366=FACE_BOUND('',#1257,.T.);
#1367=FACE_BOUND('',#1258,.T.);
#1368=FACE_BOUND('',#1259,.T.);
#1369=FACE_BOUND('',#1260,.T.);
#1370=FACE_BOUND('',#1261,.T.);
#1371=FACE_BOUND('',#1262,.T.);
#1372=FACE_BOUND('',#1263,.T.);
#1373=FACE_BOUND('',#1264,.T.);
#1374=FACE_BOUND('',#1265,.T.);
#1375=FACE_BOUND('',#1266,.T.);
#1376=FACE_BOUND('',#1267,.T.);
#1377=FACE_BOUND('',#1268,.T.);
#1378=FACE_BOUND('',#1269,.T.);
#1379=FACE_BOUND('',#1270,.T.);
#1380=FACE_BOUND('',#1271,.T.);
#1381=FACE_BOUND('',#1272,.T.);
#1382=FACE_BOUND('',#1273,.T.);
#1383=FACE_BOUND('',#1274,.T.);
#1384=FACE_BOUND('',#1275,.T.);
#1385=FACE_BOUND('',#1276,.T.);
#1386=FACE_BOUND('',#1277,.T.);
#1387=FACE_BOUND('',#1278,.T.);
#1388=FACE_BOUND('',#1279,.T.);
#1389=FACE_BOUND('',#1280,.T.);
#1390=FACE_BOUND('',#1281,.T.);
#1391=FACE_BOUND('',#1282,.T.);
#1392=FACE_BOUND('',#1283,.T.);
#1393=FACE_BOUND('',#1284,.T.);
#1394=FACE_BOUND('',#1285,.T.);
#1395=FACE_BOUND('',#1286,.T.);
#1396=FACE_BOUND('',#1287,.T.);
#1397=FACE_BOUND('',#1288,.T.);
#1398=FACE_BOUND('',#1289,.T.);
#1399=FACE_BOUND('',#1290,.T.);
#1400=FACE_BOUND('',#1291,.T.);
#1401=FACE_BOUND('',#1292,.T.);
#1402=FACE_BOUND('',#1293,.T.);
#1403=FACE_BOUND('',#1294,.T.);
#1404=FACE_BOUND('',#1295,.T.);
#1405=FACE_BOUND('',#1296,.T.);
#1406=FACE_BOUND('',#1297,.T.);
#1407=FACE_BOUND('',#1298,.T.);
#1408=FACE_BOUND('',#1299,.T.);
#1409=FACE_BOUND('',#1300,.T.);
#1410=FACE_BOUND('',#1301,.T.);
#1411=FACE_BOUND('',#1302,.T.);
#1412=FACE_BOUND('',#1303,.T.);
#1413=FACE_BOUND('',#1304,.T.);
#1414=FACE_BOUND('',#1305,.T.);
#1415=FACE_BOUND('',#1306,.T.);
#1416=FACE_BOUND('',#1307,.T.);
#1417=FACE_BOUND('',#1308,.T.);
#1418=FACE_BOUND('',#1309,.T.);
#1419=FACE_BOUND('',#1310,.T.);
#1420=FACE_BOUND('',#1311,.T.);
#1421=FACE_BOUND('',#1312,.T.);
#1422=FACE_BOUND('',#1313,.T.);
#1423=FACE_BOUND('',#1314,.T.);
#1424=FACE_BOUND('',#1315,.T.);
#1425=FACE_BOUND('',#1316,.T.);
#1426=FACE_BOUND('',#1317,.T.);
#1427=FACE_BOUND('',#1318,.T.);
#1428=FACE_BOUND('',#1319,.T.);
#1429=FACE_BOUND('',#1320,.T.);
#1430=FACE_BOUND('',#1321,.T.);
#1431=FACE_BOUND('',#1322,.T.);
#1432=FACE_BOUND('',#1323,.T.);
#1433=FACE_BOUND('',#1324,.T.);
#1434=FACE_BOUND('',#1325,.T.);
#1435=FACE_BOUND('',#1326,.T.);
#1436=FACE_BOUND('',#1327,.T.);
#1437=FACE_BOUND('',#1328,.T.);
#1438=FACE_BOUND('',#1329,.T.);
#1439=FACE_BOUND('',#1330,.T.);
#1440=FACE_BOUND('',#1331,.T.);
#1441=FACE_BOUND('',#1332,.T.);
#1442=FACE_BOUND('',#1333,.T.);
#1443=FACE_BOUND('',#1334,.T.);
#1444=FACE_BOUND('',#1335,.T.);
#1445=FACE_BOUND('',#1336,.T.);
#1446=FACE_BOUND('',#1337,.T.);
#1447=FACE_BOUND('',#1338,.T.);
#1448=PLANE('',#1596);
#1449=PLANE('',#1601);
#1450=PLANE('',#1604);
#1451=PLANE('',#1605);
#1452=PLANE('',#1614);
#1453=PLANE('',#1615);
#1454=PLANE('',#1616);
#1455=PLANE('',#1617);
#1456=PLANE('',#1618);
#1457=PLANE('',#1619);
#1458=PLANE('',#1620);
#1459=PLANE('',#1621);
#1460=PLANE('',#1622);
#1461=PLANE('',#1623);
#1462=PLANE('',#1624);
#1463=PLANE('',#1625);
#1464=PLANE('',#1626);
#1465=PLANE('',#1627);
#1466=PLANE('',#1630);
#1467=PLANE('',#1631);
#1468=PLANE('',#1632);
#1469=PLANE('',#1633);
#1470=PLANE('',#1634);
#1471=PLANE('',#1635);
#1472=PLANE('',#1637);
#1473=PLANE('',#1639);
#1474=PLANE('',#1641);
#1475=PLANE('',#1642);
#1476=PLANE('',#1645);
#1477=PLANE('',#1647);
#1478=PLANE('',#1649);
#1479=PLANE('',#1650);
#1480=PLANE('',#1654);
#1481=PLANE('',#1657);
#1482=PLANE('',#1662);
#1483=PLANE('',#1667);
#1484=PLANE('',#1671);
#1485=PLANE('',#1675);
#1486=PLANE('',#1676);
#1487=PLANE('',#1677);
#1488=PLANE('',#1678);
#1489=PLANE('',#1679);
#1490=ADVANCED_FACE('',(#1339),#1448,.F.);
#1491=ADVANCED_FACE('',(#1340,#1341,#1342),#1449,.F.);
#1492=ADVANCED_FACE('',(#1343,#1344,#1345),#1450,.T.);
#1493=ADVANCED_FACE('',(#1346,#1347,#1348),#1451,.F.);
#1494=ADVANCED_FACE('',(#1349),#1452,.T.);
#1495=ADVANCED_FACE('',(#1350),#1453,.T.);
#1496=ADVANCED_FACE('',(#1351),#1454,.F.);
#1497=ADVANCED_FACE('',(#1352),#1455,.F.);
#1498=ADVANCED_FACE('',(#1353),#1456,.F.);
#1499=ADVANCED_FACE('',(#1354),#1457,.T.);
#1500=ADVANCED_FACE('',(#1355),#1458,.T.);
#1501=ADVANCED_FACE('',(#1356),#1459,.T.);
#1502=ADVANCED_FACE('',(#1357),#1460,.F.);
#1503=ADVANCED_FACE('',(#1358),#1461,.T.);
#1504=ADVANCED_FACE('',(#1359),#1462,.F.);
#1505=ADVANCED_FACE('',(#1360),#1463,.T.);
#1506=ADVANCED_FACE('',(#1361),#1464,.T.);
#1507=ADVANCED_FACE('',(#1362),#1465,.F.);
#1508=ADVANCED_FACE('',(#1363,#1364),#45,.T.);
#1509=ADVANCED_FACE('',(#1365,#1366),#46,.T.);
#1510=ADVANCED_FACE('',(#1367),#1466,.F.);
#1511=ADVANCED_FACE('',(#1368),#1467,.T.);
#1512=ADVANCED_FACE('',(#1369),#1468,.T.);
#1513=ADVANCED_FACE('',(#1370),#1469,.T.);
#1514=ADVANCED_FACE('',(#1371),#1470,.F.);
#1515=ADVANCED_FACE('',(#1372),#1471,.F.);
#1516=ADVANCED_FACE('',(#1373),#47,.F.);
#1517=ADVANCED_FACE('',(#1374),#1472,.F.);
#1518=ADVANCED_FACE('',(#1375),#48,.F.);
#1519=ADVANCED_FACE('',(#1376),#1473,.T.);
#1520=ADVANCED_FACE('',(#1377),#49,.F.);
#1521=ADVANCED_FACE('',(#1378),#1474,.F.);
#1522=ADVANCED_FACE('',(#1379),#1475,.T.);
#1523=ADVANCED_FACE('',(#1380),#50,.F.);
#1524=ADVANCED_FACE('',(#1381),#51,.F.);
#1525=ADVANCED_FACE('',(#1382),#1476,.T.);
#1526=ADVANCED_FACE('',(#1383),#52,.F.);
#1527=ADVANCED_FACE('',(#1384),#1477,.T.);
#1528=ADVANCED_FACE('',(#1385),#53,.F.);
#1529=ADVANCED_FACE('',(#1386),#1478,.F.);
#1530=ADVANCED_FACE('',(#1387),#1479,.F.);
#1531=ADVANCED_FACE('',(#1388),#54,.F.);
#1532=ADVANCED_FACE('',(#1389,#1390),#55,.F.);
#1533=ADVANCED_FACE('',(#1391),#1480,.T.);
#1534=ADVANCED_FACE('',(#1392,#1393),#56,.F.);
#1535=ADVANCED_FACE('',(#1394),#1481,.T.);
#1536=ADVANCED_FACE('',(#1395),#57,.T.);
#1537=ADVANCED_FACE('',(#1396),#58,.F.);
#1538=ADVANCED_FACE('',(#1397),#1482,.F.);
#1539=ADVANCED_FACE('',(#1398),#59,.T.);
#1540=ADVANCED_FACE('',(#1399),#60,.F.);
#1541=ADVANCED_FACE('',(#1400),#1483,.F.);
#1542=ADVANCED_FACE('',(#1401,#1402),#61,.F.);
#1543=ADVANCED_FACE('',(#1403,#1404),#1484,.F.);
#1544=ADVANCED_FACE('',(#1405,#1406),#62,.F.);
#1545=ADVANCED_FACE('',(#1407,#1408),#1485,.F.);
#1546=ADVANCED_FACE('',(#1409),#1486,.F.);
#1547=ADVANCED_FACE('',(#1410),#1487,.F.);
#1548=ADVANCED_FACE('',(#1411),#1488,.F.);
#1549=ADVANCED_FACE('',(#1412),#1489,.F.);
#1550=ADVANCED_FACE('',(#1413),#14,.T.);
#1551=ADVANCED_FACE('',(#1414),#15,.T.);
#1552=ADVANCED_FACE('',(#1415,#1416),#16,.T.);
#1553=ADVANCED_FACE('',(#1417,#1418),#17,.T.);
#1554=ADVANCED_FACE('',(#1419),#18,.T.);
#1555=ADVANCED_FACE('',(#1420),#19,.T.);
#1556=ADVANCED_FACE('',(#1421),#20,.T.);
#1557=ADVANCED_FACE('',(#1422),#21,.T.);
#1558=ADVANCED_FACE('',(#1423),#22,.T.);
#1559=ADVANCED_FACE('',(#1424),#23,.T.);
#1560=ADVANCED_FACE('',(#1425),#24,.T.);
#1561=ADVANCED_FACE('',(#1426),#25,.T.);
#1562=ADVANCED_FACE('',(#1427),#26,.T.);
#1563=ADVANCED_FACE('',(#1428),#27,.T.);
#1564=ADVANCED_FACE('',(#1429),#28,.T.);
#1565=ADVANCED_FACE('',(#1430),#29,.T.);
#1566=ADVANCED_FACE('',(#1431),#30,.T.);
#1567=ADVANCED_FACE('',(#1432),#31,.T.);
#1568=ADVANCED_FACE('',(#1433),#32,.T.);
#1569=ADVANCED_FACE('',(#1434),#33,.T.);
#1570=ADVANCED_FACE('',(#1435),#34,.T.);
#1571=ADVANCED_FACE('',(#1436),#35,.T.);
#1572=ADVANCED_FACE('',(#1437),#12,.T.);
#1573=ADVANCED_FACE('',(#1438),#36,.T.);
#1574=ADVANCED_FACE('',(#1439),#13,.T.);
#1575=ADVANCED_FACE('',(#1440),#37,.T.);
#1576=ADVANCED_FACE('',(#1441),#38,.T.);
#1577=ADVANCED_FACE('',(#1442),#39,.T.);
#1578=ADVANCED_FACE('',(#1443),#40,.T.);
#1579=ADVANCED_FACE('',(#1444),#41,.T.);
#1580=ADVANCED_FACE('',(#1445),#42,.T.);
#1581=ADVANCED_FACE('',(#1446),#43,.T.);
#1582=ADVANCED_FACE('',(#1447),#44,.T.);
#1583=CLOSED_SHELL('',(#1490,#1491,#1492,#1493,#1494,#1495,#1496,#1497,
#1498,#1499,#1500,#1501,#1502,#1503,#1504,#1505,#1506,#1507,#1508,#1509,
#1510,#1511,#1512,#1513,#1514,#1515,#1516,#1517,#1518,#1519,#1520,#1521,
#1522,#1523,#1524,#1525,#1526,#1527,#1528,#1529,#1530,#1531,#1532,#1533,
#1534,#1535,#1536,#1537,#1538,#1539,#1540,#1541,#1542,#1543,#1544,#1545,
#1546,#1547,#1548,#1549,#1550,#1551,#1552,#1553,#1554,#1555,#1556,#1557,
#1558,#1559,#1560,#1561,#1562,#1563,#1564,#1565,#1566,#1567,#1568,#1569,
#1570,#1571,#1572,#1573,#1574,#1575,#1576,#1577,#1578,#1579,#1580,#1581,
#1582));
#1584=STYLED_ITEM('',(#1585),#1592);
#1585=PRESENTATION_STYLE_ASSIGNMENT((#1586));
#1586=SURFACE_STYLE_USAGE(.BOTH.,#1587);
#1587=SURFACE_SIDE_STYLE('',(#1588));
#1588=SURFACE_STYLE_FILL_AREA(#1589);
#1589=FILL_AREA_STYLE('',(#1590));
#1590=FILL_AREA_STYLE_COLOUR('',#1591);
#1591=COLOUR_RGB('',0.615686274509804,0.811764705882353,0.929411764705882);
#1592=MANIFOLD_SOLID_BREP('Front Case',#1583);
#1593=SHAPE_DEFINITION_REPRESENTATION(#4370,#1594);
#1594=SHAPE_REPRESENTATION('Front Case',(#1595),#4365);
#1595=AXIS2_PLACEMENT_3D('',#1951,#1680,#1681);
#1596=AXIS2_PLACEMENT_3D('',#1952,#1682,#1683);
#1597=AXIS2_PLACEMENT_3D('',#1953,#1684,#1685);
#1598=AXIS2_PLACEMENT_3D('',#1961,#1686,#1687);
#1599=AXIS2_PLACEMENT_3D('',#1965,#1689,#1690);
#1600=AXIS2_PLACEMENT_3D('',#1972,#1691,#1692);
#1601=AXIS2_PLACEMENT_3D('',#1978,#1693,#1694);
#1602=AXIS2_PLACEMENT_3D('',#2073,#1725,#1726);
#1603=AXIS2_PLACEMENT_3D('',#2075,#1727,#1728);
#1604=AXIS2_PLACEMENT_3D('',#2077,#1729,#1730);
#1605=AXIS2_PLACEMENT_3D('',#2180,#1733,#1734);
#1606=AXIS2_PLACEMENT_3D('',#2184,#1736,#1737);
#1607=AXIS2_PLACEMENT_3D('',#2188,#1739,#1740);
#1608=AXIS2_PLACEMENT_3D('',#2192,#1742,#1743);
#1609=AXIS2_PLACEMENT_3D('',#2196,#1745,#1746);
#1610=AXIS2_PLACEMENT_3D('',#2200,#1748,#1749);
#1611=AXIS2_PLACEMENT_3D('',#2204,#1751,#1752);
#1612=AXIS2_PLACEMENT_3D('',#2208,#1754,#1755);
#1613=AXIS2_PLACEMENT_3D('',#2212,#1757,#1758);
#1614=AXIS2_PLACEMENT_3D('',#2245,#1775,#1776);
#1615=AXIS2_PLACEMENT_3D('',#2248,#1779,#1780);
#1616=AXIS2_PLACEMENT_3D('',#2258,#1786,#1787);
#1617=AXIS2_PLACEMENT_3D('',#2264,#1791,#1792);
#1618=AXIS2_PLACEMENT_3D('',#2268,#1795,#1796);
#1619=AXIS2_PLACEMENT_3D('',#2270,#1798,#1799);
#1620=AXIS2_PLACEMENT_3D('',#2274,#1802,#1803);
#1621=AXIS2_PLACEMENT_3D('',#2276,#1805,#1806);
#1622=AXIS2_PLACEMENT_3D('',#2279,#1809,#1810);
#1623=AXIS2_PLACEMENT_3D('',#2281,#1812,#1813);
#1624=AXIS2_PLACEMENT_3D('',#2283,#1815,#1816);
#1625=AXIS2_PLACEMENT_3D('',#2284,#1817,#1818);
#1626=AXIS2_PLACEMENT_3D('',#2296,#1820,#1821);
#1627=AXIS2_PLACEMENT_3D('',#2298,#1823,#1824);
#1628=AXIS2_PLACEMENT_3D('',#2310,#1826,#1827);
#1629=AXIS2_PLACEMENT_3D('',#2350,#1828,#1829);
#1630=AXIS2_PLACEMENT_3D('',#2390,#1830,#1831);
#1631=AXIS2_PLACEMENT_3D('',#2392,#1833,#1834);
#1632=AXIS2_PLACEMENT_3D('',#2456,#1837,#1838);
#1633=AXIS2_PLACEMENT_3D('',#2458,#1840,#1841);
#1634=AXIS2_PLACEMENT_3D('',#2503,#1842,#1843);
#1635=AXIS2_PLACEMENT_3D('',#2505,#1845,#1846);
#1636=AXIS2_PLACEMENT_3D('',#2515,#1847,#1848);
#1637=AXIS2_PLACEMENT_3D('',#2525,#1851,#1852);
#1638=AXIS2_PLACEMENT_3D('',#2532,#1854,#1855);
#1639=AXIS2_PLACEMENT_3D('',#2540,#1857,#1858);
#1640=AXIS2_PLACEMENT_3D('',#2547,#1860,#1861);
#1641=AXIS2_PLACEMENT_3D('',#2555,#1863,#1864);
#1642=AXIS2_PLACEMENT_3D('',#2562,#1866,#1867);
#1643=AXIS2_PLACEMENT_3D('',#2569,#1869,#1870);
#1644=AXIS2_PLACEMENT_3D('',#2575,#1871,#1872);
#1645=AXIS2_PLACEMENT_3D('',#2585,#1875,#1876);
#1646=AXIS2_PLACEMENT_3D('',#2592,#1878,#1879);
#1647=AXIS2_PLACEMENT_3D('',#2600,#1881,#1882);
#1648=AXIS2_PLACEMENT_3D('',#2607,#1884,#1885);
#1649=AXIS2_PLACEMENT_3D('',#2615,#1887,#1888);
#1650=AXIS2_PLACEMENT_3D('',#2622,#1890,#1891);
#1651=AXIS2_PLACEMENT_3D('',#2629,#1893,#1894);
#1652=AXIS2_PLACEMENT_3D('',#2635,#1895,#1896);
#1653=AXIS2_PLACEMENT_3D('',#2636,#1897,#1898);
#1654=AXIS2_PLACEMENT_3D('',#2638,#1899,#1900);
#1655=AXIS2_PLACEMENT_3D('',#2639,#1901,#1902);
#1656=AXIS2_PLACEMENT_3D('',#2640,#1903,#1904);
#1657=AXIS2_PLACEMENT_3D('',#2642,#1905,#1906);
#1658=AXIS2_PLACEMENT_3D('',#2643,#1907,#1908);
#1659=AXIS2_PLACEMENT_3D('',#2662,#1909,#1910);
#1660=AXIS2_PLACEMENT_3D('',#2663,#1911,#1912);
#1661=AXIS2_PLACEMENT_3D('',#2664,#1913,#1914);
#1662=AXIS2_PLACEMENT_3D('',#2665,#1915,#1916);
#1663=AXIS2_PLACEMENT_3D('',#2674,#1917,#1918);
#1664=AXIS2_PLACEMENT_3D('',#2693,#1919,#1920);
#1665=AXIS2_PLACEMENT_3D('',#2694,#1921,#1922);
#1666=AXIS2_PLACEMENT_3D('',#2695,#1923,#1924);
#1667=AXIS2_PLACEMENT_3D('',#2696,#1925,#1926);
#1668=AXIS2_PLACEMENT_3D('',#2705,#1927,#1928);
#1669=AXIS2_PLACEMENT_3D('',#2706,#1929,#1930);
#1670=AXIS2_PLACEMENT_3D('',#2708,#1931,#1932);
#1671=AXIS2_PLACEMENT_3D('',#2710,#1933,#1934);
#1672=AXIS2_PLACEMENT_3D('',#2731,#1935,#1936);
#1673=AXIS2_PLACEMENT_3D('',#2732,#1937,#1938);
#1674=AXIS2_PLACEMENT_3D('',#2734,#1939,#1940);
#1675=AXIS2_PLACEMENT_3D('',#2736,#1941,#1942);
#1676=AXIS2_PLACEMENT_3D('',#2757,#1943,#1944);
#1677=AXIS2_PLACEMENT_3D('',#2758,#1945,#1946);
#1678=AXIS2_PLACEMENT_3D('',#2759,#1947,#1948);
#1679=AXIS2_PLACEMENT_3D('',#2760,#1949,#1950);
#1680=DIRECTION('',(0.,0.,1.));
#1681=DIRECTION('',(1.,0.,0.));
#1682=DIRECTION('',(0.,0.,1.));
#1683=DIRECTION('',(1.,0.,0.));
#1684=DIRECTION('',(0.,0.,1.));
#1685=DIRECTION('',(1.,0.,0.));
#1686=DIRECTION('',(0.,0.,-1.));
#1687=DIRECTION('',(1.,0.,0.));
#1688=DIRECTION('',(1.,0.,0.));
#1689=DIRECTION('',(0.,0.,1.));
#1690=DIRECTION('',(1.,0.,0.));
#1691=DIRECTION('',(0.,0.,1.));
#1692=DIRECTION('',(1.,0.,0.));
#1693=DIRECTION('',(0.,1.,0.));
#1694=DIRECTION('',(0.,0.,1.));
#1695=DIRECTION('',(1.,0.,0.));
#1696=DIRECTION('',(0.,0.,1.));
#1697=DIRECTION('',(-1.,0.,0.));
#1698=DIRECTION('',(0.,0.,-1.));
#1699=DIRECTION('',(1.,0.,0.));
#1700=DIRECTION('',(0.,0.,-1.));
#1701=DIRECTION('',(1.,0.,0.));
#1702=DIRECTION('',(0.,0.,-1.));
#1703=DIRECTION('',(1.,0.,0.));
#1704=DIRECTION('',(0.,0.,-1.));
#1705=DIRECTION('',(1.,0.,0.));
#1706=DIRECTION('',(0.,0.,1.));
#1707=DIRECTION('',(1.,0.,0.));
#1708=DIRECTION('',(1.,0.,0.));
#1709=DIRECTION('',(0.,0.,-1.));
#1710=DIRECTION('',(0.,0.,-1.));
#1711=DIRECTION('',(1.,0.,0.));
#1712=DIRECTION('',(0.,0.,1.));
#1713=DIRECTION('',(1.,0.,0.));
#1714=DIRECTION('',(0.,0.,1.));
#1715=DIRECTION('',(1.,0.,0.));
#1716=DIRECTION('',(0.,0.,1.));
#1717=DIRECTION('',(0.,0.,1.));
#1718=DIRECTION('',(1.,0.,0.));
#1719=DIRECTION('',(0.,0.,1.));
#1720=DIRECTION('',(1.,0.,0.));
#1721=DIRECTION('',(0.,0.,1.));
#1722=DIRECTION('',(1.,0.,0.));
#1723=DIRECTION('',(0.,0.,1.));
#1724=DIRECTION('',(0.,0.,-1.));
#1725=DIRECTION('',(0.,1.,0.));
#1726=DIRECTION('',(0.,0.,-1.));
#1727=DIRECTION('',(0.,-1.,0.));
#1728=DIRECTION('',(0.,0.,-1.));
#1729=DIRECTION('',(0.,1.,0.));
#1730=DIRECTION('',(0.,0.,1.));
#1731=DIRECTION('',(0.,0.,-1.));
#1732=DIRECTION('',(0.,0.,-1.));
#1733=DIRECTION('',(0.,1.,0.));
#1734=DIRECTION('',(0.,0.,1.));
#1735=DIRECTION('',(1.,0.,0.));
#1736=DIRECTION('',(0.,-1.,0.));
#1737=DIRECTION('',(0.,0.,-1.));
#1738=DIRECTION('',(0.,0.,1.));
#1739=DIRECTION('',(0.,-1.,0.));
#1740=DIRECTION('',(0.,0.,-1.));
#1741=DIRECTION('',(1.,0.,0.));
#1742=DIRECTION('',(0.,-1.,0.));
#1743=DIRECTION('',(0.,0.,-1.));
#1744=DIRECTION('',(0.,0.,1.));
#1745=DIRECTION('',(0.,-1.,0.));
#1746=DIRECTION('',(0.,0.,-1.));
#1747=DIRECTION('',(-1.,0.,0.));
#1748=DIRECTION('',(0.,-1.,0.));
#1749=DIRECTION('',(0.,0.,-1.));
#1750=DIRECTION('',(0.,0.,1.));
#1751=DIRECTION('',(0.,-1.,0.));
#1752=DIRECTION('',(0.,0.,-1.));
#1753=DIRECTION('',(-1.,0.,0.));
#1754=DIRECTION('',(0.,-1.,0.));
#1755=DIRECTION('',(0.,0.,-1.));
#1756=DIRECTION('',(0.,0.,1.));
#1757=DIRECTION('',(0.,-1.,0.));
#1758=DIRECTION('',(0.,0.,-1.));
#1759=DIRECTION('',(0.,0.,1.));
#1760=DIRECTION('',(1.,0.,0.));
#1761=DIRECTION('',(0.,0.,-1.));
#1762=DIRECTION('',(1.,0.,0.));
#1763=DIRECTION('',(0.,0.,-1.));
#1764=DIRECTION('',(1.,0.,0.));
#1765=DIRECTION('',(0.,0.,-1.));
#1766=DIRECTION('',(1.,0.,0.));
#1767=DIRECTION('',(0.,0.,-1.));
#1768=DIRECTION('',(1.,0.,0.));
#1769=DIRECTION('',(0.,0.,-1.));
#1770=DIRECTION('',(1.,0.,0.));
#1771=DIRECTION('',(0.,0.,-1.));
#1772=DIRECTION('',(-1.,0.,0.));
#1773=DIRECTION('',(0.,0.,1.));
#1774=DIRECTION('',(1.,0.,0.));
#1775=DIRECTION('',(0.,0.,1.));
#1776=DIRECTION('',(1.,0.,0.));
#1777=DIRECTION('',(0.,1.,0.));
#1778=DIRECTION('',(0.,1.,0.));
#1779=DIRECTION('',(0.,0.,1.));
#1780=DIRECTION('',(1.,0.,0.));
#1781=DIRECTION('',(0.,-1.,0.));
#1782=DIRECTION('',(-1.,-2.1350442781253E-16,0.));
#1783=DIRECTION('',(0.,1.,0.));
#1784=DIRECTION('',(-1.,-1.80231010491097E-16,0.));
#1785=DIRECTION('',(1.50845519650157E-16,-1.,0.));
#1786=DIRECTION('',(-1.,0.,0.));
#1787=DIRECTION('',(0.,0.,1.));
#1788=DIRECTION('',(0.,0.,-1.));
#1789=DIRECTION('',(0.,0.,-1.));
#1790=DIRECTION('',(0.,1.,0.));
#1791=DIRECTION('',(1.80231010491097E-16,-1.,0.));
#1792=DIRECTION('',(1.,1.80231010491097E-16,0.));
#1793=DIRECTION('',(0.,0.,-1.));
#1794=DIRECTION('',(-1.,-1.80231010491097E-16,0.));
#1795=DIRECTION('',(1.,1.50845519650157E-16,0.));
#1796=DIRECTION('',(-1.50845519650157E-16,1.,0.));
#1797=DIRECTION('',(1.50845519650157E-16,-1.,0.));
#1798=DIRECTION('',(2.1350442781253E-16,-1.,0.));
#1799=DIRECTION('',(1.,2.1350442781253E-16,0.));
#1800=DIRECTION('',(0.,0.,-1.));
#1801=DIRECTION('',(-1.,-2.1350442781253E-16,0.));
#1802=DIRECTION('',(1.,0.,0.));
#1803=DIRECTION('',(0.,0.,-1.));
#1804=DIRECTION('',(0.,-1.,0.));
#1805=DIRECTION('',(0.,0.,1.));
#1806=DIRECTION('',(1.,0.,0.));
#1807=DIRECTION('',(-1.65211759616839E-16,1.,0.));
#1808=DIRECTION('',(0.,-1.,0.));
#1809=DIRECTION('',(1.,0.,0.));
#1810=DIRECTION('',(0.,0.,-1.));
#1811=DIRECTION('',(0.,-1.,0.));
#1812=DIRECTION('',(0.,0.,1.));
#1813=DIRECTION('',(1.,0.,0.));
#1814=DIRECTION('',(0.,1.,0.));
#1815=DIRECTION('',(-1.,0.,0.));
#1816=DIRECTION('',(0.,0.,1.));
#1817=DIRECTION('',(-1.,7.70988211545248E-17,0.));
#1818=DIRECTION('',(-7.70988211545248E-17,-1.,0.));
#1819=DIRECTION('',(0.,0.,-1.));
#1820=DIRECTION('',(-1.,0.,0.));
#1821=DIRECTION('',(0.,0.,1.));
#1822=DIRECTION('',(0.,-1.,0.));
#1823=DIRECTION('',(-1.,7.70988211545248E-17,0.));
#1824=DIRECTION('',(-7.70988211545248E-17,-1.,0.));
#1825=DIRECTION('',(0.,0.,-1.));
#1826=DIRECTION('',(0.,0.,-1.));
#1827=DIRECTION('',(-1.,0.,0.));
#1828=DIRECTION('',(0.,0.,-1.));
#1829=DIRECTION('',(-1.,0.,0.));
#1830=DIRECTION('',(-1.,0.,0.));
#1831=DIRECTION('',(0.,0.,1.));
#1832=DIRECTION('',(0.,-1.,0.));
#1833=DIRECTION('',(0.,0.,1.));
#1834=DIRECTION('',(1.,0.,0.));
#1835=DIRECTION('',(0.,-1.,0.));
#1836=DIRECTION('',(0.,-1.,0.));
#1837=DIRECTION('',(0.,0.,-1.));
#1838=DIRECTION('',(-1.,0.,0.));
#1839=DIRECTION('',(0.,-1.,0.));
#1840=DIRECTION('',(1.,0.,0.));
#1841=DIRECTION('',(0.,0.,-1.));
#1842=DIRECTION('',(0.,0.,1.));
#1843=DIRECTION('',(1.,0.,0.));
#1844=DIRECTION('',(0.,-1.,0.));
#1845=DIRECTION('',(1.,0.,0.));
#1846=DIRECTION('',(0.,0.,-1.));
#1847=DIRECTION('',(0.,-1.,0.));
#1848=DIRECTION('',(0.,0.,-1.));
#1849=DIRECTION('',(0.,-1.,0.));
#1850=DIRECTION('',(0.,-1.,0.));
#1851=DIRECTION('',(0.,0.,1.));
#1852=DIRECTION('',(1.,0.,0.));
#1853=DIRECTION('',(0.,-1.,0.));
#1854=DIRECTION('',(0.,-1.,0.));
#1855=DIRECTION('',(0.,0.,-1.));
#1856=DIRECTION('',(0.,-1.,0.));
#1857=DIRECTION('',(1.,0.,0.));
#1858=DIRECTION('',(0.,0.,-1.));
#1859=DIRECTION('',(0.,-1.,0.));
#1860=DIRECTION('',(0.,-1.,0.));
#1861=DIRECTION('',(0.,0.,-1.));
#1862=DIRECTION('',(0.,-1.,0.));
#1863=DIRECTION('',(1.,0.,0.));
#1864=DIRECTION('',(0.,0.,-1.));
#1865=DIRECTION('',(0.,-1.,0.));
#1866=DIRECTION('',(0.,0.,1.));
#1867=DIRECTION('',(1.,0.,0.));
#1868=DIRECTION('',(0.,-1.,0.));
#1869=DIRECTION('',(0.,-1.,0.));
#1870=DIRECTION('',(0.,0.,-1.));
#1871=DIRECTION('',(0.,-1.,0.));
#1872=DIRECTION('',(0.,0.,-1.));
#1873=DIRECTION('',(0.,-1.,0.));
#1874=DIRECTION('',(0.,-1.,0.));
#1875=DIRECTION('',(0.,0.,-1.));
#1876=DIRECTION('',(-1.,0.,0.));
#1877=DIRECTION('',(0.,-1.,0.));
#1878=DIRECTION('',(0.,-1.,0.));
#1879=DIRECTION('',(0.,0.,-1.));
#1880=DIRECTION('',(0.,-1.,0.));
#1881=DIRECTION('',(1.,0.,0.));
#1882=DIRECTION('',(0.,0.,-1.));
#1883=DIRECTION('',(0.,-1.,0.));
#1884=DIRECTION('',(0.,-1.,0.));
#1885=DIRECTION('',(0.,0.,-1.));
#1886=DIRECTION('',(0.,-1.,0.));
#1887=DIRECTION('',(1.,0.,0.));
#1888=DIRECTION('',(0.,0.,-1.));
#1889=DIRECTION('',(0.,-1.,0.));
#1890=DIRECTION('',(0.,0.,-1.));
#1891=DIRECTION('',(-1.,0.,0.));
#1892=DIRECTION('',(0.,-1.,0.));
#1893=DIRECTION('',(0.,-1.,0.));
#1894=DIRECTION('',(0.,0.,-1.));
#1895=DIRECTION('',(0.,-1.,0.));
#1896=DIRECTION('',(0.,0.,-1.));
#1897=DIRECTION('',(0.,1.,0.));
#1898=DIRECTION('',(0.,0.,-1.));
#1899=DIRECTION('',(0.,-1.,0.));
#1900=DIRECTION('',(1.,0.,0.));
#1901=DIRECTION('',(0.,-1.,0.));
#1902=DIRECTION('',(0.,0.,-1.));
#1903=DIRECTION('',(0.,-1.,0.));
#1904=DIRECTION('',(0.,0.,-1.));
#1905=DIRECTION('',(0.,-1.,0.));
#1906=DIRECTION('',(1.,0.,0.));
#1907=DIRECTION('',(0.,0.,1.));
#1908=DIRECTION('',(1.,0.,0.));
#1909=DIRECTION('',(0.,0.,1.));
#1910=DIRECTION('',(1.,0.,0.));
#1911=DIRECTION('',(0.,0.,1.));
#1912=DIRECTION('',(1.,0.,0.));
#1913=DIRECTION('',(0.,0.,1.));
#1914=DIRECTION('',(1.,0.,0.));
#1915=DIRECTION('',(0.,0.,1.));
#1916=DIRECTION('',(1.,0.,0.));
#1917=DIRECTION('',(0.,0.,1.));
#1918=DIRECTION('',(1.,0.,0.));
#1919=DIRECTION('',(0.,0.,1.));
#1920=DIRECTION('',(1.,0.,0.));
#1921=DIRECTION('',(0.,0.,-1.));
#1922=DIRECTION('',(1.,0.,0.));
#1923=DIRECTION('',(0.,0.,-1.));
#1924=DIRECTION('',(1.,0.,0.));
#1925=DIRECTION('',(0.,0.,1.));
#1926=DIRECTION('',(1.,0.,0.));
#1927=DIRECTION('',(0.,0.,1.));
#1928=DIRECTION('',(1.,0.,0.));
#1929=DIRECTION('',(0.,0.,1.));
#1930=DIRECTION('',(1.,0.,0.));
#1931=DIRECTION('',(0.,0.,1.));
#1932=DIRECTION('',(1.,0.,0.));
#1933=DIRECTION('',(0.,0.,1.));
#1934=DIRECTION('',(1.,0.,0.));
#1935=DIRECTION('',(0.,0.,1.));
#1936=DIRECTION('',(1.,0.,0.));
#1937=DIRECTION('',(0.,0.,1.));
#1938=DIRECTION('',(1.,0.,0.));
#1939=DIRECTION('',(0.,0.,1.));
#1940=DIRECTION('',(1.,0.,0.));
#1941=DIRECTION('',(0.,0.,1.));
#1942=DIRECTION('',(1.,0.,0.));
#1943=DIRECTION('',(0.,0.,1.));
#1944=DIRECTION('',(1.,0.,0.));
#1945=DIRECTION('',(0.,0.,1.));
#1946=DIRECTION('',(1.,0.,0.));
#1947=DIRECTION('',(0.,0.,1.));
#1948=DIRECTION('',(1.,0.,0.));
#1949=DIRECTION('',(0.,0.,1.));
#1950=DIRECTION('',(1.,0.,0.));
#1951=CARTESIAN_POINT('',(0.,0.,0.));
#1952=CARTESIAN_POINT('',(0.,0.,0.));
#1953=CARTESIAN_POINT('',(0.05,0.0425,0.));
#1954=CARTESIAN_POINT('',(0.047,0.0465,0.));
#1955=CARTESIAN_POINT('',(0.054,0.0395,0.));
#1956=CARTESIAN_POINT('',(0.054,0.0395,0.));
#1957=CARTESIAN_POINT('',(0.054,0.0115,0.));
#1958=CARTESIAN_POINT('',(0.054,-0.0165,0.));
#1959=CARTESIAN_POINT('',(0.054,-0.0445,0.));
#1960=CARTESIAN_POINT('',(0.054,-0.0445,0.));
#1961=CARTESIAN_POINT('',(0.05,-0.0475,0.));
#1962=CARTESIAN_POINT('',(0.045,-0.0475,0.));
#1963=CARTESIAN_POINT('',(3.46944695195361E-18,-0.0475,0.));
#1964=CARTESIAN_POINT('',(-0.045,-0.0475,0.));
#1965=CARTESIAN_POINT('',(-0.05,-0.0475,0.));
#1966=CARTESIAN_POINT('',(-0.054,-0.0445,0.));
#1967=CARTESIAN_POINT('',(-0.054,-0.0445,0.));
#1968=CARTESIAN_POINT('',(-0.054,-0.0165,0.));
#1969=CARTESIAN_POINT('',(-0.054,0.0115,0.));
#1970=CARTESIAN_POINT('',(-0.054,0.0395,0.));
#1971=CARTESIAN_POINT('',(-0.054,0.0395,0.));
#1972=CARTESIAN_POINT('',(-0.05,0.0425,0.));
#1973=CARTESIAN_POINT('',(-0.047,0.0465,0.));
#1974=CARTESIAN_POINT('',(-0.047,0.0465,0.));
#1975=CARTESIAN_POINT('',(-0.0156666666666667,0.0465,0.));
#1976=CARTESIAN_POINT('',(0.0156666666666667,0.0465,0.));
#1977=CARTESIAN_POINT('',(0.047,0.0465,0.));
#1978=CARTESIAN_POINT('',(3.46944695195361E-18,-0.0475,0.012));
#1979=CARTESIAN_POINT('',(0.051275,-0.0475,0.03));
#1980=CARTESIAN_POINT('',(0.047,-0.0475,0.03));
#1981=CARTESIAN_POINT('',(0.054,-0.0475,0.03));
#1982=CARTESIAN_POINT('',(0.047,-0.0475,0.03));
#1983=CARTESIAN_POINT('',(0.0463333333333333,-0.0475,0.03));
#1984=CARTESIAN_POINT('',(0.046,-0.0475,0.0296666666666667));
#1985=CARTESIAN_POINT('',(0.046,-0.0475,0.029));
#1986=CARTESIAN_POINT('',(0.046,-0.0475,0.029));
#1987=CARTESIAN_POINT('',(0.046,-0.0475,0.0228125));
#1988=CARTESIAN_POINT('',(0.046,-0.0475,0.015625));
#1989=CARTESIAN_POINT('',(0.048,-0.0475,0.015625));
#1990=CARTESIAN_POINT('',(0.05,-0.0475,0.015625));
#1991=CARTESIAN_POINT('',(0.05,-0.0475,0.03));
#1992=CARTESIAN_POINT('',(0.05,-0.0475,0.014));
#1993=CARTESIAN_POINT('',(0.046725,-0.0475,0.014));
#1994=CARTESIAN_POINT('',(0.046,-0.0475,0.014));
#1995=CARTESIAN_POINT('',(0.046,-0.0475,0.014));
#1996=CARTESIAN_POINT('',(0.046,-0.0475,0.012));
#1997=CARTESIAN_POINT('',(3.46944695195361E-18,-0.0475,0.012));
#1998=CARTESIAN_POINT('',(-0.046,-0.0475,0.012));
#1999=CARTESIAN_POINT('',(-0.046,-0.0475,0.014));
#2000=CARTESIAN_POINT('',(-0.046,-0.0475,0.014));
#2001=CARTESIAN_POINT('',(-0.046725,-0.0475,0.014));
#2002=CARTESIAN_POINT('',(-0.05,-0.0475,0.014));
#2003=CARTESIAN_POINT('',(-0.05,-0.0475,0.03));
#2004=CARTESIAN_POINT('',(-0.05,-0.0475,0.015625));
#2005=CARTESIAN_POINT('',(-0.048,-0.0475,0.015625));
#2006=CARTESIAN_POINT('',(-0.046,-0.0475,0.015625));
#2007=CARTESIAN_POINT('',(-0.046,-0.0475,0.0228125));
#2008=CARTESIAN_POINT('',(-0.046,-0.0475,0.03));
#2009=CARTESIAN_POINT('',(-0.053775,-0.0475,0.03));
#2010=CARTESIAN_POINT('',(-0.051,-0.0475,0.03));
#2011=CARTESIAN_POINT('',(-0.053775,-0.0475,0.03));
#2012=CARTESIAN_POINT('',(-0.0540000000000021,-0.0475,0.03));
#2013=CARTESIAN_POINT('',(-0.0540000000000021,-0.0475,0.03));
#2014=CARTESIAN_POINT('',(-0.0546666666666674,-0.0475,0.03));
#2015=CARTESIAN_POINT('',(-0.055,-0.0475,0.0296666666666667));
#2016=CARTESIAN_POINT('',(-0.055,-0.0475,0.029));
#2017=CARTESIAN_POINT('',(-0.055,-0.0475,0.029));
#2018=CARTESIAN_POINT('',(-0.055,-0.0475,0.014));
#2019=CARTESIAN_POINT('',(-0.055,-0.0475,0.001));
#2020=CARTESIAN_POINT('',(-0.055,-0.0475,0.014));
#2021=CARTESIAN_POINT('',(-0.0549998024926185,-0.0475,-0.001));
#2022=CARTESIAN_POINT('',(-0.054999604985237,-0.0475,-0.000999999999999999));
#2023=CARTESIAN_POINT('',(-0.054999604985237,-0.0475,-0.00166666666666667));
#2024=CARTESIAN_POINT('',(-0.0546662979862212,-0.0475,-0.002));
#2025=CARTESIAN_POINT('',(-0.0539996839881896,-0.0475,-0.002));
#2026=CARTESIAN_POINT('',(-0.0539996839881897,-0.0475,-0.002));
#2027=CARTESIAN_POINT('',(-0.053775,-0.0475,-0.002));
#2028=CARTESIAN_POINT('',(-0.05255,-0.0475,-0.002));
#2029=CARTESIAN_POINT('',(-0.05255,-0.0475,-0.002));
#2030=CARTESIAN_POINT('',(-0.05255,-0.0475,0.002));
#2031=CARTESIAN_POINT('',(-0.048725,-0.0475,0.002));
#2032=CARTESIAN_POINT('',(-0.04745,-0.0475,0.002));
#2033=CARTESIAN_POINT('',(-0.04745,-0.0475,-0.002));
#2034=CARTESIAN_POINT('',(-0.04745,-0.0475,-0.002));
#2035=CARTESIAN_POINT('',(-0.046725,-0.0475,-0.002));
#2036=CARTESIAN_POINT('',(-0.0460003160118145,-0.0475,-0.002));
#2037=CARTESIAN_POINT('',(-0.0460003160118145,-0.0475,-0.002));
#2038=CARTESIAN_POINT('',(-0.0453337020137802,-0.0475,-0.002));
#2039=CARTESIAN_POINT('',(-0.0450003950147631,-0.0475,-0.00166666666666667));
#2040=CARTESIAN_POINT('',(-0.0450003950147631,-0.0475,-0.000999999999999999));
#2041=CARTESIAN_POINT('',(-0.0450001975073448,-0.0475000000851867,-0.001));
#2042=CARTESIAN_POINT('',(-0.045,-0.0475,-0.002));
#2043=CARTESIAN_POINT('',(0.045,-0.0475,-0.002));
#2044=CARTESIAN_POINT('',(0.0450001975073815,-0.0475,-0.001));
#2045=CARTESIAN_POINT('',(0.045000395014763,-0.0475,-0.000999999999999999));
#2046=CARTESIAN_POINT('',(0.045000395014763,-0.0475,-0.00166666666666667));
#2047=CARTESIAN_POINT('',(0.0453337020137788,-0.0475,-0.002));
#2048=CARTESIAN_POINT('',(0.0460003160118104,-0.0475,-0.002));
#2049=CARTESIAN_POINT('',(0.0460003160118104,-0.0475,-0.002));
#2050=CARTESIAN_POINT('',(0.0455,-0.0475,-0.002));
#2051=CARTESIAN_POINT('',(0.04745,-0.0475,-0.002));
#2052=CARTESIAN_POINT('',(0.04745,-0.0475,-0.002));
#2053=CARTESIAN_POINT('',(0.04745,-0.0475,0.002));
#2054=CARTESIAN_POINT('',(0.048725,-0.0475,0.002));
#2055=CARTESIAN_POINT('',(0.05255,-0.0475,0.002));
#2056=CARTESIAN_POINT('',(0.05255,-0.0475,-0.002));
#2057=CARTESIAN_POINT('',(0.05255,-0.0475,-0.002));
#2058=CARTESIAN_POINT('',(0.053775,-0.0475,-0.002));
#2059=CARTESIAN_POINT('',(0.0539996839881897,-0.0475,-0.002));
#2060=CARTESIAN_POINT('',(0.0539996839881897,-0.0475,-0.002));
#2061=CARTESIAN_POINT('',(0.0546662979862213,-0.0475,-0.002));
#2062=CARTESIAN_POINT('',(0.0549996049852371,-0.0475,-0.00166666666666667));
#2063=CARTESIAN_POINT('',(0.0549996049852371,-0.0475,-0.000999999999999999));
#2064=CARTESIAN_POINT('',(0.0549998024926553,-0.0475000000851867,-0.001));
#2065=CARTESIAN_POINT('',(0.055,-0.0475,-0.002));
#2066=CARTESIAN_POINT('',(0.055,-0.0475,0.001));
#2067=CARTESIAN_POINT('',(0.055,-0.0475,0.03));
#2068=CARTESIAN_POINT('',(0.055,-0.0475,0.029));
#2069=CARTESIAN_POINT('',(0.055,-0.0475,0.029));
#2070=CARTESIAN_POINT('',(0.055,-0.0475,0.0296666666666667));
#2071=CARTESIAN_POINT('',(0.0546666666666667,-0.0475,0.03));
#2072=CARTESIAN_POINT('',(0.054,-0.0475,0.03));
#2073=CARTESIAN_POINT('',(0.05,-0.0475,0.0228125));
#2074=CARTESIAN_POINT('',(0.05,-0.0475,0.0202625));
#2075=CARTESIAN_POINT('',(-0.05,-0.0475,0.0228125));
#2076=CARTESIAN_POINT('',(-0.05,-0.0475,0.0202625));
#2077=CARTESIAN_POINT('',(6.93889390390723E-18,0.0475,0.03));
#2078=CARTESIAN_POINT('',(-0.0445,0.0475,0.021625));
#2079=CARTESIAN_POINT('',(-0.0445,0.0475,0.0192916666666667));
#2080=CARTESIAN_POINT('',(-0.0445,0.0475,0.0169583333333333));
#2081=CARTESIAN_POINT('',(-0.0445,0.0475,0.014625));
#2082=CARTESIAN_POINT('',(-0.0445,0.0475,0.021625));
#2083=CARTESIAN_POINT('',(-0.0445,0.0475,0.014625));
#2084=CARTESIAN_POINT('',(-0.0445,0.0475,0.014625));
#2085=CARTESIAN_POINT('',(-0.0445,0.0475,0.0141022228770324));
#2086=CARTESIAN_POINT('',(-0.0440666094675496,0.0475,0.0130579614367376));
#2087=CARTESIAN_POINT('',(-0.0430236353143931,0.0475,0.012625));
#2088=CARTESIAN_POINT('',(-0.0425,0.0475,0.012625));
#2089=CARTESIAN_POINT('',(-0.0425,0.0475,0.012625));
#2090=CARTESIAN_POINT('',(-0.0425,0.0475,0.012625));
#2091=CARTESIAN_POINT('',(-0.0381666666666667,0.0475,0.012625));
#2092=CARTESIAN_POINT('',(-0.0338333333333333,0.0475,0.012625));
#2093=CARTESIAN_POINT('',(-0.0295,0.0475,0.012625));
#2094=CARTESIAN_POINT('',(-0.0295,0.0475,0.012625));
#2095=CARTESIAN_POINT('',(-0.0295,0.0475,0.012625));
#2096=CARTESIAN_POINT('',(-0.0289772228770491,0.0475,0.012625));
#2097=CARTESIAN_POINT('',(-0.0279329614367293,0.0475,0.0130583905324506));
#2098=CARTESIAN_POINT('',(-0.0275,0.0475,0.0141013646856064));
#2099=CARTESIAN_POINT('',(-0.0275,0.0475,0.014625));
#2100=CARTESIAN_POINT('',(-0.0275,0.0475,0.014625));
#2101=CARTESIAN_POINT('',(-0.0275,0.0475,0.014625));
#2102=CARTESIAN_POINT('',(-0.0275,0.0475,0.0169583333333333));
#2103=CARTESIAN_POINT('',(-0.0275,0.0475,0.0192916666666667));
#2104=CARTESIAN_POINT('',(-0.0275,0.0475,0.021625));
#2105=CARTESIAN_POINT('',(-0.0275,0.0475,0.021625));
#2106=CARTESIAN_POINT('',(-0.0275,0.0475,0.021625));
#2107=CARTESIAN_POINT('',(-0.0275,0.0475,0.0221477771229552));
#2108=CARTESIAN_POINT('',(-0.0279333905324459,0.0475,0.0231920385632686));
#2109=CARTESIAN_POINT('',(-0.0289763646856158,0.0475,0.023625));
#2110=CARTESIAN_POINT('',(-0.0295,0.0475,0.023625));
#2111=CARTESIAN_POINT('',(-0.0295,0.0475,0.023625));
#2112=CARTESIAN_POINT('',(-0.0295,0.0475,0.023625));
#2113=CARTESIAN_POINT('',(-0.0338333333333333,0.0475,0.023625));
#2114=CARTESIAN_POINT('',(-0.0381666666666667,0.0475,0.023625));
#2115=CARTESIAN_POINT('',(-0.0425,0.0475,0.023625));
#2116=CARTESIAN_POINT('',(-0.0425,0.0475,0.023625));
#2117=CARTESIAN_POINT('',(-0.0425,0.0475,0.023625));
#2118=CARTESIAN_POINT('',(-0.04302277712296,0.0475,0.023625));
#2119=CARTESIAN_POINT('',(-0.0440670385632662,0.0475,0.0231916094675493));
#2120=CARTESIAN_POINT('',(-0.0445,0.0475,0.0221486353143938));
#2121=CARTESIAN_POINT('',(-0.0445,0.0475,0.021625));
#2122=CARTESIAN_POINT('',(0.029,0.0475,0.020625));
#2123=CARTESIAN_POINT('',(0.029,0.0475,0.0192916666666667));
#2124=CARTESIAN_POINT('',(0.029,0.0475,0.0179583333333333));
#2125=CARTESIAN_POINT('',(0.029,0.0475,0.016625));
#2126=CARTESIAN_POINT('',(0.029,0.0475,0.020625));
#2127=CARTESIAN_POINT('',(0.029,0.0475,0.016625));
#2128=CARTESIAN_POINT('',(0.029,0.0475,0.016625));
#2129=CARTESIAN_POINT('',(0.029,0.0475,0.0161022228770381));
#2130=CARTESIAN_POINT('',(0.0294333905324509,0.0475,0.0150579614367348));
#2131=CARTESIAN_POINT('',(0.0304763646856059,0.0475,0.014625));
#2132=CARTESIAN_POINT('',(0.031,0.0475,0.014625));
#2133=CARTESIAN_POINT('',(0.031,0.0475,0.014625));
#2134=CARTESIAN_POINT('',(0.031,0.0475,0.014625));
#2135=CARTESIAN_POINT('',(0.0346666666666667,0.0475,0.014625));
#2136=CARTESIAN_POINT('',(0.0383333333333333,0.0475,0.014625));
#2137=CARTESIAN_POINT('',(0.042,0.0475,0.014625));
#2138=CARTESIAN_POINT('',(0.042,0.0475,0.014625));
#2139=CARTESIAN_POINT('',(0.042,0.0475,0.014625));
#2140=CARTESIAN_POINT('',(0.042522777122963,0.0475,0.014625));
#2141=CARTESIAN_POINT('',(0.0435670385632647,0.0475,0.0150583905324555));
#2142=CARTESIAN_POINT('',(0.044,0.0475,0.0161013646855966));
#2143=CARTESIAN_POINT('',(0.044,0.0475,0.016625));
#2144=CARTESIAN_POINT('',(0.044,0.0475,0.016625));
#2145=CARTESIAN_POINT('',(0.044,0.0475,0.016625));
#2146=CARTESIAN_POINT('',(0.044,0.0475,0.0179583333333333));
#2147=CARTESIAN_POINT('',(0.044,0.0475,0.0192916666666667));
#2148=CARTESIAN_POINT('',(0.044,0.0475,0.020625));
#2149=CARTESIAN_POINT('',(0.044,0.0475,0.020625));
#2150=CARTESIAN_POINT('',(0.044,0.0475,0.020625));
#2151=CARTESIAN_POINT('',(0.044,0.0475,0.0211477771229701));
#2152=CARTESIAN_POINT('',(0.0435666094675546,0.0475,0.0221920385632611));
#2153=CARTESIAN_POINT('',(0.0425236353143833,0.0475,0.022625));
#2154=CARTESIAN_POINT('',(0.042,0.0475,0.022625));
#2155=CARTESIAN_POINT('',(0.042,0.0475,0.022625));
#2156=CARTESIAN_POINT('',(0.042,0.0475,0.022625));
#2157=CARTESIAN_POINT('',(0.0383333333333333,0.0475,0.022625));
#2158=CARTESIAN_POINT('',(0.0346666666666667,0.0475,0.022625));
#2159=CARTESIAN_POINT('',(0.031,0.0475,0.022625));
#2160=CARTESIAN_POINT('',(0.031,0.0475,0.022625));
#2161=CARTESIAN_POINT('',(0.031,0.0475,0.022625));
#2162=CARTESIAN_POINT('',(0.0304772228770457,0.0475,0.022625));
#2163=CARTESIAN_POINT('',(0.0294329614367309,0.0475,0.0221916094675477));
#2164=CARTESIAN_POINT('',(0.029,0.0475,0.021148635314397));
#2165=CARTESIAN_POINT('',(0.029,0.0475,0.020625));
#2166=CARTESIAN_POINT('',(-0.05,0.0475,0.03));
#2167=CARTESIAN_POINT('',(-0.05,0.0475,0.029));
#2168=CARTESIAN_POINT('',(-0.05,0.0475,0.001));
#2169=CARTESIAN_POINT('',(-0.05,0.0475,0.029));
#2170=CARTESIAN_POINT('',(-0.0166666666666667,0.0475,0.029));
#2171=CARTESIAN_POINT('',(0.0166666666666667,0.0475,0.029));
#2172=CARTESIAN_POINT('',(0.05,0.0475,0.029));
#2173=CARTESIAN_POINT('',(0.05,0.0475,0.029));
#2174=CARTESIAN_POINT('',(0.05,0.0475,0.03));
#2175=CARTESIAN_POINT('',(0.05,0.0475,0.001));
#2176=CARTESIAN_POINT('',(0.05,0.0475,0.000999999999999997));
#2177=CARTESIAN_POINT('',(0.0166666666666667,0.0475,0.000999999999999997));
#2178=CARTESIAN_POINT('',(-0.0166666666666667,0.0475,0.000999999999999997));
#2179=CARTESIAN_POINT('',(-0.05,0.0475,0.000999999999999997));
#2180=CARTESIAN_POINT('',(0.0455,0.0425,0.03));
#2181=CARTESIAN_POINT('',(-0.036,0.0425,0.022625));
#2182=CARTESIAN_POINT('',(-0.0425,0.0425,0.022625));
#2183=CARTESIAN_POINT('',(-0.0295,0.0425,0.022625));
#2184=CARTESIAN_POINT('',(-0.0295,0.0425,0.021625));
#2185=CARTESIAN_POINT('',(-0.0285,0.0425,0.021625));
#2186=CARTESIAN_POINT('',(-0.0285,0.0425,0.018125));
#2187=CARTESIAN_POINT('',(-0.0285,0.0425,0.014625));
#2188=CARTESIAN_POINT('',(-0.0295,0.0425,0.014625));
#2189=CARTESIAN_POINT('',(-0.0295,0.0425,0.013625));
#2190=CARTESIAN_POINT('',(-0.036,0.0425,0.013625));
#2191=CARTESIAN_POINT('',(-0.0425,0.0425,0.013625));
#2192=CARTESIAN_POINT('',(-0.0425,0.0425,0.014625));
#2193=CARTESIAN_POINT('',(-0.0435,0.0425,0.014625));
#2194=CARTESIAN_POINT('',(-0.0435,0.0425,0.018125));
#2195=CARTESIAN_POINT('',(-0.0435,0.0425,0.021625));
#2196=CARTESIAN_POINT('',(-0.0425,0.0425,0.021625));
#2197=CARTESIAN_POINT('',(0.0365,0.0425,0.021625));
#2198=CARTESIAN_POINT('',(0.042,0.0425,0.021625));
#2199=CARTESIAN_POINT('',(0.031,0.0425,0.021625));
#2200=CARTESIAN_POINT('',(0.042,0.0425,0.020625));
#2201=CARTESIAN_POINT('',(0.043,0.0425,0.020625));
#2202=CARTESIAN_POINT('',(0.043,0.0425,0.018625));
#2203=CARTESIAN_POINT('',(0.043,0.0425,0.016625));
#2204=CARTESIAN_POINT('',(0.042,0.0425,0.016625));
#2205=CARTESIAN_POINT('',(0.042,0.0425,0.015625));
#2206=CARTESIAN_POINT('',(0.0365,0.0425,0.015625));
#2207=CARTESIAN_POINT('',(0.031,0.0425,0.015625));
#2208=CARTESIAN_POINT('',(0.031,0.0425,0.016625));
#2209=CARTESIAN_POINT('',(0.03,0.0425,0.016625));
#2210=CARTESIAN_POINT('',(0.03,0.0425,0.018625));
#2211=CARTESIAN_POINT('',(0.03,0.0425,0.020625));
#2212=CARTESIAN_POINT('',(0.031,0.0425,0.020625));
#2213=CARTESIAN_POINT('',(-0.046,0.0425,0.0228125));
#2214=CARTESIAN_POINT('',(-0.046,0.0425,0.015625));
#2215=CARTESIAN_POINT('',(-0.046,0.0425,0.03));
#2216=CARTESIAN_POINT('',(-0.048,0.0425,0.015625));
#2217=CARTESIAN_POINT('',(-0.05,0.0425,0.015625));
#2218=CARTESIAN_POINT('',(-0.05,0.0425,0.03));
#2219=CARTESIAN_POINT('',(-0.05,0.0425,0.014));
#2220=CARTESIAN_POINT('',(-0.046725,0.0425,0.014));
#2221=CARTESIAN_POINT('',(-0.046,0.0425,0.014));
#2222=CARTESIAN_POINT('',(-0.046,0.0425,0.014));
#2223=CARTESIAN_POINT('',(-0.046,0.0425,0.012));
#2224=CARTESIAN_POINT('',(-0.012,0.0425,0.012));
#2225=CARTESIAN_POINT('',(0.021,0.0425,0.012));
#2226=CARTESIAN_POINT('',(0.021,0.0425,0.012));
#2227=CARTESIAN_POINT('',(0.021,0.0425,0.003));
#2228=CARTESIAN_POINT('',(0.024,0.0425,0.003));
#2229=CARTESIAN_POINT('',(0.027,0.0425,0.003));
#2230=CARTESIAN_POINT('',(0.027,0.0425,0.012));
#2231=CARTESIAN_POINT('',(0.027,0.0425,0.012));
#2232=CARTESIAN_POINT('',(0.036,0.0425,0.012));
#2233=CARTESIAN_POINT('',(0.046,0.0425,0.012));
#2234=CARTESIAN_POINT('',(0.046,0.0425,0.014));
#2235=CARTESIAN_POINT('',(0.046,0.0425,0.014));
#2236=CARTESIAN_POINT('',(0.046725,0.0425,0.014));
#2237=CARTESIAN_POINT('',(0.05,0.0425,0.014));
#2238=CARTESIAN_POINT('',(0.05,0.0425,0.03));
#2239=CARTESIAN_POINT('',(0.05,0.0425,0.015625));
#2240=CARTESIAN_POINT('',(0.048,0.0425,0.015625));
#2241=CARTESIAN_POINT('',(0.046,0.0425,0.015625));
#2242=CARTESIAN_POINT('',(0.046,0.0425,0.0228125));
#2243=CARTESIAN_POINT('',(0.046,0.0425,0.03));
#2244=CARTESIAN_POINT('',(0.0455,0.0425,0.03));
#2245=CARTESIAN_POINT('',(0.,0.,0.014));
#2246=CARTESIAN_POINT('',(-0.05,0.038725,0.014));
#2247=CARTESIAN_POINT('',(-0.046,-0.046,0.014));
#2248=CARTESIAN_POINT('',(0.,0.,0.003));
#2249=CARTESIAN_POINT('',(0.021,0.031,0.003));
#2250=CARTESIAN_POINT('',(0.021,0.0195,0.003));
#2251=CARTESIAN_POINT('',(0.00475,0.0195,0.003));
#2252=CARTESIAN_POINT('',(-0.0115,0.0195,0.003));
#2253=CARTESIAN_POINT('',(-0.0115,-0.0115,0.003));
#2254=CARTESIAN_POINT('',(-0.0115,-0.0425,0.003));
#2255=CARTESIAN_POINT('',(0.00775,-0.0425,0.003));
#2256=CARTESIAN_POINT('',(0.027,-0.0425,0.003));
#2257=CARTESIAN_POINT('',(0.027,0.031,0.003));
#2258=CARTESIAN_POINT('',(-0.0115,-0.0115,0.012));
#2259=CARTESIAN_POINT('',(-0.0115,-0.0425,0.012));
#2260=CARTESIAN_POINT('',(-0.0115,-0.0425,0.012));
#2261=CARTESIAN_POINT('',(-0.0115,0.0195,0.012));
#2262=CARTESIAN_POINT('',(-0.0115,0.0195,0.012));
#2263=CARTESIAN_POINT('',(-0.0115,-0.0115,0.012));
#2264=CARTESIAN_POINT('',(0.00775,-0.0425,0.012));
#2265=CARTESIAN_POINT('',(0.027,-0.0425,0.012));
#2266=CARTESIAN_POINT('',(0.027,-0.0425,0.012));
#2267=CARTESIAN_POINT('',(0.00775,-0.0425,0.012));
#2268=CARTESIAN_POINT('',(0.027,0.031,0.012));
#2269=CARTESIAN_POINT('',(0.027,0.031,0.012));
#2270=CARTESIAN_POINT('',(0.00475,0.0195,0.012));
#2271=CARTESIAN_POINT('',(0.021,0.0195,0.012));
#2272=CARTESIAN_POINT('',(0.021,0.0195,0.012));
#2273=CARTESIAN_POINT('',(0.00475,0.0195,0.012));
#2274=CARTESIAN_POINT('',(0.021,0.031,0.012));
#2275=CARTESIAN_POINT('',(0.021,0.031,0.012));
#2276=CARTESIAN_POINT('',(0.,0.,0.012));
#2277=CARTESIAN_POINT('',(-0.046,-0.00250000000000004,0.012));
#2278=CARTESIAN_POINT('',(0.046,-0.0025,0.012));
#2279=CARTESIAN_POINT('',(0.046,-0.046,0.014));
#2280=CARTESIAN_POINT('',(0.046,-0.046,0.014));
#2281=CARTESIAN_POINT('',(0.,0.,0.014));
#2282=CARTESIAN_POINT('',(0.05,-0.043725,0.014));
#2283=CARTESIAN_POINT('',(-0.046,-0.046,0.014));
#2284=CARTESIAN_POINT('',(-0.055,-0.0025,0.014));
#2285=CARTESIAN_POINT('',(-0.055,-0.0475,0.029));
#2286=CARTESIAN_POINT('',(-0.055,-0.0175,0.029));
#2287=CARTESIAN_POINT('',(-0.055,0.0125,0.029));
#2288=CARTESIAN_POINT('',(-0.055,0.0425,0.029));
#2289=CARTESIAN_POINT('',(-0.055,0.0425,0.029));
#2290=CARTESIAN_POINT('',(-0.055,0.0425,0.014));
#2291=CARTESIAN_POINT('',(-0.055,0.0425,0.001));
#2292=CARTESIAN_POINT('',(-0.055,0.0425,0.001));
#2293=CARTESIAN_POINT('',(-0.055,0.0125,0.001));
#2294=CARTESIAN_POINT('',(-0.055,-0.0175,0.001));
#2295=CARTESIAN_POINT('',(-0.055,-0.0475,0.001));
#2296=CARTESIAN_POINT('',(0.05,-0.046225,0.03));
#2297=CARTESIAN_POINT('',(0.05,0.042502,0.015625));
#2298=CARTESIAN_POINT('',(0.055,-0.0025,0.03));
#2299=CARTESIAN_POINT('',(0.055,-0.0475,0.000999999999999997));
#2300=CARTESIAN_POINT('',(0.055,-0.0175,0.000999999999999997));
#2301=CARTESIAN_POINT('',(0.055,0.0125,0.000999999999999997));
#2302=CARTESIAN_POINT('',(0.055,0.0425,0.000999999999999997));
#2303=CARTESIAN_POINT('',(0.055,0.0425,0.001));
#2304=CARTESIAN_POINT('',(0.055,0.0425,0.03));
#2305=CARTESIAN_POINT('',(0.055,0.0425,0.029));
#2306=CARTESIAN_POINT('',(0.055,0.0425,0.029));
#2307=CARTESIAN_POINT('',(0.055,0.0125,0.029));
#2308=CARTESIAN_POINT('',(0.055,-0.0175,0.029));
#2309=CARTESIAN_POINT('',(0.055,-0.0475,0.029));
#2310=CARTESIAN_POINT('',(0.05,0.0425,0.03));
#2311=CARTESIAN_POINT('',(0.0539180581244561,0.0385819418755439,-0.001));
#2312=CARTESIAN_POINT('',(0.0555409709377719,0.0425,-0.001));
#2313=CARTESIAN_POINT('',(0.0539180581244561,0.0464180581244561,-0.001));
#2314=CARTESIAN_POINT('',(0.05,0.0480409709377719,-0.001));
#2315=CARTESIAN_POINT('',(0.0460819418755439,0.0464180581244561,-0.001));
#2316=CARTESIAN_POINT('',(0.0444590290622281,0.0425,-0.001));
#2317=CARTESIAN_POINT('',(0.0460819418755439,0.0385819418755439,-0.001));
#2318=CARTESIAN_POINT('',(0.05,0.0369590290622281,-0.001));
#2319=CARTESIAN_POINT('',(0.0539180581244561,0.0385819418755439,-0.001));
#2320=CARTESIAN_POINT('',(0.0555409709377719,0.0425,-0.001));
#2321=CARTESIAN_POINT('',(0.0539180581244561,0.0464180581244561,-0.001));
#2322=CARTESIAN_POINT('',(0.055,0.0425,-0.001));
#2323=CARTESIAN_POINT('',(0.05,0.0475,0.029));
#2324=CARTESIAN_POINT('',(0.0513089969389958,0.0475,0.029));
#2325=CARTESIAN_POINT('',(0.0539165693423676,0.0464165693423676,0.029));
#2326=CARTESIAN_POINT('',(0.055,0.0438089969389957,0.029));
#2327=CARTESIAN_POINT('',(0.055,0.0425,0.029));
#2328=CARTESIAN_POINT('',(0.055,0.0425,0.001));
#2329=CARTESIAN_POINT('',(0.055,0.0424918391581772,0.00096493409839499));
#2330=CARTESIAN_POINT('',(0.0549997730810406,0.0424257922957662,0.000920599083404098));
#2331=CARTESIAN_POINT('',(0.0549969643613124,0.0423097779267593,0.000841893954497347));
#2332=CARTESIAN_POINT('',(0.05498574716736,0.0420848636996498,0.000725534548567839));
#2333=CARTESIAN_POINT('',(0.0549505169789726,0.0417631807507622,0.000573460174100343));
#2334=CARTESIAN_POINT('',(0.054877673638533,0.041377592463845,0.000407868254099488));
#2335=CARTESIAN_POINT('',(0.0547387205444526,0.0408653264070008,0.000215787368368565));
#2336=CARTESIAN_POINT('',(0.0544737700996991,0.0402136871372125,3.83798072400756E-5));
#2337=CARTESIAN_POINT('',(0.0541729996211584,0.0397306661615446,8.67361737988404E-19));
#2338=CARTESIAN_POINT('',(0.054,0.0395,8.67361737988404E-19));
#2339=CARTESIAN_POINT('',(0.047,0.0465,0.));
#2340=CARTESIAN_POINT('',(0.0472298086374845,0.0466723564781134,-1.19596331527986E-18));
#2341=CARTESIAN_POINT('',(0.0477100929023981,0.046971651644714,3.792756535854E-5));
#2342=CARTESIAN_POINT('',(0.0483595411317445,0.0472367799798477,0.000213909611137281));
#2343=CARTESIAN_POINT('',(0.0488745340391802,0.0473770957261762,0.000406536284979245));
#2344=CARTESIAN_POINT('',(0.0492647818501719,0.0474507998636306,0.000574189541557709));
#2345=CARTESIAN_POINT('',(0.0495852929206351,0.0474857723592795,0.000725663257106956));
#2346=CARTESIAN_POINT('',(0.049810471347459,0.0474969905134829,0.000842392586317106));
#2347=CARTESIAN_POINT('',(0.0499261234999718,0.0474997753778132,0.000920662847856425));
#2348=CARTESIAN_POINT('',(0.049991970482308,0.0475,0.00096549838128854));
#2349=CARTESIAN_POINT('',(0.05,0.0475,0.001));
#2350=CARTESIAN_POINT('',(-0.05,0.0425,0.03));
#2351=CARTESIAN_POINT('',(-0.0460819418755439,0.0385819418755439,-0.001));
#2352=CARTESIAN_POINT('',(-0.0444590290622281,0.0425,-0.001));
#2353=CARTESIAN_POINT('',(-0.0460819418755439,0.0464180581244561,-0.001));
#2354=CARTESIAN_POINT('',(-0.05,0.0480409709377719,-0.001));
#2355=CARTESIAN_POINT('',(-0.0539180581244561,0.0464180581244561,-0.001));
#2356=CARTESIAN_POINT('',(-0.0555409709377719,0.0425,-0.001));
#2357=CARTESIAN_POINT('',(-0.0539180581244561,0.0385819418755439,-0.001));
#2358=CARTESIAN_POINT('',(-0.05,0.0369590290622281,-0.001));
#2359=CARTESIAN_POINT('',(-0.0460819418755439,0.0385819418755439,-0.001));
#2360=CARTESIAN_POINT('',(-0.0444590290622281,0.0425,-0.001));
#2361=CARTESIAN_POINT('',(-0.0460819418755439,0.0464180581244561,-0.001));
#2362=CARTESIAN_POINT('',(-0.045,0.0425,-0.001));
#2363=CARTESIAN_POINT('',(-0.055,0.0425,0.029));
#2364=CARTESIAN_POINT('',(-0.055,0.0438089969389958,0.029));
#2365=CARTESIAN_POINT('',(-0.0539165693423676,0.0464165693423676,0.029));
#2366=CARTESIAN_POINT('',(-0.0513089969389958,0.0475,0.029));
#2367=CARTESIAN_POINT('',(-0.05,0.0475,0.029));
#2368=CARTESIAN_POINT('',(-0.05,0.0475,0.001));
#2369=CARTESIAN_POINT('',(-0.0499918391583545,0.0475,0.000964934098369827));
#2370=CARTESIAN_POINT('',(-0.0499257922957127,0.0474997730810409,0.000920599083437987));
#2371=CARTESIAN_POINT('',(-0.0498097779268366,0.0474969643613134,0.000841893954506799));
#2372=CARTESIAN_POINT('',(-0.0495848636997162,0.0474857471673675,0.000725534548623038));
#2373=CARTESIAN_POINT('',(-0.0492631807507133,0.0474505169789698,0.000573460174067867));
#2374=CARTESIAN_POINT('',(-0.0488775924636295,0.0473776736384864,0.000407868254012022));
#2375=CARTESIAN_POINT('',(-0.0483653264068205,0.0472387205443824,0.000215787368316387));
#2376=CARTESIAN_POINT('',(-0.0477136871372836,0.0469737700997324,3.8379807256243E-5));
#2377=CARTESIAN_POINT('',(-0.0472306661614994,0.0466729996211245,-1.20042601639947E-18));
#2378=CARTESIAN_POINT('',(-0.047,0.0465,0.));
#2379=CARTESIAN_POINT('',(-0.054,0.0395,0.));
#2380=CARTESIAN_POINT('',(-0.0541723564781151,0.0397298086374868,0.));
#2381=CARTESIAN_POINT('',(-0.0544716516447183,0.0402100929024001,3.79275653609042E-5));
#2382=CARTESIAN_POINT('',(-0.054736779979853,0.040859541131774,0.000213909611137818));
#2383=CARTESIAN_POINT('',(-0.0548770957261806,0.0413745340391735,0.000406536284993646));
#2384=CARTESIAN_POINT('',(-0.0549507998636343,0.0417647818502956,0.000574189541543198));
#2385=CARTESIAN_POINT('',(-0.0549857723592817,0.0420852929203663,0.000725663257193828));
#2386=CARTESIAN_POINT('',(-0.0549969905134841,0.042310471347898,0.000842392586229807));
#2387=CARTESIAN_POINT('',(-0.0549997753778135,0.042426123499278,0.000920662848057409));
#2388=CARTESIAN_POINT('',(-0.055,0.0424919704839303,0.000965498380910631));
#2389=CARTESIAN_POINT('',(-0.055,0.0425,0.001));
#2390=CARTESIAN_POINT('',(-0.05,0.041225,0.03));
#2391=CARTESIAN_POINT('',(-0.05,0.042502,0.015625));
#2392=CARTESIAN_POINT('',(0.,0.,0.03));
#2393=CARTESIAN_POINT('',(0.046,0.042502,0.03));
#2394=CARTESIAN_POINT('',(0.046,0.0162,0.03));
#2395=CARTESIAN_POINT('',(0.046,0.0162,0.03));
#2396=CARTESIAN_POINT('',(0.0463333333333333,0.0162,0.03));
#2397=CARTESIAN_POINT('',(0.0466666666666667,0.0162,0.03));
#2398=CARTESIAN_POINT('',(0.047,0.0162,0.03));
#2399=CARTESIAN_POINT('',(0.047,0.0162,0.03));
#2400=CARTESIAN_POINT('',(0.047,0.0162,0.03));
#2401=CARTESIAN_POINT('',(0.047,0.0158666666666667,0.03));
#2402=CARTESIAN_POINT('',(0.047,0.0155333333333333,0.03));
#2403=CARTESIAN_POINT('',(0.047,0.0152,0.03));
#2404=CARTESIAN_POINT('',(0.047,0.0152,0.03));
#2405=CARTESIAN_POINT('',(0.047,0.0152,0.03));
#2406=CARTESIAN_POINT('',(0.047,-0.0057,0.03));
#2407=CARTESIAN_POINT('',(0.047,-0.0266,0.03));
#2408=CARTESIAN_POINT('',(0.047,-0.0475,0.03));
#2409=CARTESIAN_POINT('',(0.054,-0.0475,0.03));
#2410=CARTESIAN_POINT('',(0.054,-0.0175,0.03));
#2411=CARTESIAN_POINT('',(0.054,0.0125,0.03));
#2412=CARTESIAN_POINT('',(0.054,0.0425,0.03));
#2413=CARTESIAN_POINT('',(0.054,0.0425,0.03));
#2414=CARTESIAN_POINT('',(0.054,0.0425,0.03));
#2415=CARTESIAN_POINT('',(0.054,0.0435603814076117,0.03));
#2416=CARTESIAN_POINT('',(0.0531261471325827,0.0456266635456865,0.03));
#2417=CARTESIAN_POINT('',(0.0510614142338195,0.0465,0.03));
#2418=CARTESIAN_POINT('',(0.05,0.0465,0.03));
#2419=CARTESIAN_POINT('',(0.05,0.0465,0.03));
#2420=CARTESIAN_POINT('',(0.05,0.0465,0.03));
#2421=CARTESIAN_POINT('',(0.0166666666666667,0.0465,0.03));
#2422=CARTESIAN_POINT('',(-0.0166666666666667,0.0465,0.03));
#2423=CARTESIAN_POINT('',(-0.05,0.0465,0.03));
#2424=CARTESIAN_POINT('',(-0.05,0.0465,0.03));
#2425=CARTESIAN_POINT('',(-0.05,0.0465,0.03));
#2426=CARTESIAN_POINT('',(-0.0510603814076116,0.0465,0.03));
#2427=CARTESIAN_POINT('',(-0.0531266635456866,0.0456261471325912,0.03));
#2428=CARTESIAN_POINT('',(-0.054,0.0435614142338023,0.03));
#2429=CARTESIAN_POINT('',(-0.054,0.0425,0.03));
#2430=CARTESIAN_POINT('',(-0.054,0.0425,0.03));
#2431=CARTESIAN_POINT('',(-0.054,0.0425,0.03));
#2432=CARTESIAN_POINT('',(-0.0540000000000007,0.0125,0.03));
#2433=CARTESIAN_POINT('',(-0.0540000000000014,-0.0175,0.03));
#2434=CARTESIAN_POINT('',(-0.0540000000000021,-0.0475,0.03));
#2435=CARTESIAN_POINT('',(-0.051,-0.0475,0.03));
#2436=CARTESIAN_POINT('',(-0.051,-0.0458333333333419,0.03));
#2437=CARTESIAN_POINT('',(-0.051,-0.0441666666666838,0.03));
#2438=CARTESIAN_POINT('',(-0.051,-0.0425000000000257,0.03));
#2439=CARTESIAN_POINT('',(-0.051,-0.0425000000000229,0.03));
#2440=CARTESIAN_POINT('',(-0.051,-0.0425000000000229,0.03));
#2441=CARTESIAN_POINT('',(-0.051,-0.026233333333345,0.03));
#2442=CARTESIAN_POINT('',(-0.051,-0.00996666666666712,0.03));
#2443=CARTESIAN_POINT('',(-0.051,0.00630000000001077,0.03));
#2444=CARTESIAN_POINT('',(-0.051,0.0063,0.03));
#2445=CARTESIAN_POINT('',(-0.051,0.0063,0.03));
#2446=CARTESIAN_POINT('',(-0.051,0.00796666666666752,0.03));
#2447=CARTESIAN_POINT('',(-0.051,0.00963333333333504,0.03));
#2448=CARTESIAN_POINT('',(-0.051,0.0113000000000026,0.03));
#2449=CARTESIAN_POINT('',(-0.051,0.0113000000000026,0.03));
#2450=CARTESIAN_POINT('',(-0.051,0.0113,0.03));
#2451=CARTESIAN_POINT('',(-0.0493333333333333,0.0113,0.03));
#2452=CARTESIAN_POINT('',(-0.0476666666666667,0.0113,0.03));
#2453=CARTESIAN_POINT('',(-0.046,0.0113,0.03));
#2454=CARTESIAN_POINT('',(-0.046,0.0113,0.03));
#2455=CARTESIAN_POINT('',(-0.046,0.042502,0.03));
#2456=CARTESIAN_POINT('',(-0.048,0.042502,0.015625));
#2457=CARTESIAN_POINT('',(-0.046,0.042502,0.015625));
#2458=CARTESIAN_POINT('',(-0.046,0.042502,0.0228125));
#2459=CARTESIAN_POINT('',(-0.046,0.0113,0.03));
#2460=CARTESIAN_POINT('',(-0.046,0.0110876396930576,0.03));
#2461=CARTESIAN_POINT('',(-0.046,0.0107055511211244,0.029993490458304));
#2462=CARTESIAN_POINT('',(-0.046,0.010342273013395,0.0299675865607491));
#2463=CARTESIAN_POINT('',(-0.046,0.0101645139464846,0.0299474930956484));
#2464=CARTESIAN_POINT('',(-0.046,0.00998818127540911,0.0299232902800513));
#2465=CARTESIAN_POINT('',(-0.046,0.00969266444048396,0.0298712781815472));
#2466=CARTESIAN_POINT('',(-0.046,0.0091257657470954,0.0297301415086588));
#2467=CARTESIAN_POINT('',(-0.046,0.00830152232087362,0.0293817514609689));
#2468=CARTESIAN_POINT('',(-0.046,0.00751037366306833,0.0287727037547651));
#2469=CARTESIAN_POINT('',(-0.046,0.00691306260278026,0.0279818329846734));
#2470=CARTESIAN_POINT('',(-0.046,0.00657574700371742,0.0271977285604339));
#2471=CARTESIAN_POINT('',(-0.046,0.00640642663420378,0.0265146066533237));
#2472=CARTESIAN_POINT('',(-0.046,0.0063524421449788,0.0261608894023194));
#2473=CARTESIAN_POINT('',(-0.046,0.00632611390206391,0.0258824149630413));
#2474=CARTESIAN_POINT('',(-0.046,0.00631735188384565,0.0257619345844351));
#2475=CARTESIAN_POINT('',(-0.046,0.00630417556066171,0.0254990934435219));
#2476=CARTESIAN_POINT('',(-0.046,0.0063,0.0252169504138545));
#2477=CARTESIAN_POINT('',(-0.046,0.0063,0.025));
#2478=CARTESIAN_POINT('',(-0.046,0.00630000000001077,0.025));
#2479=CARTESIAN_POINT('',(-0.046,0.00630000000001075,0.025));
#2480=CARTESIAN_POINT('',(-0.046,-0.00996666666666713,0.025));
#2481=CARTESIAN_POINT('',(-0.046,-0.026233333333345,0.025));
#2482=CARTESIAN_POINT('',(-0.046,-0.0425000000000229,0.025));
#2483=CARTESIAN_POINT('',(-0.046,-0.0425,0.025));
#2484=CARTESIAN_POINT('',(-0.046,-0.0425,0.025));
#2485=CARTESIAN_POINT('',(-0.046,-0.0425,0.0252123603069281));
#2486=CARTESIAN_POINT('',(-0.046,-0.0425065095416963,0.0255944488788478));
#2487=CARTESIAN_POINT('',(-0.046,-0.0425324134392501,0.0259577269865787));
#2488=CARTESIAN_POINT('',(-0.046,-0.0425525069043522,0.0261354860535185));
#2489=CARTESIAN_POINT('',(-0.046,-0.0425767097199446,0.026311818724577));
#2490=CARTESIAN_POINT('',(-0.046,-0.0426287218184439,0.0266073355594869));
#2491=CARTESIAN_POINT('',(-0.046,-0.0427698584913372,0.0271742342528886));
#2492=CARTESIAN_POINT('',(-0.046,-0.0431182485390261,0.0279984776791282));
#2493=CARTESIAN_POINT('',(-0.046,-0.0437272962452305,0.0287896263369281));
#2494=CARTESIAN_POINT('',(-0.046,-0.0445181670153245,0.0293869373972185));
#2495=CARTESIAN_POINT('',(-0.046,-0.0453022714395681,0.0297242529962811));
#2496=CARTESIAN_POINT('',(-0.046,-0.0459853933466695,0.0298935733657954));
#2497=CARTESIAN_POINT('',(-0.046,-0.0463391105976682,0.0299475578550194));
#2498=CARTESIAN_POINT('',(-0.046,-0.0466175850369597,0.0299738860979361));
#2499=CARTESIAN_POINT('',(-0.046,-0.0467380654155606,0.0299826481161543));
#2500=CARTESIAN_POINT('',(-0.046,-0.0470009065564707,0.0299958244393383));
#2501=CARTESIAN_POINT('',(-0.046,-0.0472830495861408,0.03));
#2502=CARTESIAN_POINT('',(-0.046,-0.0475,0.03));
#2503=CARTESIAN_POINT('',(0.048,0.042502,0.015625));
#2504=CARTESIAN_POINT('',(0.046,0.042502,0.015625));
#2505=CARTESIAN_POINT('',(0.046,0.042502,0.0228125));
#2506=CARTESIAN_POINT('',(0.046,-0.0475,0.029));
#2507=CARTESIAN_POINT('',(0.046,-0.0266,0.029));
#2508=CARTESIAN_POINT('',(0.046,-0.0057,0.029));
#2509=CARTESIAN_POINT('',(0.046,0.0152,0.029));
#2510=CARTESIAN_POINT('',(0.046,0.0152,0.029));
#2511=CARTESIAN_POINT('',(0.046,0.0152,0.029));
#2512=CARTESIAN_POINT('',(0.046,0.0152,0.0296666666666667));
#2513=CARTESIAN_POINT('',(0.046,0.0155333333333333,0.03));
#2514=CARTESIAN_POINT('',(0.046,0.0162,0.03));
#2515=CARTESIAN_POINT('',(0.042,0.047502,0.020625));
#2516=CARTESIAN_POINT('',(0.042,0.047502,0.021625));
#2517=CARTESIAN_POINT('',(0.042,0.0465,0.021625));
#2518=CARTESIAN_POINT('',(0.042,0.0465,0.021625));
#2519=CARTESIAN_POINT('',(0.0422617993877992,0.0465,0.021625));
#2520=CARTESIAN_POINT('',(0.0427833138684735,0.0465,0.0214083138684735));
#2521=CARTESIAN_POINT('',(0.043,0.0465,0.0208867993877992));
#2522=CARTESIAN_POINT('',(0.043,0.0465,0.020625));
#2523=CARTESIAN_POINT('',(0.043,0.0465,0.020625));
#2524=CARTESIAN_POINT('',(0.043,0.047502,0.020625));
#2525=CARTESIAN_POINT('',(0.0365,0.047502,0.021625));
#2526=CARTESIAN_POINT('',(0.031,0.047502,0.021625));
#2527=CARTESIAN_POINT('',(0.031,0.0465,0.021625));
#2528=CARTESIAN_POINT('',(0.031,0.0465,0.021625));
#2529=CARTESIAN_POINT('',(0.0346666666666667,0.0465,0.021625));
#2530=CARTESIAN_POINT('',(0.0383333333333333,0.0465,0.021625));
#2531=CARTESIAN_POINT('',(0.042,0.0465,0.021625));
#2532=CARTESIAN_POINT('',(0.031,0.047502,0.020625));
#2533=CARTESIAN_POINT('',(0.03,0.047502,0.020625));
#2534=CARTESIAN_POINT('',(0.03,0.0465,0.020625));
#2535=CARTESIAN_POINT('',(0.03,0.0465,0.020625));
#2536=CARTESIAN_POINT('',(0.03,0.0465,0.0208867993877992));
#2537=CARTESIAN_POINT('',(0.0302166861315265,0.0465,0.0214083138684735));
#2538=CARTESIAN_POINT('',(0.0307382006122008,0.0465,0.021625));
#2539=CARTESIAN_POINT('',(0.031,0.0465,0.021625));
#2540=CARTESIAN_POINT('',(0.03,0.047502,0.018625));
#2541=CARTESIAN_POINT('',(0.03,0.047502,0.016625));
#2542=CARTESIAN_POINT('',(0.03,0.0465,0.016625));
#2543=CARTESIAN_POINT('',(0.03,0.0465,0.016625));
#2544=CARTESIAN_POINT('',(0.03,0.0465,0.0179583333333333));
#2545=CARTESIAN_POINT('',(0.03,0.0465,0.0192916666666667));
#2546=CARTESIAN_POINT('',(0.03,0.0465,0.020625));
#2547=CARTESIAN_POINT('',(0.031,0.047502,0.016625));
#2548=CARTESIAN_POINT('',(0.031,0.047502,0.015625));
#2549=CARTESIAN_POINT('',(0.031,0.0465,0.015625));
#2550=CARTESIAN_POINT('',(0.031,0.0465,0.015625));
#2551=CARTESIAN_POINT('',(0.0307382006122009,0.0465,0.015625));
#2552=CARTESIAN_POINT('',(0.0302166861315265,0.0465,0.0158416861315265));
#2553=CARTESIAN_POINT('',(0.03,0.0465,0.0163632006122008));
#2554=CARTESIAN_POINT('',(0.03,0.0465,0.016625));
#2555=CARTESIAN_POINT('',(0.043,0.047502,0.018625));
#2556=CARTESIAN_POINT('',(0.043,0.0465,0.020625));
#2557=CARTESIAN_POINT('',(0.043,0.0465,0.0192916666666667));
#2558=CARTESIAN_POINT('',(0.043,0.0465,0.0179583333333333));
#2559=CARTESIAN_POINT('',(0.043,0.0465,0.016625));
#2560=CARTESIAN_POINT('',(0.043,0.0465,0.016625));
#2561=CARTESIAN_POINT('',(0.043,0.047502,0.016625));
#2562=CARTESIAN_POINT('',(0.0365,0.047502,0.015625));
#2563=CARTESIAN_POINT('',(0.042,0.047502,0.015625));
#2564=CARTESIAN_POINT('',(0.042,0.0465,0.015625));
#2565=CARTESIAN_POINT('',(0.042,0.0465,0.015625));
#2566=CARTESIAN_POINT('',(0.0383333333333333,0.0465,0.015625));
#2567=CARTESIAN_POINT('',(0.0346666666666667,0.0465,0.015625));
#2568=CARTESIAN_POINT('',(0.031,0.0465,0.015625));
#2569=CARTESIAN_POINT('',(0.042,0.047502,0.016625));
#2570=CARTESIAN_POINT('',(0.043,0.0465,0.016625));
#2571=CARTESIAN_POINT('',(0.043,0.0465,0.0163632006122008));
#2572=CARTESIAN_POINT('',(0.0427833138684735,0.0465,0.0158416861315265));
#2573=CARTESIAN_POINT('',(0.0422617993877991,0.0465,0.015625));
#2574=CARTESIAN_POINT('',(0.042,0.0465,0.015625));
#2575=CARTESIAN_POINT('',(-0.0295,0.047502,0.021625));
#2576=CARTESIAN_POINT('',(-0.0295,0.047502,0.022625));
#2577=CARTESIAN_POINT('',(-0.0295,0.0465,0.022625));
#2578=CARTESIAN_POINT('',(-0.0295,0.0465,0.022625));
#2579=CARTESIAN_POINT('',(-0.0292382006122008,0.0465,0.022625));
#2580=CARTESIAN_POINT('',(-0.0287166861315265,0.0465,0.0224083138684735));
#2581=CARTESIAN_POINT('',(-0.0285,0.0465,0.0218867993877992));
#2582=CARTESIAN_POINT('',(-0.0285,0.0465,0.021625));
#2583=CARTESIAN_POINT('',(-0.0285,0.0465,0.021625));
#2584=CARTESIAN_POINT('',(-0.0285,0.047502,0.021625));
#2585=CARTESIAN_POINT('',(-0.036,0.047502,0.022625));
#2586=CARTESIAN_POINT('',(-0.0425,0.047502,0.022625));
#2587=CARTESIAN_POINT('',(-0.0425,0.0465,0.022625));
#2588=CARTESIAN_POINT('',(-0.0425,0.0465,0.022625));
#2589=CARTESIAN_POINT('',(-0.0381666666666667,0.0465,0.022625));
#2590=CARTESIAN_POINT('',(-0.0338333333333333,0.0465,0.022625));
#2591=CARTESIAN_POINT('',(-0.0295,0.0465,0.022625));
#2592=CARTESIAN_POINT('',(-0.0425,0.047502,0.021625));
#2593=CARTESIAN_POINT('',(-0.0435,0.047502,0.021625));
#2594=CARTESIAN_POINT('',(-0.0435,0.0465,0.021625));
#2595=CARTESIAN_POINT('',(-0.0435,0.0465,0.021625));
#2596=CARTESIAN_POINT('',(-0.0435,0.0465,0.0218867993877992));
#2597=CARTESIAN_POINT('',(-0.0432833138684735,0.0465,0.0224083138684735));
#2598=CARTESIAN_POINT('',(-0.0427617993877992,0.0465,0.022625));
#2599=CARTESIAN_POINT('',(-0.0425,0.0465,0.022625));
#2600=CARTESIAN_POINT('',(-0.0435,0.047502,0.018125));
#2601=CARTESIAN_POINT('',(-0.0435,0.047502,0.014625));
#2602=CARTESIAN_POINT('',(-0.0435,0.0465,0.014625));
#2603=CARTESIAN_POINT('',(-0.0435,0.0465,0.014625));
#2604=CARTESIAN_POINT('',(-0.0435,0.0465,0.0169583333333333));
#2605=CARTESIAN_POINT('',(-0.0435,0.0465,0.0192916666666667));
#2606=CARTESIAN_POINT('',(-0.0435,0.0465,0.021625));
#2607=CARTESIAN_POINT('',(-0.0425,0.047502,0.014625));
#2608=CARTESIAN_POINT('',(-0.0425,0.047502,0.013625));
#2609=CARTESIAN_POINT('',(-0.0425,0.0465,0.013625));
#2610=CARTESIAN_POINT('',(-0.0425,0.0465,0.013625));
#2611=CARTESIAN_POINT('',(-0.0427617993877992,0.0465,0.013625));
#2612=CARTESIAN_POINT('',(-0.0432833138684735,0.0465,0.0138416861315265));
#2613=CARTESIAN_POINT('',(-0.0435,0.0465,0.0143632006122009));
#2614=CARTESIAN_POINT('',(-0.0435,0.0465,0.014625));
#2615=CARTESIAN_POINT('',(-0.0285,0.047502,0.018125));
#2616=CARTESIAN_POINT('',(-0.0285,0.0465,0.021625));
#2617=CARTESIAN_POINT('',(-0.0285,0.0465,0.0192916666666667));
#2618=CARTESIAN_POINT('',(-0.0285,0.0465,0.0169583333333333));
#2619=CARTESIAN_POINT('',(-0.0285,0.0465,0.014625));
#2620=CARTESIAN_POINT('',(-0.0285,0.0465,0.014625));
#2621=CARTESIAN_POINT('',(-0.0285,0.047502,0.014625));
#2622=CARTESIAN_POINT('',(-0.036,0.047502,0.013625));
#2623=CARTESIAN_POINT('',(-0.0295,0.047502,0.013625));
#2624=CARTESIAN_POINT('',(-0.0295,0.0465,0.013625));
#2625=CARTESIAN_POINT('',(-0.0295,0.0465,0.013625));
#2626=CARTESIAN_POINT('',(-0.0338333333333333,0.0465,0.013625));
#2627=CARTESIAN_POINT('',(-0.0381666666666667,0.0465,0.013625));
#2628=CARTESIAN_POINT('',(-0.0425,0.0465,0.013625));
#2629=CARTESIAN_POINT('',(-0.0295,0.047502,0.014625));
#2630=CARTESIAN_POINT('',(-0.0285,0.0465,0.014625));
#2631=CARTESIAN_POINT('',(-0.0285,0.0465,0.0143632006122009));
#2632=CARTESIAN_POINT('',(-0.0287166861315265,0.0465,0.0138416861315265));
#2633=CARTESIAN_POINT('',(-0.0292382006122009,0.0465,0.013625));
#2634=CARTESIAN_POINT('',(-0.0295,0.0465,0.013625));
#2635=CARTESIAN_POINT('',(0.05,-0.0435,0.0228125));
#2636=CARTESIAN_POINT('',(0.05,-0.0435,0.0228125));
#2637=CARTESIAN_POINT('',(0.05,-0.0435,0.0202625));
#2638=CARTESIAN_POINT('',(0.,-0.0435,0.015));
#2639=CARTESIAN_POINT('',(-0.05,-0.0435,0.0228125));
#2640=CARTESIAN_POINT('',(-0.05,-0.0435,0.0228125));
#2641=CARTESIAN_POINT('',(-0.05,-0.0435,0.0202625));
#2642=CARTESIAN_POINT('',(0.,-0.0435,0.015));
#2643=CARTESIAN_POINT('',(-0.05,-0.0475,-0.002));
#2644=CARTESIAN_POINT('',(-0.045,-0.0475,-0.001));
#2645=CARTESIAN_POINT('',(-0.045,-0.0461910030610043,-0.001));
#2646=CARTESIAN_POINT('',(-0.0460819418755439,-0.0435834306576324,-0.001));
#2647=CARTESIAN_POINT('',(-0.05,-0.0419582846711838,-0.001));
#2648=CARTESIAN_POINT('',(-0.0539180581244561,-0.0435834306576324,-0.001));
#2649=CARTESIAN_POINT('',(-0.055,-0.0461910030610043,-0.001));
#2650=CARTESIAN_POINT('',(-0.055,-0.0475,-0.001));
#2651=CARTESIAN_POINT('',(-0.055,-0.0475,0.001));
#2652=CARTESIAN_POINT('',(-0.055,-0.0474918391571484,0.000964934098554838));
#2653=CARTESIAN_POINT('',(-0.0549997730810391,-0.0474257922960941,0.000920599083224005));
#2654=CARTESIAN_POINT('',(-0.0549969643613073,-0.0473097779263288,0.000841893954448632));
#2655=CARTESIAN_POINT('',(-0.0549857471673185,-0.0470848636993001,0.000725534548266926));
#2656=CARTESIAN_POINT('',(-0.054950516978989,-0.0467631807510383,0.000573460174283927));
#2657=CARTESIAN_POINT('',(-0.054877673638793,-0.0463775924650481,0.00040786825458758));
#2658=CARTESIAN_POINT('',(-0.0547387205448434,-0.0458653264080044,0.000215787368659193));
#2659=CARTESIAN_POINT('',(-0.0544737700995157,-0.0452136871368201,3.83798071506348E-5));
#2660=CARTESIAN_POINT('',(-0.0541729996213471,-0.0447306661617961,0.));
#2661=CARTESIAN_POINT('',(-0.054,-0.0445,0.));
#2662=CARTESIAN_POINT('',(-0.05,-0.0475,-0.002));
#2663=CARTESIAN_POINT('',(-0.05,-0.0475,0.002));
#2664=CARTESIAN_POINT('',(-0.05,-0.0475,-0.002));
#2665=CARTESIAN_POINT('',(0.,0.,-0.002));
#2666=CARTESIAN_POINT('',(-0.0539996839881897,-0.0475000000001939,-0.002));
#2667=CARTESIAN_POINT('',(-0.0539992253158588,-0.0464366404193087,-0.002));
#2668=CARTESIAN_POINT('',(-0.0531351447662403,-0.0443743600669383,-0.002));
#2669=CARTESIAN_POINT('',(-0.049998396583178,-0.043065007543003,-0.002));
#2670=CARTESIAN_POINT('',(-0.0473924568480694,-0.0441488427247086,-0.002));
#2671=CARTESIAN_POINT('',(-0.0462087777374368,-0.0459341957900486,-0.002));
#2672=CARTESIAN_POINT('',(-0.0460005455655606,-0.046967815783645,-0.002));
#2673=CARTESIAN_POINT('',(-0.0460003160118144,-0.0475000000001939,-0.002));
#2674=CARTESIAN_POINT('',(0.05,-0.0475,-0.002));
#2675=CARTESIAN_POINT('',(0.055,-0.0475,-0.001));
#2676=CARTESIAN_POINT('',(0.055,-0.0461910030610043,-0.001));
#2677=CARTESIAN_POINT('',(0.0539180581244561,-0.0435834306576324,-0.001));
#2678=CARTESIAN_POINT('',(0.05,-0.0419582846711838,-0.001));
#2679=CARTESIAN_POINT('',(0.0460819418755439,-0.0435834306576324,-0.001));
#2680=CARTESIAN_POINT('',(0.045,-0.0461910030610043,-0.001));
#2681=CARTESIAN_POINT('',(0.045,-0.0475,-0.001));
#2682=CARTESIAN_POINT('',(0.054,-0.0445,8.67361737988404E-19));
#2683=CARTESIAN_POINT('',(0.0541723564781125,-0.0447298086374833,8.67361737988404E-19));
#2684=CARTESIAN_POINT('',(0.0544716516447117,-0.0452100929023939,3.7927565358084E-5));
#2685=CARTESIAN_POINT('',(0.0547367799798451,-0.0458595411317385,0.000213909611134984));
#2686=CARTESIAN_POINT('',(0.0548770957261737,-0.0463745340391681,0.000406536284975446));
#2687=CARTESIAN_POINT('',(0.0549507998636289,-0.0467647818501681,0.000574189541551379));
#2688=CARTESIAN_POINT('',(0.0549857723592783,-0.0470852929205976,0.000725663257103371));
#2689=CARTESIAN_POINT('',(0.0549969905134823,-0.047310471347478,0.000842392586305015));
#2690=CARTESIAN_POINT('',(0.054999775377813,-0.0474261234998991,0.000920662847854462));
#2691=CARTESIAN_POINT('',(0.055,-0.0474919704824254,0.000965498381261417));
#2692=CARTESIAN_POINT('',(0.055,-0.0475,0.001));
#2693=CARTESIAN_POINT('',(0.05,-0.0475,-0.002));
#2694=CARTESIAN_POINT('',(0.05,-0.0475,0.002));
#2695=CARTESIAN_POINT('',(0.05,-0.0475,-0.002));
#2696=CARTESIAN_POINT('',(0.,0.,-0.002));
#2697=CARTESIAN_POINT('',(0.0460003160118103,-0.0475000000001939,-0.002));
#2698=CARTESIAN_POINT('',(0.0460007746841412,-0.0464366404193258,-0.002));
#2699=CARTESIAN_POINT('',(0.04686485523376,-0.0443743600669305,-0.002));
#2700=CARTESIAN_POINT('',(0.0500016034168211,-0.0430650075430042,-0.002));
#2701=CARTESIAN_POINT('',(0.0526075431519333,-0.0441488427247113,-0.002));
#2702=CARTESIAN_POINT('',(0.0537912222625595,-0.0459341957900436,-0.002));
#2703=CARTESIAN_POINT('',(0.0539994544344438,-0.0469678157836562,-0.002));
#2704=CARTESIAN_POINT('',(0.0539996839881898,-0.0475000000001939,-0.002));
#2705=CARTESIAN_POINT('',(0.05,0.0425,-0.002));
#2706=CARTESIAN_POINT('',(0.05,0.0425,-0.002));
#2707=CARTESIAN_POINT('',(0.05255,0.0425,-0.002));
#2708=CARTESIAN_POINT('',(0.05,0.0425,0.002));
#2709=CARTESIAN_POINT('',(0.05255,0.0425,0.002));
#2710=CARTESIAN_POINT('',(0.,0.,-0.002));
#2711=CARTESIAN_POINT('',(0.0537742774411109,0.0441269760677975,-0.002));
#2712=CARTESIAN_POINT('',(0.0541041333743763,0.0425531082479603,-0.002));
#2713=CARTESIAN_POINT('',(0.0538079304616534,0.0409842782179735,-0.002));
#2714=CARTESIAN_POINT('',(0.0529609657311111,0.039658300406095,-0.002));
#2715=CARTESIAN_POINT('',(0.05164946940333,0.0387419432772749,-0.002));
#2716=CARTESIAN_POINT('',(0.0500858360141802,0.0383967381096026,-0.002));
#2717=CARTESIAN_POINT('',(0.0485090543410684,0.0386762395515495,-0.002));
#2718=CARTESIAN_POINT('',(0.0471592562664874,0.0395378635982409,-0.002));
#2719=CARTESIAN_POINT('',(0.0462419344578337,0.0408504490282888,-0.002));
#2720=CARTESIAN_POINT('',(0.0458967443255117,0.0424141628108007,-0.002));
#2721=CARTESIAN_POINT('',(0.0461762376635981,0.0439909449901949,-0.002));
#2722=CARTESIAN_POINT('',(0.0470378639245092,0.0453407432966418,-0.002));
#2723=CARTESIAN_POINT('',(0.0483504494825139,0.0462580677796946,-0.002));
#2724=CARTESIAN_POINT('',(0.0499141606582789,0.0466032471554562,-0.002));
#2725=CARTESIAN_POINT('',(0.0514909531455166,0.0463237941749158,-0.002));
#2726=CARTESIAN_POINT('',(0.0528407128278575,0.0454620172404718,-0.002));
#2727=CARTESIAN_POINT('',(0.0537742774411109,0.0441269760677975,-0.002));
#2728=CARTESIAN_POINT('',(0.0541041333743763,0.0425531082479603,-0.002));
#2729=CARTESIAN_POINT('',(0.0538079304616534,0.0409842782179735,-0.002));
#2730=CARTESIAN_POINT('',(0.054,0.0425,-0.002));
#2731=CARTESIAN_POINT('',(-0.05,0.0425,-0.002));
#2732=CARTESIAN_POINT('',(-0.05,0.0425,-0.002));
#2733=CARTESIAN_POINT('',(-0.04745,0.0425,-0.002));
#2734=CARTESIAN_POINT('',(-0.05,0.0425,0.002));
#2735=CARTESIAN_POINT('',(-0.04745,0.0425,0.002));
#2736=CARTESIAN_POINT('',(0.,0.,-0.002));
#2737=CARTESIAN_POINT('',(-0.0462257225588909,0.0441269760677975,-0.002));
#2738=CARTESIAN_POINT('',(-0.0458958666256232,0.04255310824796,-0.002));
#2739=CARTESIAN_POINT('',(-0.0461920695383468,0.0409842782179747,-0.002));
#2740=CARTESIAN_POINT('',(-0.047039034268889,0.0396583004060924,-0.002));
#2741=CARTESIAN_POINT('',(-0.0483505305966728,0.0387419432772741,-0.002));
#2742=CARTESIAN_POINT('',(-0.0499141639858216,0.038396738109602,-0.002));
#2743=CARTESIAN_POINT('',(-0.0514909456589293,0.0386762395515505,-0.002));
#2744=CARTESIAN_POINT('',(-0.0528407437335153,0.0395378635982395,-0.002));
#2745=CARTESIAN_POINT('',(-0.053758065542166,0.0408504490282926,-0.002));
#2746=CARTESIAN_POINT('',(-0.0541032556744876,0.0424141628107964,-0.002));
#2747=CARTESIAN_POINT('',(-0.0538237623364026,0.0439909449901949,-0.002));
#2748=CARTESIAN_POINT('',(-0.0529621360754909,0.0453407432966401,-0.002));
#2749=CARTESIAN_POINT('',(-0.0516495505174882,0.0462580677796938,-0.002));
#2750=CARTESIAN_POINT('',(-0.0500858393417229,0.0466032471554549,-0.002));
#2751=CARTESIAN_POINT('',(-0.0485090468544878,0.0463237941749172,-0.002));
#2752=CARTESIAN_POINT('',(-0.04715928717214,0.0454620172404716,-0.002));
#2753=CARTESIAN_POINT('',(-0.0462257225588909,0.0441269760677975,-0.002));
#2754=CARTESIAN_POINT('',(-0.0458958666256232,0.04255310824796,-0.002));
#2755=CARTESIAN_POINT('',(-0.0461920695383468,0.0409842782179747,-0.002));
#2756=CARTESIAN_POINT('',(-0.046,0.0425,-0.002));
#2757=CARTESIAN_POINT('',(0.,0.,0.002));
#2758=CARTESIAN_POINT('',(0.,0.,0.002));
#2759=CARTESIAN_POINT('',(0.,0.,0.002));
#2760=CARTESIAN_POINT('',(0.,0.,0.002));
#2761=CARTESIAN_POINT('',(0.0549991307896305,-0.0475942423142737,-0.000999999999999376));
#2762=CARTESIAN_POINT('',(0.0550379696517739,-0.046264443962482,-0.000999999999999602));
#2763=CARTESIAN_POINT('',(0.0542241395599147,-0.0442833275795764,-0.000999999999999897));
#2764=CARTESIAN_POINT('',(0.051986571415711,-0.0427668104164433,-0.00100000000000005));
#2765=CARTESIAN_POINT('',(0.0500000086537785,-0.0423666000473845,-0.00100000000000002));
#2766=CARTESIAN_POINT('',(0.0480134458850309,-0.0427668103826148,-0.000999999999999858));
#2767=CARTESIAN_POINT('',(0.0457758777150029,-0.0442833275076452,-0.000999999999999497));
#2768=CARTESIAN_POINT('',(0.0449620475894081,-0.0462644438766923,-0.000999999999999124));
#2769=CARTESIAN_POINT('',(0.0450008864289068,-0.0475942422291455,-0.000999999999998901));
#2770=CARTESIAN_POINT('',(0.0550149178446739,-0.0475945399127115,-0.00123911787445547));
#2771=CARTESIAN_POINT('',(0.0550538793659448,-0.0462605421037666,-0.0012391178744557));
#2772=CARTESIAN_POINT('',(0.0542374792376356,-0.0442731694191054,-0.001239117874456));
#2773=CARTESIAN_POINT('',(0.0519928449387133,-0.042751863134684,-0.00123911787445615));
#2774=CARTESIAN_POINT('',(0.0500000086822483,-0.0423503889041077,-0.00123911787445612));
#2775=CARTESIAN_POINT('',(0.048007172414529,-0.0427518630788206,-0.00123911787445596));
#2776=CARTESIAN_POINT('',(0.0457625380729614,-0.0442731693003203,-0.0012391178744556));
#2777=CARTESIAN_POINT('',(0.044946137888942,-0.0462605419620961,-0.00123911787445522));
#2778=CARTESIAN_POINT('',(0.0449850993728182,-0.0475945397721332,-0.001239117874455));
#2779=CARTESIAN_POINT('',(0.054869777628619,-0.0475918039051767,-0.00187933045126957));
#2780=CARTESIAN_POINT('',(0.054907611468241,-0.046296414317768,-0.00187933045126979));
#2781=CARTESIAN_POINT('',(0.0541148392834962,-0.044366559706365,-0.00187933045127008));
#2782=CARTESIAN_POINT('',(0.051935168539823,-0.042889282792627,-0.00187933045127022));
#2783=CARTESIAN_POINT('',(0.0500000084205074,-0.0424994280270621,-0.0018793304512702));
#2784=CARTESIAN_POINT('',(0.0480648483307492,-0.042889282939344,-0.00187933045127004));
#2785=CARTESIAN_POINT('',(0.045885177699078,-0.0443665600183371,-0.00187933045126969));
#2786=CARTESIAN_POINT('',(0.0450924056606481,-0.0462964146898451,-0.00187933045126932));
#2787=CARTESIAN_POINT('',(0.045130239598482,-0.0475918042743855,-0.00187933045126911));
#2788=CARTESIAN_POINT('',(0.0542281828412889,-0.0475797093374526,-0.00201617325601712));
#2789=CARTESIAN_POINT('',(0.0542610317450513,-0.0464549880483211,-0.00201617325601731));
#2790=CARTESIAN_POINT('',(0.0535727072856734,-0.0447793930555333,-0.00201617325601756));
#2791=CARTESIAN_POINT('',(0.0516802090400659,-0.0434967487218463,-0.00201617325601768));
#2792=CARTESIAN_POINT('',(0.0500000072634774,-0.0431582579984853,-0.00201617325601766));
#2793=CARTESIAN_POINT('',(0.0483198056968548,-0.0434967497640738,-0.00201617325601752));
#2794=CARTESIAN_POINT('',(0.0464273082468707,-0.0447793952716754,-0.00201617325601722));
#2795=CARTESIAN_POINT('',(0.0457389848268629,-0.0464549906914299,-0.0020161732560169));
#2796=CARTESIAN_POINT('',(0.0457718344282888,-0.047579711960185,-0.00201617325601671));
#2797=CARTESIAN_POINT('',(0.0539903106847233,-0.0475752252597074,-0.0019999999999995));
#2798=CARTESIAN_POINT('',(0.0540213114166073,-0.0465137794786852,-0.00199999999999968));
#2799=CARTESIAN_POINT('',(0.0533717110961594,-0.0449324515918681,-0.00199999999999992));
#2800=CARTESIAN_POINT('',(0.0515856824521917,-0.0437219675569693,-0.00200000000000004));
#2801=CARTESIAN_POINT('',(0.0500000068345069,-0.0434025201234389,-0.00200000000000002));
#2802=CARTESIAN_POINT('',(0.0484143314936745,-0.0437219689312086,-0.00199999999999989));
#2803=CARTESIAN_POINT('',(0.0466283038987838,-0.044932454513984,-0.0019999999999996));
#2804=CARTESIAN_POINT('',(0.0459787049488076,-0.0465137829637822,-0.0019999999999993));
#2805=CARTESIAN_POINT('',(0.0460097066006027,-0.047575228717937,-0.00199999999999912));
#2806=CARTESIAN_POINT('',(-0.0450008692103693,-0.0475942423142738,-0.00100000000000004));
#2807=CARTESIAN_POINT('',(-0.044962030348226,-0.046264443962482,-0.000999999999999997));
#2808=CARTESIAN_POINT('',(-0.0457758604400853,-0.0442833275795764,-0.000999999999999958));
#2809=CARTESIAN_POINT('',(-0.0480134285842891,-0.0427668104164434,-0.000999999999999964));
#2810=CARTESIAN_POINT('',(-0.0499999913462216,-0.0423666000473845,-0.000999999999999997));
#2811=CARTESIAN_POINT('',(-0.0519865541149692,-0.0427668103826149,-0.00100000000000005));
#2812=CARTESIAN_POINT('',(-0.0542241222849973,-0.0442833275076452,-0.00100000000000015));
#2813=CARTESIAN_POINT('',(-0.0550379524105923,-0.0462644438766923,-0.00100000000000022));
#2814=CARTESIAN_POINT('',(-0.0549991135710936,-0.0475942422291455,-0.00100000000000026));
#2815=CARTESIAN_POINT('',(-0.0449850821553259,-0.0475945399127116,-0.00123911787445614));
#2816=CARTESIAN_POINT('',(-0.0449461206340551,-0.0462605421037667,-0.0012391178744561));
#2817=CARTESIAN_POINT('',(-0.0457625207623642,-0.0442731694191054,-0.00123911787445606));
#2818=CARTESIAN_POINT('',(-0.0480071550612866,-0.042751863134684,-0.00123911787445606));
#2819=CARTESIAN_POINT('',(-0.0499999913177517,-0.0423503889041077,-0.0012391178744561));
#2820=CARTESIAN_POINT('',(-0.051992827585471,-0.0427518630788206,-0.00123911787445615));
#2821=CARTESIAN_POINT('',(-0.0542374619270388,-0.0442731693003201,-0.00123911787445625));
#2822=CARTESIAN_POINT('',(-0.0550538621110582,-0.046260541962096,-0.00123911787445632));
#2823=CARTESIAN_POINT('',(-0.0550149006271822,-0.047594539772133,-0.00123911787445636));
#2824=CARTESIAN_POINT('',(-0.0451302223713809,-0.0475918039051764,-0.00187933045127022));
#2825=CARTESIAN_POINT('',(-0.0450923885317591,-0.0462964143177677,-0.00187933045127018));
#2826=CARTESIAN_POINT('',(-0.0458851607165039,-0.0443665597063648,-0.00187933045127014));
#2827=CARTESIAN_POINT('',(-0.0480648314601772,-0.0428892827926269,-0.00187933045127015));
#2828=CARTESIAN_POINT('',(-0.0499999915794928,-0.0424994280270622,-0.00187933045127018));
#2829=CARTESIAN_POINT('',(-0.0519351516692509,-0.0428892829393441,-0.00187933045127024));
#2830=CARTESIAN_POINT('',(-0.0541148223009222,-0.0443665600183372,-0.00187933045127033));
#2831=CARTESIAN_POINT('',(-0.0549075943393521,-0.0462964146898452,-0.0018793304512704));
#2832=CARTESIAN_POINT('',(-0.0548697604015182,-0.0475918042743855,-0.00187933045127044));
#2833=CARTESIAN_POINT('',(-0.045771817158711,-0.0475797093374524,-0.00201617325601767));
#2834=CARTESIAN_POINT('',(-0.0457389682549487,-0.0464549880483209,-0.00201617325601763));
#2835=CARTESIAN_POINT('',(-0.0464272927143266,-0.0447793930555332,-0.0020161732560176));
#2836=CARTESIAN_POINT('',(-0.0483197909599343,-0.0434967487218463,-0.0020161732560176));
#2837=CARTESIAN_POINT('',(-0.0499999927365226,-0.0431582579984853,-0.00201617325601763));
#2838=CARTESIAN_POINT('',(-0.0516801943031453,-0.0434967497640738,-0.00201617325601768));
#2839=CARTESIAN_POINT('',(-0.0535726917531293,-0.0447793952716754,-0.00201617325601776));
#2840=CARTESIAN_POINT('',(-0.0542610151731372,-0.0464549906914298,-0.00201617325601782));
#2841=CARTESIAN_POINT('',(-0.0542281655717113,-0.0475797119601849,-0.00201617325601786));
#2842=CARTESIAN_POINT('',(-0.0460096893152765,-0.0475752252597072,-0.00200000000000003));
#2843=CARTESIAN_POINT('',(-0.0459786885833927,-0.0465137794786851,-0.002));
#2844=CARTESIAN_POINT('',(-0.0466282889038406,-0.0449324515918681,-0.00199999999999997));
#2845=CARTESIAN_POINT('',(-0.0484143175478084,-0.0437219675569693,-0.00199999999999997));
#2846=CARTESIAN_POINT('',(-0.0499999931654932,-0.043402520123439,-0.002));
#2847=CARTESIAN_POINT('',(-0.0515856685063255,-0.0437219689312086,-0.00200000000000004));
#2848=CARTESIAN_POINT('',(-0.0533716961012162,-0.044932454513984,-0.00200000000000012));
#2849=CARTESIAN_POINT('',(-0.0540212950511925,-0.0465137829637821,-0.00200000000000018));
#2850=CARTESIAN_POINT('',(-0.0539902933993975,-0.0475752287179368,-0.00200000000000021));
#2851=CARTESIAN_POINT('',(-0.0547396579107879,0.0444632420998377,-0.001));
#2852=CARTESIAN_POINT('',(-0.055130171044606,0.0425,-0.001));
#2853=CARTESIAN_POINT('',(-0.0547396579107879,0.0405367579001624,-0.001));
#2854=CARTESIAN_POINT('',(-0.0536275705939469,0.038872401613191,-0.001));
#2855=CARTESIAN_POINT('',(-0.0519632143069756,0.0377603142963501,-0.001));
#2856=CARTESIAN_POINT('',(-0.049999972207138,0.0373698011625321,-0.001));
#2857=CARTESIAN_POINT('',(-0.0480367301073003,0.0377603142963502,-0.001));
#2858=CARTESIAN_POINT('',(-0.046372373820329,0.0388724016131911,-0.001));
#2859=CARTESIAN_POINT('',(-0.0452602865034881,0.0405367579001624,-0.001));
#2860=CARTESIAN_POINT('',(-0.04486977336967,0.0425000000000001,-0.001));
#2861=CARTESIAN_POINT('',(-0.0452602865034882,0.0444632420998377,-0.001));
#2862=CARTESIAN_POINT('',(-0.0463723738203291,0.046127598386809,-0.001));
#2863=CARTESIAN_POINT('',(-0.0480367301073004,0.0472396857036499,-0.001));
#2864=CARTESIAN_POINT('',(-0.0499999722071381,0.0476301988374681,-0.001));
#2865=CARTESIAN_POINT('',(-0.0519632143069757,0.0472396857036499,-0.001));
#2866=CARTESIAN_POINT('',(-0.053627570593947,0.046127598386809,-0.001));
#2867=CARTESIAN_POINT('',(-0.0547396579107879,0.0444632420998377,-0.001));
#2868=CARTESIAN_POINT('',(-0.055130171044606,0.0425,-0.001));
#2869=CARTESIAN_POINT('',(-0.0547396579107879,0.0405367579001624,-0.001));
#2870=CARTESIAN_POINT('',(-0.0547546256331081,0.0444694419334205,-0.00123911787769558));
#2871=CARTESIAN_POINT('',(-0.0551463719905015,0.0425,-0.00123911787769558));
#2872=CARTESIAN_POINT('',(-0.054754625633108,0.0405305580665795,-0.00123911787769558));
#2873=CARTESIAN_POINT('',(-0.0536390263926513,0.0388609458144867,-0.00123911787769558));
#2874=CARTESIAN_POINT('',(-0.0519694141405584,0.0377453465740301,-0.00123911787769558));
#2875=CARTESIAN_POINT('',(-0.049999972207138,0.0373536002166366,-0.00123911787769558));
#2876=CARTESIAN_POINT('',(-0.0480305302737175,0.0377453465740301,-0.00123911787769558));
#2877=CARTESIAN_POINT('',(-0.0463609180216247,0.0388609458144868,-0.00123911787769558));
#2878=CARTESIAN_POINT('',(-0.045245318781168,0.0405305580665796,-0.00123911787769558));
#2879=CARTESIAN_POINT('',(-0.0448535724237746,0.0425000000000001,-0.00123911787769558));
#2880=CARTESIAN_POINT('',(-0.045245318781168,0.0444694419334206,-0.00123911787769558));
#2881=CARTESIAN_POINT('',(-0.0463609180216248,0.0461390541855134,-0.00123911787769558));
#2882=CARTESIAN_POINT('',(-0.0480305302737176,0.0472546534259701,-0.00123911787769558));
#2883=CARTESIAN_POINT('',(-0.0499999722071381,0.0476463997833635,-0.00123911787769558));
#2884=CARTESIAN_POINT('',(-0.0519694141405586,0.0472546534259701,-0.00123911787769558));
#2885=CARTESIAN_POINT('',(-0.0536390263926513,0.0461390541855133,-0.00123911787769558));
#2886=CARTESIAN_POINT('',(-0.0547546256331081,0.0444694419334205,-0.00123911787769558));
#2887=CARTESIAN_POINT('',(-0.0551463719905015,0.0425,-0.00123911787769558));
#2888=CARTESIAN_POINT('',(-0.054754625633108,0.0405305580665795,-0.00123911787769558));
#2889=CARTESIAN_POINT('',(-0.0546170180526076,0.0444124430072918,-0.00187933046427252));
#2890=CARTESIAN_POINT('',(-0.0549974266186666,0.0425,-0.00187933046427252));
#2891=CARTESIAN_POINT('',(-0.0546170180526075,0.0405875569927082,-0.00187933046427252));
#2892=CARTESIAN_POINT('',(-0.0535337061102004,0.0389662660969375,-0.00187933046427252));
#2893=CARTESIAN_POINT('',(-0.0519124152144299,0.0378829541545305,-0.00187933046427252));
#2894=CARTESIAN_POINT('',(-0.0499999722071379,0.0375025455884714,-0.00187933046427252));
#2895=CARTESIAN_POINT('',(-0.0480875291998462,0.0378829541545305,-0.00187933046427252));
#2896=CARTESIAN_POINT('',(-0.0464662383040755,0.0389662660969376,-0.00187933046427252));
#2897=CARTESIAN_POINT('',(-0.0453829263616684,0.0405875569927082,-0.00187933046427252));
#2898=CARTESIAN_POINT('',(-0.0450025177956094,0.0425000000000001,-0.00187933046427252));
#2899=CARTESIAN_POINT('',(-0.0453829263616685,0.0444124430072919,-0.00187933046427252));
#2900=CARTESIAN_POINT('',(-0.0464662383040755,0.0460337339030626,-0.00187933046427252));
#2901=CARTESIAN_POINT('',(-0.0480875291998462,0.0471170458454696,-0.00187933046427252));
#2902=CARTESIAN_POINT('',(-0.0499999722071381,0.0474974544115286,-0.00187933046427252));
#2903=CARTESIAN_POINT('',(-0.0519124152144299,0.0471170458454696,-0.00187933046427252));
#2904=CARTESIAN_POINT('',(-0.0535337061102005,0.0460337339030625,-0.00187933046427252));
#2905=CARTESIAN_POINT('',(-0.0546170180526076,0.0444124430072918,-0.00187933046427252));
#2906=CARTESIAN_POINT('',(-0.0549974266186666,0.0425,-0.00187933046427252));
#2907=CARTESIAN_POINT('',(-0.0546170180526075,0.0405875569927082,-0.00187933046427252));
#2908=CARTESIAN_POINT('',(-0.0540087214262442,0.0441604782947063,-0.00201617325753613));
#2909=CARTESIAN_POINT('',(-0.0543390110948267,0.0425,-0.00201617325753613));
#2910=CARTESIAN_POINT('',(-0.0540087214262441,0.0408395217052937,-0.00201617325753613));
#2911=CARTESIAN_POINT('',(-0.0530681360284548,0.0394318361786832,-0.00201617325753613));
#2912=CARTESIAN_POINT('',(-0.0516604505018443,0.0384912507808939,-0.00201617325753613));
#2913=CARTESIAN_POINT('',(-0.0499999722071379,0.0381609611123114,-0.00201617325753613));
#2914=CARTESIAN_POINT('',(-0.0483394939124317,0.0384912507808939,-0.00201617325753613));
#2915=CARTESIAN_POINT('',(-0.0469318083858211,0.0394318361786833,-0.00201617325753613));
#2916=CARTESIAN_POINT('',(-0.0459912229880319,0.0408395217052938,-0.00201617325753613));
#2917=CARTESIAN_POINT('',(-0.0456609333194493,0.0425000000000001,-0.00201617325753613));
#2918=CARTESIAN_POINT('',(-0.0459912229880319,0.0441604782947064,-0.00201617325753613));
#2919=CARTESIAN_POINT('',(-0.0469318083858213,0.0455681638213169,-0.00201617325753613));
#2920=CARTESIAN_POINT('',(-0.0483394939124317,0.0465087492191062,-0.00201617325753613));
#2921=CARTESIAN_POINT('',(-0.0499999722071381,0.0468390388876887,-0.00201617325753613));
#2922=CARTESIAN_POINT('',(-0.0516604505018444,0.0465087492191062,-0.00201617325753613));
#2923=CARTESIAN_POINT('',(-0.0530681360284549,0.0455681638213168,-0.00201617325753613));
#2924=CARTESIAN_POINT('',(-0.0540087214262442,0.0441604782947063,-0.00201617325753613));
#2925=CARTESIAN_POINT('',(-0.0543390110948267,0.0425,-0.00201617325753613));
#2926=CARTESIAN_POINT('',(-0.0540087214262441,0.0408395217052937,-0.00201617325753613));
#2927=CARTESIAN_POINT('',(-0.0537831946129653,0.0440670620299674,-0.002));
#2928=CARTESIAN_POINT('',(-0.0540949026311768,0.0425,-0.002));
#2929=CARTESIAN_POINT('',(-0.0537831946129652,0.0409329379700326,-0.002));
#2930=CARTESIAN_POINT('',(-0.0528955252784629,0.039604446928675,-0.002));
#2931=CARTESIAN_POINT('',(-0.0515670342371054,0.0387167775941728,-0.002));
#2932=CARTESIAN_POINT('',(-0.049999972207138,0.0384050695759612,-0.002));
#2933=CARTESIAN_POINT('',(-0.0484329101771706,0.0387167775941728,-0.002));
#2934=CARTESIAN_POINT('',(-0.047104419135813,0.0396044469286751,-0.002));
#2935=CARTESIAN_POINT('',(-0.0462167498013108,0.0409329379700327,-0.002));
#2936=CARTESIAN_POINT('',(-0.0459050417830992,0.0425000000000001,-0.002));
#2937=CARTESIAN_POINT('',(-0.0462167498013108,0.0440670620299675,-0.002));
#2938=CARTESIAN_POINT('',(-0.0471044191358131,0.0453955530713251,-0.002));
#2939=CARTESIAN_POINT('',(-0.0484329101771707,0.0462832224058273,-0.002));
#2940=CARTESIAN_POINT('',(-0.0499999722071381,0.0465949304240389,-0.002));
#2941=CARTESIAN_POINT('',(-0.0515670342371055,0.0462832224058273,-0.002));
#2942=CARTESIAN_POINT('',(-0.052895525278463,0.0453955530713249,-0.002));
#2943=CARTESIAN_POINT('',(-0.0537831946129653,0.0440670620299674,-0.002));
#2944=CARTESIAN_POINT('',(-0.0540949026311768,0.0425,-0.002));
#2945=CARTESIAN_POINT('',(-0.0537831946129652,0.0409329379700326,-0.002));
#2946=CARTESIAN_POINT('',(0.0452603420892121,0.0444632420998377,-0.001));
#2947=CARTESIAN_POINT('',(0.0448698289553939,0.0425000000000001,-0.001));
#2948=CARTESIAN_POINT('',(0.0452603420892121,0.0405367579001624,-0.001));
#2949=CARTESIAN_POINT('',(0.046372429406053,0.0388724016131911,-0.001));
#2950=CARTESIAN_POINT('',(0.0480367856930244,0.0377603142963502,-0.001));
#2951=CARTESIAN_POINT('',(0.050000027792862,0.0373698011625321,-0.001));
#2952=CARTESIAN_POINT('',(0.0519632698926997,0.0377603142963502,-0.001));
#2953=CARTESIAN_POINT('',(0.053627626179671,0.0388724016131912,-0.001));
#2954=CARTESIAN_POINT('',(0.0547397134965119,0.0405367579001625,-0.001));
#2955=CARTESIAN_POINT('',(0.05513022663033,0.0425000000000001,-0.001));
#2956=CARTESIAN_POINT('',(0.0547397134965119,0.0444632420998378,-0.001));
#2957=CARTESIAN_POINT('',(0.0536276261796709,0.0461275983868091,-0.001));
#2958=CARTESIAN_POINT('',(0.0519632698926996,0.04723968570365,-0.000999999999999999));
#2959=CARTESIAN_POINT('',(0.0500000277928619,0.0476301988374681,-0.001));
#2960=CARTESIAN_POINT('',(0.0480367856930243,0.04723968570365,-0.001));
#2961=CARTESIAN_POINT('',(0.0463724294060529,0.046127598386809,-0.000999999999999999));
#2962=CARTESIAN_POINT('',(0.0452603420892121,0.0444632420998377,-0.001));
#2963=CARTESIAN_POINT('',(0.0448698289553939,0.0425000000000001,-0.001));
#2964=CARTESIAN_POINT('',(0.0452603420892121,0.0405367579001624,-0.001));
#2965=CARTESIAN_POINT('',(0.0452453743668919,0.0444694419334206,-0.00123911787769558));
#2966=CARTESIAN_POINT('',(0.0448536280094985,0.0425000000000001,-0.00123911787769558));
#2967=CARTESIAN_POINT('',(0.0452453743668919,0.0405305580665796,-0.00123911787769558));
#2968=CARTESIAN_POINT('',(0.0463609736073487,0.0388609458144868,-0.00123911787769558));
#2969=CARTESIAN_POINT('',(0.0480305858594415,0.03774534657403,-0.00123911787769558));
#2970=CARTESIAN_POINT('',(0.050000027792862,0.0373536002166366,-0.00123911787769558));
#2971=CARTESIAN_POINT('',(0.0519694697262825,0.03774534657403,-0.00123911787769558));
#2972=CARTESIAN_POINT('',(0.0536390819783753,0.0388609458144868,-0.00123911787769558));
#2973=CARTESIAN_POINT('',(0.054754681218832,0.0405305580665796,-0.00123911787769558));
#2974=CARTESIAN_POINT('',(0.0551464275762255,0.0425000000000001,-0.00123911787769558));
#2975=CARTESIAN_POINT('',(0.054754681218832,0.0444694419334207,-0.00123911787769558));
#2976=CARTESIAN_POINT('',(0.0536390819783753,0.0461390541855134,-0.00123911787769558));
#2977=CARTESIAN_POINT('',(0.0519694697262824,0.0472546534259702,-0.00123911787769558));
#2978=CARTESIAN_POINT('',(0.050000027792862,0.0476463997833636,-0.00123911787769558));
#2979=CARTESIAN_POINT('',(0.0480305858594414,0.0472546534259702,-0.00123911787769558));
#2980=CARTESIAN_POINT('',(0.0463609736073487,0.0461390541855134,-0.00123911787769558));
#2981=CARTESIAN_POINT('',(0.0452453743668919,0.0444694419334206,-0.00123911787769558));
#2982=CARTESIAN_POINT('',(0.0448536280094985,0.0425000000000001,-0.00123911787769558));
#2983=CARTESIAN_POINT('',(0.0452453743668919,0.0405305580665796,-0.00123911787769558));
#2984=CARTESIAN_POINT('',(0.0453829819473925,0.0444124430072919,-0.00187933046427252));
#2985=CARTESIAN_POINT('',(0.0450025733813333,0.0425000000000001,-0.00187933046427252));
#2986=CARTESIAN_POINT('',(0.0453829819473925,0.0405875569927082,-0.00187933046427252));
#2987=CARTESIAN_POINT('',(0.0464662938897995,0.0389662660969375,-0.00187933046427252));
#2988=CARTESIAN_POINT('',(0.0480875847855702,0.0378829541545306,-0.00187933046427252));
#2989=CARTESIAN_POINT('',(0.050000027792862,0.0375025455884715,-0.00187933046427252));
#2990=CARTESIAN_POINT('',(0.0519124708001538,0.0378829541545306,-0.00187933046427252));
#2991=CARTESIAN_POINT('',(0.0535337616959245,0.0389662660969376,-0.00187933046427252));
#2992=CARTESIAN_POINT('',(0.0546170736383315,0.0405875569927083,-0.00187933046427252));
#2993=CARTESIAN_POINT('',(0.0549974822043906,0.0425000000000001,-0.00187933046427252));
#2994=CARTESIAN_POINT('',(0.0546170736383315,0.0444124430072919,-0.00187933046427252));
#2995=CARTESIAN_POINT('',(0.0535337616959244,0.0460337339030626,-0.00187933046427252));
#2996=CARTESIAN_POINT('',(0.0519124708001538,0.0471170458454696,-0.00187933046427252));
#2997=CARTESIAN_POINT('',(0.0500000277928619,0.0474974544115287,-0.00187933046427252));
#2998=CARTESIAN_POINT('',(0.0480875847855701,0.0471170458454696,-0.00187933046427252));
#2999=CARTESIAN_POINT('',(0.0464662938897994,0.0460337339030625,-0.00187933046427252));
#3000=CARTESIAN_POINT('',(0.0453829819473925,0.0444124430072919,-0.00187933046427252));
#3001=CARTESIAN_POINT('',(0.0450025733813333,0.0425000000000001,-0.00187933046427252));
#3002=CARTESIAN_POINT('',(0.0453829819473925,0.0405875569927082,-0.00187933046427252));
#3003=CARTESIAN_POINT('',(0.0459912785737559,0.0441604782947064,-0.00201617325753613));
#3004=CARTESIAN_POINT('',(0.0456609889051733,0.0425,-0.00201617325753613));
#3005=CARTESIAN_POINT('',(0.0459912785737559,0.0408395217052937,-0.00201617325753613));
#3006=CARTESIAN_POINT('',(0.0469318639715452,0.0394318361786833,-0.00201617325753613));
#3007=CARTESIAN_POINT('',(0.0483395494981557,0.038491250780894,-0.00201617325753613));
#3008=CARTESIAN_POINT('',(0.0500000277928621,0.0381609611123114,-0.00201617325753613));
#3009=CARTESIAN_POINT('',(0.0516605060875684,0.038491250780894,-0.00201617325753613));
#3010=CARTESIAN_POINT('',(0.0530681916141789,0.0394318361786834,-0.00201617325753613));
#3011=CARTESIAN_POINT('',(0.0540087770119681,0.0408395217052939,-0.00201617325753613));
#3012=CARTESIAN_POINT('',(0.0543390666805507,0.0425000000000002,-0.00201617325753613));
#3013=CARTESIAN_POINT('',(0.0540087770119681,0.0441604782947065,-0.00201617325753613));
#3014=CARTESIAN_POINT('',(0.0530681916141788,0.045568163821317,-0.00201617325753613));
#3015=CARTESIAN_POINT('',(0.0516605060875682,0.0465087492191063,-0.00201617325753613));
#3016=CARTESIAN_POINT('',(0.0500000277928619,0.0468390388876888,-0.00201617325753613));
#3017=CARTESIAN_POINT('',(0.0483395494981556,0.0465087492191063,-0.00201617325753613));
#3018=CARTESIAN_POINT('',(0.0469318639715452,0.0455681638213169,-0.00201617325753613));
#3019=CARTESIAN_POINT('',(0.0459912785737559,0.0441604782947064,-0.00201617325753613));
#3020=CARTESIAN_POINT('',(0.0456609889051733,0.0425,-0.00201617325753613));
#3021=CARTESIAN_POINT('',(0.0459912785737559,0.0408395217052937,-0.00201617325753613));
#3022=CARTESIAN_POINT('',(0.0462168053870348,0.0440670620299675,-0.002));
#3023=CARTESIAN_POINT('',(0.0459050973688232,0.0425,-0.002));
#3024=CARTESIAN_POINT('',(0.0462168053870348,0.0409329379700326,-0.002));
#3025=CARTESIAN_POINT('',(0.0471044747215371,0.0396044469286751,-0.002));
#3026=CARTESIAN_POINT('',(0.0484329657628946,0.0387167775941729,-0.002));
#3027=CARTESIAN_POINT('',(0.050000027792862,0.0384050695759613,-0.002));
#3028=CARTESIAN_POINT('',(0.0515670898228294,0.0387167775941729,-0.002));
#3029=CARTESIAN_POINT('',(0.052895580864187,0.0396044469286752,-0.002));
#3030=CARTESIAN_POINT('',(0.0537832501986892,0.0409329379700328,-0.002));
#3031=CARTESIAN_POINT('',(0.0540949582169008,0.0425000000000002,-0.002));
#3032=CARTESIAN_POINT('',(0.0537832501986892,0.0440670620299676,-0.002));
#3033=CARTESIAN_POINT('',(0.0528955808641869,0.0453955530713251,-0.002));
#3034=CARTESIAN_POINT('',(0.0515670898228293,0.0462832224058273,-0.002));
#3035=CARTESIAN_POINT('',(0.0500000277928619,0.0465949304240389,-0.002));
#3036=CARTESIAN_POINT('',(0.0484329657628945,0.0462832224058273,-0.002));
#3037=CARTESIAN_POINT('',(0.047104474721537,0.045395553071325,-0.002));
#3038=CARTESIAN_POINT('',(0.0462168053870348,0.0440670620299675,-0.002));
#3039=CARTESIAN_POINT('',(0.0459050973688232,0.0425,-0.002));
#3040=CARTESIAN_POINT('',(0.0462168053870348,0.0409329379700326,-0.002));
#3041=CARTESIAN_POINT('',(-0.0295,0.0465,0.022625));
#3042=CARTESIAN_POINT('',(-0.029238200590385,0.0465,0.022625));
#3043=CARTESIAN_POINT('',(-0.0287166861424344,0.0465,0.0224083138575656));
#3044=CARTESIAN_POINT('',(-0.0285,0.0465,0.021886799409615));
#3045=CARTESIAN_POINT('',(-0.0285,0.0465,0.021625));
#3046=CARTESIAN_POINT('',(-0.0295,0.0465625,0.022625));
#3047=CARTESIAN_POINT('',(-0.029238200590385,0.0465625,0.0226249999999955));
#3048=CARTESIAN_POINT('',(-0.0287166861424314,0.0465625,0.0224083138575679));
#3049=CARTESIAN_POINT('',(-0.0285000000000061,0.0465625,0.021886799409615));
#3050=CARTESIAN_POINT('',(-0.0285,0.0465625,0.021625));
#3051=CARTESIAN_POINT('',(-0.0295,0.0466255425347222,0.0226253797743056));
#3052=CARTESIAN_POINT('',(-0.029238101165696,0.0466255425347222,0.0226253797742981));
#3053=CARTESIAN_POINT('',(-0.0287163886599532,0.0466255425347222,0.0224086113400456));
#3054=CARTESIAN_POINT('',(-0.0284996202257042,0.0466255425347222,0.021886898834304));
#3055=CARTESIAN_POINT('',(-0.0284996202256944,0.0466255425347222,0.021625));
#3056=CARTESIAN_POINT('',(-0.0295,0.0467562934027778,0.0226378038194444));
#3057=CARTESIAN_POINT('',(-0.0292348485580131,0.0467562934027778,0.0226378038194336));
#3058=CARTESIAN_POINT('',(-0.0287066567332272,0.0467562934027778,0.0224183432667713));
#3059=CARTESIAN_POINT('',(-0.0284871961805693,0.0467562934027778,0.0218901514419869));
#3060=CARTESIAN_POINT('',(-0.0284871961805556,0.0467562934027778,0.021625));
#3061=CARTESIAN_POINT('',(-0.0295,0.0468237847222222,0.0226497395833333));
#3062=CARTESIAN_POINT('',(-0.0292317237820733,0.0468237847222222,0.0226497395833222));
#3063=CARTESIAN_POINT('',(-0.0286973072839725,0.0468237847222222,0.0224276927160261));
#3064=CARTESIAN_POINT('',(-0.0284752604166807,0.0468237847222222,0.0218932762179267));
#3065=CARTESIAN_POINT('',(-0.0284752604166667,0.0468237847222222,0.021625));
#3066=CARTESIAN_POINT('',(-0.0295,0.0469574652777778,0.0226888020833333));
#3067=CARTESIAN_POINT('',(-0.0292214972426342,0.0469574652777778,0.0226888020833225));
#3068=CARTESIAN_POINT('',(-0.0286667090864121,0.0469574652777778,0.0224582909135866));
#3069=CARTESIAN_POINT('',(-0.02843619791668,0.0469574652777778,0.0219035027573658));
#3070=CARTESIAN_POINT('',(-0.0284361979166667,0.0469574652777778,0.021625));
#3071=CARTESIAN_POINT('',(-0.0295,0.0470234375,0.0227158203125));
#3072=CARTESIAN_POINT('',(-0.0292144238861891,0.0470234375,0.0227158203124898));
#3073=CARTESIAN_POINT('',(-0.0286455453330997,0.0470234375,0.0224794546668992));
#3074=CARTESIAN_POINT('',(-0.0284091796875124,0.0470234375,0.021910576113811));
#3075=CARTESIAN_POINT('',(-0.0284091796875,0.0470234375,0.021625));
#3076=CARTESIAN_POINT('',(-0.0295,0.0471455078125,0.02278466796875));
#3077=CARTESIAN_POINT('',(-0.0291963996104288,0.0471455078125,0.0227846679687407));
#3078=CARTESIAN_POINT('',(-0.0285916160098991,0.0471455078125,0.0225333839900999));
#3079=CARTESIAN_POINT('',(-0.0283403320312611,0.0471455078125,0.0219286003895713));
#3080=CARTESIAN_POINT('',(-0.02834033203125,0.0471455078125,0.021625));
#3081=CARTESIAN_POINT('',(-0.0295,0.0472013888888889,0.0228263888888889));
#3082=CARTESIAN_POINT('',(-0.0291854770981677,0.0472013888888889,0.0228263888888798));
#3083=CARTESIAN_POINT('',(-0.0285589354350042,0.0472013888888889,0.0225660645649949));
#3084=CARTESIAN_POINT('',(-0.028298611111122,0.0472013888888889,0.0219395229018324));
#3085=CARTESIAN_POINT('',(-0.0282986111111111,0.0472013888888889,0.021625));
#3086=CARTESIAN_POINT('',(-0.0295,0.0472986111111111,0.0229236111111111));
#3087=CARTESIAN_POINT('',(-0.0291600243777884,0.0472986111111111,0.0229236111111018));
#3088=CARTESIAN_POINT('',(-0.0284827799210741,0.0472986111111111,0.022642220078925));
#3089=CARTESIAN_POINT('',(-0.0282013888889,0.0472986111111111,0.0219649756222116));
#3090=CARTESIAN_POINT('',(-0.0282013888888889,0.0472986111111111,0.021625));
#3091=CARTESIAN_POINT('',(-0.0295,0.04734033203125,0.0229794921875));
#3092=CARTESIAN_POINT('',(-0.0291453947449812,0.04734033203125,0.0229794921874902));
#3093=CARTESIAN_POINT('',(-0.0284390074995627,0.04734033203125,0.0226859925004364));
#3094=CARTESIAN_POINT('',(-0.0281455078125116,0.04734033203125,0.0219796052550188));
#3095=CARTESIAN_POINT('',(-0.0281455078125,0.04734033203125,0.021625));
#3096=CARTESIAN_POINT('',(-0.0295,0.0474091796875,0.0231015625));
#3097=CARTESIAN_POINT('',(-0.0291134368092373,0.0474091796875,0.0231015624999892));
#3098=CARTESIAN_POINT('',(-0.0283433881321837,0.0474091796875,0.0227816118678156));
#3099=CARTESIAN_POINT('',(-0.0280234375000123,0.0474091796875,0.0220115631907628));
#3100=CARTESIAN_POINT('',(-0.0280234375,0.0474091796875,0.021625));
#3101=CARTESIAN_POINT('',(-0.0295,0.0474361979166667,0.0231675347222222));
#3102=CARTESIAN_POINT('',(-0.0290961653204086,0.0474361979166667,0.0231675347222107));
#3103=CARTESIAN_POINT('',(-0.0282917111763024,0.0474361979166667,0.022833288823697));
#3104=CARTESIAN_POINT('',(-0.0279574652777905,0.0474361979166667,0.0220288346795915));
#3105=CARTESIAN_POINT('',(-0.0279574652777778,0.0474361979166667,0.021625));
#3106=CARTESIAN_POINT('',(-0.0295,0.0474752604166667,0.0233012152777778));
#3107=CARTESIAN_POINT('',(-0.0290611678298873,0.0474752604166667,0.0233012152777647));
#3108=CARTESIAN_POINT('',(-0.0281869973446481,0.0474752604166667,0.0229380026553516));
#3109=CARTESIAN_POINT('',(-0.0278237847222359,0.0474752604166667,0.0220638321701127));
#3110=CARTESIAN_POINT('',(-0.0278237847222222,0.0474752604166667,0.021625));
#3111=CARTESIAN_POINT('',(-0.0295,0.0474871961805556,0.0233687065972222));
#3112=CARTESIAN_POINT('',(-0.0290434986423028,0.0474871961805556,0.0233687065972083));
#3113=CARTESIAN_POINT('',(-0.0281341304588615,0.0474871961805556,0.0229908695411384));
#3114=CARTESIAN_POINT('',(-0.027756293402792,0.0474871961805556,0.0220815013576972));
#3115=CARTESIAN_POINT('',(-0.0277562934027778,0.0474871961805556,0.021625));
#3116=CARTESIAN_POINT('',(-0.0295,0.0474996202256944,0.0234994574652778));
#3117=CARTESIAN_POINT('',(-0.0290092681422399,0.0474996202256944,0.0234994574652619));
#3118=CARTESIAN_POINT('',(-0.0280317114920236,0.0474996202256944,0.0230932885079763));
#3119=CARTESIAN_POINT('',(-0.0276255425347382,0.0474996202256944,0.0221157318577601));
#3120=CARTESIAN_POINT('',(-0.0276255425347222,0.0474996202256944,0.021625));
#3121=CARTESIAN_POINT('',(-0.0295,0.0475,0.0235625));
#3122=CARTESIAN_POINT('',(-0.0289927636438696,0.0475,0.023562499999983));
#3123=CARTESIAN_POINT('',(-0.0279823294009588,0.0475,0.0231426705990411));
#3124=CARTESIAN_POINT('',(-0.027562500000017,0.0475,0.0221322363561305));
#3125=CARTESIAN_POINT('',(-0.0275625,0.0475,0.021625));
#3126=CARTESIAN_POINT('',(-0.0295,0.0475,0.023625));
#3127=CARTESIAN_POINT('',(-0.0289764011807692,0.0475,0.0236249999999818));
#3128=CARTESIAN_POINT('',(-0.0279333722848602,0.0475,0.0231916277151398));
#3129=CARTESIAN_POINT('',(-0.0275000000000181,0.0475,0.0221485988192308));
#3130=CARTESIAN_POINT('',(-0.0275,0.0475,0.021625));
#3131=CARTESIAN_POINT('',(-0.0285,0.0465,0.021625));
#3132=CARTESIAN_POINT('',(-0.0285,0.046625,0.021625));
#3133=CARTESIAN_POINT('',(-0.0284869791666667,0.0468932291666667,0.021625));
#3134=CARTESIAN_POINT('',(-0.0282799479166667,0.0472799479166667,0.021625));
#3135=CARTESIAN_POINT('',(-0.0278932291666667,0.0474869791666667,0.021625));
#3136=CARTESIAN_POINT('',(-0.027625,0.0475,0.021625));
#3137=CARTESIAN_POINT('',(-0.0275,0.0475,0.021625));
#3138=CARTESIAN_POINT('',(-0.0295,0.0475,0.023625));
#3139=CARTESIAN_POINT('',(-0.0295,0.0475,0.0235));
#3140=CARTESIAN_POINT('',(-0.0295,0.0474869791666667,0.0232317708333333));
#3141=CARTESIAN_POINT('',(-0.0295,0.0472799479166667,0.0228450520833333));
#3142=CARTESIAN_POINT('',(-0.0295,0.0468932291666667,0.0226380208333333));
#3143=CARTESIAN_POINT('',(-0.0295,0.046625,0.022625));
#3144=CARTESIAN_POINT('',(-0.0295,0.0465,0.022625));
#3145=CARTESIAN_POINT('',(-0.0425,0.0465,0.022625));
#3146=CARTESIAN_POINT('',(-0.0295,0.0465,0.022625));
#3147=CARTESIAN_POINT('',(-0.0425,0.04665,0.022625));
#3148=CARTESIAN_POINT('',(-0.0295,0.04665,0.022625));
#3149=CARTESIAN_POINT('',(-0.0425,0.0468,0.022625));
#3150=CARTESIAN_POINT('',(-0.0295,0.0468,0.022625));
#3151=CARTESIAN_POINT('',(-0.0425,0.0471666666666667,0.022725));
#3152=CARTESIAN_POINT('',(-0.0295,0.0471666666666667,0.022725));
#3153=CARTESIAN_POINT('',(-0.0425,0.0474,0.0229583333333334));
#3154=CARTESIAN_POINT('',(-0.0295,0.0474,0.0229583333333334));
#3155=CARTESIAN_POINT('',(-0.0425,0.0475,0.023325));
#3156=CARTESIAN_POINT('',(-0.0295,0.0475,0.023325));
#3157=CARTESIAN_POINT('',(-0.0425,0.0475,0.023475));
#3158=CARTESIAN_POINT('',(-0.0295,0.0475,0.023475));
#3159=CARTESIAN_POINT('',(-0.0425,0.0475,0.023625));
#3160=CARTESIAN_POINT('',(-0.0295,0.0475,0.023625));
#3161=CARTESIAN_POINT('',(-0.0425,0.0465,0.022625));
#3162=CARTESIAN_POINT('',(-0.0425,0.046625,0.022625));
#3163=CARTESIAN_POINT('',(-0.0425,0.0468932291666667,0.0226380208333333));
#3164=CARTESIAN_POINT('',(-0.0425,0.0472799479166667,0.0228450520833333));
#3165=CARTESIAN_POINT('',(-0.0425,0.0474869791666667,0.0232317708333333));
#3166=CARTESIAN_POINT('',(-0.0425,0.0475,0.0235));
#3167=CARTESIAN_POINT('',(-0.0425,0.0475,0.023625));
#3168=CARTESIAN_POINT('',(-0.0285,0.0465,0.021625));
#3169=CARTESIAN_POINT('',(-0.0285,0.0465,0.014625));
#3170=CARTESIAN_POINT('',(-0.0285,0.04665,0.021625));
#3171=CARTESIAN_POINT('',(-0.0285,0.04665,0.014625));
#3172=CARTESIAN_POINT('',(-0.0285,0.0468,0.021625));
#3173=CARTESIAN_POINT('',(-0.0285,0.0468,0.014625));
#3174=CARTESIAN_POINT('',(-0.0284,0.0471666666666667,0.021625));
#3175=CARTESIAN_POINT('',(-0.0284,0.0471666666666667,0.014625));
#3176=CARTESIAN_POINT('',(-0.0281666666666667,0.0474,0.021625));
#3177=CARTESIAN_POINT('',(-0.0281666666666667,0.0474,0.014625));
#3178=CARTESIAN_POINT('',(-0.0278,0.0475,0.021625));
#3179=CARTESIAN_POINT('',(-0.0278,0.0475,0.014625));
#3180=CARTESIAN_POINT('',(-0.02765,0.0475,0.021625));
#3181=CARTESIAN_POINT('',(-0.02765,0.0475,0.014625));
#3182=CARTESIAN_POINT('',(-0.0275,0.0475,0.021625));
#3183=CARTESIAN_POINT('',(-0.0275,0.0475,0.014625));
#3184=CARTESIAN_POINT('',(-0.0275,0.0475,0.014625));
#3185=CARTESIAN_POINT('',(-0.027625,0.0475,0.014625));
#3186=CARTESIAN_POINT('',(-0.0278932291666667,0.0474869791666667,0.014625));
#3187=CARTESIAN_POINT('',(-0.0282799479166667,0.0472799479166667,0.014625));
#3188=CARTESIAN_POINT('',(-0.0284869791666667,0.0468932291666666,0.014625));
#3189=CARTESIAN_POINT('',(-0.0285,0.046625,0.014625));
#3190=CARTESIAN_POINT('',(-0.0285,0.0465,0.014625));
#3191=CARTESIAN_POINT('',(-0.0435,0.0465,0.021625));
#3192=CARTESIAN_POINT('',(-0.0435,0.0465,0.021886799409616));
#3193=CARTESIAN_POINT('',(-0.0432833138575638,0.0465,0.0224083138575651));
#3194=CARTESIAN_POINT('',(-0.0427617994096187,0.0465,0.022625));
#3195=CARTESIAN_POINT('',(-0.0425,0.0465,0.022625));
#3196=CARTESIAN_POINT('',(-0.0435,0.0465625,0.021625));
#3197=CARTESIAN_POINT('',(-0.043499999999997,0.0465625,0.021886799409616));
#3198=CARTESIAN_POINT('',(-0.0432833138575653,0.0465625,0.0224083138575653));
#3199=CARTESIAN_POINT('',(-0.0427617994096187,0.0465625,0.0226249999999996));
#3200=CARTESIAN_POINT('',(-0.0425,0.0465625,0.022625));
#3201=CARTESIAN_POINT('',(-0.0435003797743056,0.0466255425347222,0.021625));
#3202=CARTESIAN_POINT('',(-0.043500379774301,0.0466255425347222,0.021886898834305));
#3203=CARTESIAN_POINT('',(-0.0432836113400424,0.0466255425347222,0.0224086113400414));
#3204=CARTESIAN_POINT('',(-0.0427618988343076,0.0466255425347222,0.0226253797743055));
#3205=CARTESIAN_POINT('',(-0.0425,0.0466255425347222,0.0226253797743056));
#3206=CARTESIAN_POINT('',(-0.0435128038194444,0.0467562934027778,0.021625));
#3207=CARTESIAN_POINT('',(-0.0435128038194379,0.0467562934027776,0.0218901514419877));
#3208=CARTESIAN_POINT('',(-0.0432933432667683,0.0467562934027779,0.0224183432667656));
#3209=CARTESIAN_POINT('',(-0.0427651514419887,0.0467562934027778,0.0226378038194443));
#3210=CARTESIAN_POINT('',(-0.0425,0.0467562934027778,0.0226378038194444));
#3211=CARTESIAN_POINT('',(-0.0435247395833333,0.0468237847222222,0.021625));
#3212=CARTESIAN_POINT('',(-0.0435247395833263,0.046823784722222,0.0218932762179274));
#3213=CARTESIAN_POINT('',(-0.0433026927160239,0.0468237847222224,0.0224276927160204));
#3214=CARTESIAN_POINT('',(-0.042768276217927,0.0468237847222222,0.022649739583333));
#3215=CARTESIAN_POINT('',(-0.0425,0.0468237847222222,0.0226497395833333));
#3216=CARTESIAN_POINT('',(-0.0435638020833333,0.0469574652777778,0.021625));
#3217=CARTESIAN_POINT('',(-0.0435638020833256,0.0469574652777774,0.021903502757366));
#3218=CARTESIAN_POINT('',(-0.0433332909135866,0.046957465277778,0.0224582909135818));
#3219=CARTESIAN_POINT('',(-0.0427785027573626,0.0469574652777778,0.0226888020833318));
#3220=CARTESIAN_POINT('',(-0.0425,0.0469574652777778,0.0226888020833333));
#3221=CARTESIAN_POINT('',(-0.0435908203125,0.0470234375,0.021625));
#3222=CARTESIAN_POINT('',(-0.0435908203124919,0.0470234374999995,0.021910576113811));
#3223=CARTESIAN_POINT('',(-0.0433544546669006,0.0470234375000003,0.0224794546668953));
#3224=CARTESIAN_POINT('',(-0.0427855761138059,0.0470234375,0.0227158203124976));
#3225=CARTESIAN_POINT('',(-0.0425,0.0470234375,0.0227158203125));
#3226=CARTESIAN_POINT('',(-0.04365966796875,0.0471455078125,0.021625));
#3227=CARTESIAN_POINT('',(-0.0436596679687411,0.0471455078124997,0.0219286003895708));
#3228=CARTESIAN_POINT('',(-0.0434083839901034,0.0471455078125002,0.0225333839900976));
#3229=CARTESIAN_POINT('',(-0.0428036003895639,0.0471455078125,0.0227846679687459));
#3230=CARTESIAN_POINT('',(-0.0425,0.0471455078125,0.02278466796875));
#3231=CARTESIAN_POINT('',(-0.0437013888888889,0.0472013888888889,0.021625));
#3232=CARTESIAN_POINT('',(-0.0437013888888795,0.0472013888888887,0.0219395229018318));
#3233=CARTESIAN_POINT('',(-0.0434410645649989,0.047201388888889,0.0225660645649931));
#3234=CARTESIAN_POINT('',(-0.0428145229018246,0.0472013888888889,0.022826388888884));
#3235=CARTESIAN_POINT('',(-0.0425,0.0472013888888889,0.0228263888888889));
#3236=CARTESIAN_POINT('',(-0.0437986111111111,0.0472986111111111,0.021625));
#3237=CARTESIAN_POINT('',(-0.0437986111111014,0.0472986111111113,0.021964975622211));
#3238=CARTESIAN_POINT('',(-0.0435172200789288,0.0472986111111111,0.0226422200789237));
#3239=CARTESIAN_POINT('',(-0.0428399756222045,0.0472986111111111,0.0229236111111051));
#3240=CARTESIAN_POINT('',(-0.0425,0.0472986111111111,0.0229236111111111));
#3241=CARTESIAN_POINT('',(-0.0438544921875,0.04734033203125,0.021625));
#3242=CARTESIAN_POINT('',(-0.0438544921874904,0.0473403320312504,0.0219796052550183));
#3243=CARTESIAN_POINT('',(-0.0435609925004393,0.0473403320312498,0.022685992500435));
#3244=CARTESIAN_POINT('',(-0.0428546052550127,0.04734033203125,0.0229794921874936));
#3245=CARTESIAN_POINT('',(-0.0425,0.04734033203125,0.0229794921875));
#3246=CARTESIAN_POINT('',(-0.0439765625,0.0474091796875,0.021625));
#3247=CARTESIAN_POINT('',(-0.0439765624999914,0.0474091796875005,0.0220115631907626));
#3248=CARTESIAN_POINT('',(-0.0436566118678163,0.0474091796874998,0.0227816118678138));
#3249=CARTESIAN_POINT('',(-0.042886563190759,0.0474091796875,0.0231015624999929));
#3250=CARTESIAN_POINT('',(-0.0425,0.0474091796875,0.0231015625));
#3251=CARTESIAN_POINT('',(-0.0440425347222222,0.0474361979166667,0.021625));
#3252=CARTESIAN_POINT('',(-0.0440425347222143,0.0474361979166671,0.0220288346795916));
#3253=CARTESIAN_POINT('',(-0.0437082888236965,0.0474361979166665,0.0228332888236949));
#3254=CARTESIAN_POINT('',(-0.042903834679589,0.0474361979166667,0.0231675347222149));
#3255=CARTESIAN_POINT('',(-0.0425,0.0474361979166667,0.0231675347222222));
#3256=CARTESIAN_POINT('',(-0.0441762152777778,0.0474752604166667,0.021625));
#3257=CARTESIAN_POINT('',(-0.0441762152777703,0.0474752604166669,0.0220638321701134));
#3258=CARTESIAN_POINT('',(-0.043813002655349,0.0474752604166665,0.022938002655349));
#3259=CARTESIAN_POINT('',(-0.0429388321701123,0.0474752604166667,0.0233012152777693));
#3260=CARTESIAN_POINT('',(-0.0425,0.0474752604166667,0.0233012152777778));
#3261=CARTESIAN_POINT('',(-0.0442437065972222,0.0474871961805556,0.021625));
#3262=CARTESIAN_POINT('',(-0.0442437065972144,0.0474871961805557,0.0220815013576981));
#3263=CARTESIAN_POINT('',(-0.0438658695411351,0.0474871961805555,0.0229908695411356));
#3264=CARTESIAN_POINT('',(-0.0429565013576975,0.0474871961805556,0.0233687065972129));
#3265=CARTESIAN_POINT('',(-0.0425,0.0474871961805556,0.0233687065972222));
#3266=CARTESIAN_POINT('',(-0.0443744574652778,0.0474996202256944,0.021625));
#3267=CARTESIAN_POINT('',(-0.0443744574652676,0.0474996202256945,0.0221157318577612));
#3268=CARTESIAN_POINT('',(-0.0439682885079729,0.0474996202256944,0.0230932885079736));
#3269=CARTESIAN_POINT('',(-0.0429907318577612,0.0474996202256944,0.0234994574652662));
#3270=CARTESIAN_POINT('',(-0.0425,0.0474996202256944,0.0234994574652778));
#3271=CARTESIAN_POINT('',(-0.0444375,0.0475,0.021625));
#3272=CARTESIAN_POINT('',(-0.0444374999999877,0.0475,0.0221322363561316));
#3273=CARTESIAN_POINT('',(-0.0440176705990382,0.0475,0.0231426705990386));
#3274=CARTESIAN_POINT('',(-0.0430072363561316,0.0475,0.023562499999987));
#3275=CARTESIAN_POINT('',(-0.0425,0.0475,0.0235625));
#3276=CARTESIAN_POINT('',(-0.0445,0.0475,0.021625));
#3277=CARTESIAN_POINT('',(-0.0444999999999854,0.0475,0.022148598819232));
#3278=CARTESIAN_POINT('',(-0.0440666277151374,0.0475,0.0231916277151375));
#3279=CARTESIAN_POINT('',(-0.043023598819232,0.0475,0.0236249999999854));
#3280=CARTESIAN_POINT('',(-0.0425,0.0475,0.023625));
#3281=CARTESIAN_POINT('',(-0.0445,0.0475,0.021625));
#3282=CARTESIAN_POINT('',(-0.044375,0.0475,0.021625));
#3283=CARTESIAN_POINT('',(-0.0441067708333334,0.0474869791666667,0.021625));
#3284=CARTESIAN_POINT('',(-0.0437200520833333,0.0472799479166667,0.021625));
#3285=CARTESIAN_POINT('',(-0.0435130208333333,0.0468932291666667,0.021625));
#3286=CARTESIAN_POINT('',(-0.0435,0.046625,0.021625));
#3287=CARTESIAN_POINT('',(-0.0435,0.0465,0.021625));
#3288=CARTESIAN_POINT('',(-0.0285,0.0465,0.014625));
#3289=CARTESIAN_POINT('',(-0.0285,0.0465,0.0143632005903846));
#3290=CARTESIAN_POINT('',(-0.0287166861424344,0.0465,0.0138416861424346));
#3291=CARTESIAN_POINT('',(-0.0292382005903851,0.0465,0.013625));
#3292=CARTESIAN_POINT('',(-0.0295,0.0465,0.013625));
#3293=CARTESIAN_POINT('',(-0.0285,0.0465625,0.014625));
#3294=CARTESIAN_POINT('',(-0.0285000000000004,0.0465625,0.0143632005903846));
#3295=CARTESIAN_POINT('',(-0.0287166861424342,0.0465625,0.0138416861424327));
#3296=CARTESIAN_POINT('',(-0.0292382005903851,0.0465625,0.0136250000000038));
#3297=CARTESIAN_POINT('',(-0.0295,0.0465625,0.013625));
#3298=CARTESIAN_POINT('',(-0.0284996202256944,0.0466255425347222,0.014625));
#3299=CARTESIAN_POINT('',(-0.0284996202256945,0.0466255425347222,0.0143631011656956));
#3300=CARTESIAN_POINT('',(-0.028716388659958,0.0466255425347222,0.0138413886599555));
#3301=CARTESIAN_POINT('',(-0.0292381011656962,0.0466255425347222,0.0136246202257002));
#3302=CARTESIAN_POINT('',(-0.0295,0.0466255425347222,0.0136246202256944));
#3303=CARTESIAN_POINT('',(-0.0284871961805556,0.0467562934027778,0.014625));
#3304=CARTESIAN_POINT('',(-0.0284871961805557,0.0467562934027778,0.0143598485580136));
#3305=CARTESIAN_POINT('',(-0.0287066567332336,0.0467562934027778,0.0138316567332296));
#3306=CARTESIAN_POINT('',(-0.0292348485580139,0.0467562934027778,0.0136121961805641));
#3307=CARTESIAN_POINT('',(-0.0295,0.0467562934027778,0.0136121961805556));
#3308=CARTESIAN_POINT('',(-0.0284752604166667,0.0468237847222222,0.014625));
#3309=CARTESIAN_POINT('',(-0.028475260416667,0.0468237847222222,0.0143567237820744));
#3310=CARTESIAN_POINT('',(-0.0286973072839786,0.0468237847222222,0.0138223072839743));
#3311=CARTESIAN_POINT('',(-0.0292317237820747,0.0468237847222222,0.013600260416676));
#3312=CARTESIAN_POINT('',(-0.0295,0.0468237847222222,0.0136002604166667));
#3313=CARTESIAN_POINT('',(-0.0284361979166667,0.0469574652777778,0.014625));
#3314=CARTESIAN_POINT('',(-0.0284361979166682,0.0469574652777778,0.0143464972426368));
#3315=CARTESIAN_POINT('',(-0.0286667090864168,0.0469574652777778,0.0137917090864122));
#3316=CARTESIAN_POINT('',(-0.0292214972426368,0.0469574652777778,0.0135611979166774));
#3317=CARTESIAN_POINT('',(-0.0295,0.0469574652777778,0.0135611979166667));
#3318=CARTESIAN_POINT('',(-0.0284091796875,0.0470234375,0.014625));
#3319=CARTESIAN_POINT('',(-0.0284091796875024,0.0470234375,0.0143394238861922));
#3320=CARTESIAN_POINT('',(-0.0286455453331032,0.0470234375,0.0137705453330987));
#3321=CARTESIAN_POINT('',(-0.0292144238861922,0.0470234375,0.0135341796875112));
#3322=CARTESIAN_POINT('',(-0.0295,0.0470234375,0.0135341796875));
#3323=CARTESIAN_POINT('',(-0.02834033203125,0.0471455078125,0.014625));
#3324=CARTESIAN_POINT('',(-0.0283403320312541,0.0471455078125,0.0143213996104326));
#3325=CARTESIAN_POINT('',(-0.0285916160099008,0.0471455078125001,0.0137166160098967));
#3326=CARTESIAN_POINT('',(-0.0291963996104326,0.0471455078125,0.0134653320312622));
#3327=CARTESIAN_POINT('',(-0.0295,0.0471455078125,0.01346533203125));
#3328=CARTESIAN_POINT('',(-0.0282986111111111,0.0472013888888889,0.014625));
#3329=CARTESIAN_POINT('',(-0.028298611111116,0.0472013888888889,0.0143104770981714));
#3330=CARTESIAN_POINT('',(-0.0285589354350052,0.0472013888888889,0.0136839354350015));
#3331=CARTESIAN_POINT('',(-0.0291854770981716,0.0472013888888889,0.0134236111111237));
#3332=CARTESIAN_POINT('',(-0.0295,0.0472013888888889,0.0134236111111111));
#3333=CARTESIAN_POINT('',(-0.0282013888888889,0.0472986111111111,0.014625));
#3334=CARTESIAN_POINT('',(-0.0282013888888949,0.0472986111111111,0.0142850243777915));
#3335=CARTESIAN_POINT('',(-0.0284827799210747,0.0472986111111111,0.0136077799210714));
#3336=CARTESIAN_POINT('',(-0.0291600243777922,0.0472986111111111,0.0133263888889022));
#3337=CARTESIAN_POINT('',(-0.0295,0.0472986111111111,0.0133263888888889));
#3338=CARTESIAN_POINT('',(-0.0281455078125,0.04734033203125,0.014625));
#3339=CARTESIAN_POINT('',(-0.0281455078125064,0.04734033203125,0.0142703947449839));
#3340=CARTESIAN_POINT('',(-0.0284390074995634,0.04734033203125,0.0135640074995603));
#3341=CARTESIAN_POINT('',(-0.029145394744985,0.04734033203125,0.0132705078125137));
#3342=CARTESIAN_POINT('',(-0.0295,0.04734033203125,0.0132705078125));
#3343=CARTESIAN_POINT('',(-0.0280234375,0.0474091796875,0.014625));
#3344=CARTESIAN_POINT('',(-0.0280234375000071,0.0474091796875,0.0142384368092393));
#3345=CARTESIAN_POINT('',(-0.0283433881321844,0.0474091796875,0.0134683881321815));
#3346=CARTESIAN_POINT('',(-0.0291134368092412,0.0474091796875,0.0131484375000147));
#3347=CARTESIAN_POINT('',(-0.0295,0.0474091796875,0.0131484375));
#3348=CARTESIAN_POINT('',(-0.0279574652777778,0.0474361979166667,0.014625));
#3349=CARTESIAN_POINT('',(-0.0279574652777852,0.0474361979166667,0.0142211653204104));
#3350=CARTESIAN_POINT('',(-0.0282917111763031,0.0474361979166667,0.0134167111763002));
#3351=CARTESIAN_POINT('',(-0.0290961653204126,0.0474361979166667,0.013082465277793));
#3352=CARTESIAN_POINT('',(-0.0295,0.0474361979166667,0.0130824652777778));
#3353=CARTESIAN_POINT('',(-0.0278237847222222,0.0474752604166667,0.014625));
#3354=CARTESIAN_POINT('',(-0.0278237847222307,0.0474752604166667,0.0141861678298888));
#3355=CARTESIAN_POINT('',(-0.0281869973446487,0.0474752604166667,0.013311997344646));
#3356=CARTESIAN_POINT('',(-0.0290611678298912,0.0474752604166667,0.0129487847222386));
#3357=CARTESIAN_POINT('',(-0.0295,0.0474752604166667,0.0129487847222222));
#3358=CARTESIAN_POINT('',(-0.0277562934027778,0.0474871961805556,0.014625));
#3359=CARTESIAN_POINT('',(-0.0277562934027871,0.0474871961805556,0.0141684986423041));
#3360=CARTESIAN_POINT('',(-0.0281341304588621,0.0474871961805556,0.0132591304588595));
#3361=CARTESIAN_POINT('',(-0.0290434986423065,0.0474871961805556,0.0128812934027947));
#3362=CARTESIAN_POINT('',(-0.0295,0.0474871961805556,0.0128812934027778));
#3363=CARTESIAN_POINT('',(-0.0276255425347222,0.0474996202256944,0.014625));
#3364=CARTESIAN_POINT('',(-0.0276255425347338,0.0474996202256944,0.0141342681422405));
#3365=CARTESIAN_POINT('',(-0.0280317114920246,0.0474996202256945,0.0131567114920224));
#3366=CARTESIAN_POINT('',(-0.0290092681422423,0.0474996202256944,0.0127505425347399));
#3367=CARTESIAN_POINT('',(-0.0295,0.0474996202256944,0.0127505425347222));
#3368=CARTESIAN_POINT('',(-0.0275625,0.0475,0.014625));
#3369=CARTESIAN_POINT('',(-0.027562500000013,0.0475,0.0141177636438696));
#3370=CARTESIAN_POINT('',(-0.0279823294009602,0.0475,0.0131073294009584));
#3371=CARTESIAN_POINT('',(-0.0289927636438709,0.0475,0.0126875000000179));
#3372=CARTESIAN_POINT('',(-0.0295,0.0475,0.0126875));
#3373=CARTESIAN_POINT('',(-0.0275,0.0475,0.014625));
#3374=CARTESIAN_POINT('',(-0.0275000000000146,0.0475,0.0141014011807687));
#3375=CARTESIAN_POINT('',(-0.0279333722848618,0.0475,0.0130583722848606));
#3376=CARTESIAN_POINT('',(-0.0289764011807694,0.0475,0.0126250000000177));
#3377=CARTESIAN_POINT('',(-0.0295,0.0475,0.012625));
#3378=CARTESIAN_POINT('',(-0.0295,0.0465,0.013625));
#3379=CARTESIAN_POINT('',(-0.0295,0.046625,0.013625));
#3380=CARTESIAN_POINT('',(-0.0295,0.0468932291666667,0.0136119791666667));
#3381=CARTESIAN_POINT('',(-0.0295,0.0472799479166667,0.0134049479166667));
#3382=CARTESIAN_POINT('',(-0.0295,0.0474869791666667,0.0130182291666667));
#3383=CARTESIAN_POINT('',(-0.0295,0.0475,0.01275));
#3384=CARTESIAN_POINT('',(-0.0295,0.0475,0.012625));
#3385=CARTESIAN_POINT('',(-0.0435,0.0465,0.014625));
#3386=CARTESIAN_POINT('',(-0.0435,0.0465,0.021625));
#3387=CARTESIAN_POINT('',(-0.0435,0.04665,0.014625));
#3388=CARTESIAN_POINT('',(-0.0435,0.04665,0.021625));
#3389=CARTESIAN_POINT('',(-0.0435,0.0468,0.014625));
#3390=CARTESIAN_POINT('',(-0.0435,0.0468,0.021625));
#3391=CARTESIAN_POINT('',(-0.0436,0.0471666666666667,0.014625));
#3392=CARTESIAN_POINT('',(-0.0436,0.0471666666666667,0.021625));
#3393=CARTESIAN_POINT('',(-0.0438333333333333,0.0474,0.014625));
#3394=CARTESIAN_POINT('',(-0.0438333333333333,0.0474,0.021625));
#3395=CARTESIAN_POINT('',(-0.0442,0.0475,0.014625));
#3396=CARTESIAN_POINT('',(-0.0442,0.0475,0.021625));
#3397=CARTESIAN_POINT('',(-0.04435,0.0475,0.014625));
#3398=CARTESIAN_POINT('',(-0.04435,0.0475,0.021625));
#3399=CARTESIAN_POINT('',(-0.0445,0.0475,0.014625));
#3400=CARTESIAN_POINT('',(-0.0445,0.0475,0.021625));
#3401=CARTESIAN_POINT('',(-0.0435,0.0465,0.014625));
#3402=CARTESIAN_POINT('',(-0.0435,0.046625,0.014625));
#3403=CARTESIAN_POINT('',(-0.0435130208333333,0.0468932291666667,0.014625));
#3404=CARTESIAN_POINT('',(-0.0437200520833333,0.0472799479166667,0.014625));
#3405=CARTESIAN_POINT('',(-0.0441067708333334,0.0474869791666667,0.014625));
#3406=CARTESIAN_POINT('',(-0.044375,0.0475,0.014625));
#3407=CARTESIAN_POINT('',(-0.0445,0.0475,0.014625));
#3408=CARTESIAN_POINT('',(-0.0295,0.0465,0.013625));
#3409=CARTESIAN_POINT('',(-0.0425,0.0465,0.013625));
#3410=CARTESIAN_POINT('',(-0.0295,0.04665,0.013625));
#3411=CARTESIAN_POINT('',(-0.0425,0.04665,0.013625));
#3412=CARTESIAN_POINT('',(-0.0295,0.0468,0.013625));
#3413=CARTESIAN_POINT('',(-0.0425,0.0468,0.013625));
#3414=CARTESIAN_POINT('',(-0.0295,0.0471666666666667,0.013525));
#3415=CARTESIAN_POINT('',(-0.0425,0.0471666666666667,0.013525));
#3416=CARTESIAN_POINT('',(-0.0295,0.0474,0.0132916666666667));
#3417=CARTESIAN_POINT('',(-0.0425,0.0474,0.0132916666666667));
#3418=CARTESIAN_POINT('',(-0.0295,0.0475,0.012925));
#3419=CARTESIAN_POINT('',(-0.0425,0.0475,0.012925));
#3420=CARTESIAN_POINT('',(-0.0295,0.0475,0.012775));
#3421=CARTESIAN_POINT('',(-0.0425,0.0475,0.012775));
#3422=CARTESIAN_POINT('',(-0.0295,0.0475,0.012625));
#3423=CARTESIAN_POINT('',(-0.0425,0.0475,0.012625));
#3424=CARTESIAN_POINT('',(-0.0425,0.0475,0.012625));
#3425=CARTESIAN_POINT('',(-0.0425,0.0475,0.01275));
#3426=CARTESIAN_POINT('',(-0.0425,0.0474869791666667,0.0130182291666667));
#3427=CARTESIAN_POINT('',(-0.0425,0.0472799479166667,0.0134049479166667));
#3428=CARTESIAN_POINT('',(-0.0425,0.0468932291666667,0.0136119791666667));
#3429=CARTESIAN_POINT('',(-0.0425,0.046625,0.013625));
#3430=CARTESIAN_POINT('',(-0.0425,0.0465,0.013625));
#3431=CARTESIAN_POINT('',(-0.0425,0.0465,0.013625));
#3432=CARTESIAN_POINT('',(-0.0427617994096185,0.0465,0.013625));
#3433=CARTESIAN_POINT('',(-0.0432833138575638,0.0465,0.0138416861424347));
#3434=CARTESIAN_POINT('',(-0.0435,0.0465,0.0143632005903845));
#3435=CARTESIAN_POINT('',(-0.0435,0.0465,0.014625));
#3436=CARTESIAN_POINT('',(-0.0425,0.0465625,0.013625));
#3437=CARTESIAN_POINT('',(-0.0427617994096185,0.0465625,0.0136250000000025));
#3438=CARTESIAN_POINT('',(-0.0432833138575654,0.0465625,0.0138416861424334));
#3439=CARTESIAN_POINT('',(-0.043499999999997,0.0465625,0.0143632005903845));
#3440=CARTESIAN_POINT('',(-0.0435,0.0465625,0.014625));
#3441=CARTESIAN_POINT('',(-0.0425,0.0466255425347222,0.0136246202256944));
#3442=CARTESIAN_POINT('',(-0.0427618988343075,0.0466255425347222,0.0136246202256982));
#3443=CARTESIAN_POINT('',(-0.0432836113400424,0.0466255425347222,0.0138413886599565));
#3444=CARTESIAN_POINT('',(-0.043500379774301,0.0466255425347222,0.0143631011656955));
#3445=CARTESIAN_POINT('',(-0.0435003797743056,0.0466255425347222,0.014625));
#3446=CARTESIAN_POINT('',(-0.0425,0.0467562934027778,0.0136121961805556));
#3447=CARTESIAN_POINT('',(-0.0427651514419901,0.0467562934027778,0.0136121961805612));
#3448=CARTESIAN_POINT('',(-0.0432933432667676,0.0467562934027778,0.0138316567332312));
#3449=CARTESIAN_POINT('',(-0.0435128038194379,0.0467562934027776,0.0143598485580132));
#3450=CARTESIAN_POINT('',(-0.0435128038194444,0.0467562934027778,0.014625));
#3451=CARTESIAN_POINT('',(-0.0425,0.0468237847222222,0.0136002604166667));
#3452=CARTESIAN_POINT('',(-0.0427682762179297,0.0468237847222222,0.0136002604166728));
#3453=CARTESIAN_POINT('',(-0.0433026927160226,0.0468237847222223,0.0138223072839761));
#3454=CARTESIAN_POINT('',(-0.0435247395833263,0.046823784722222,0.0143567237820738));
#3455=CARTESIAN_POINT('',(-0.0435247395833333,0.0468237847222222,0.014625));
#3456=CARTESIAN_POINT('',(-0.0425,0.0469574652777778,0.0135611979166667));
#3457=CARTESIAN_POINT('',(-0.0427785027573679,0.0469574652777778,0.0135611979166738));
#3458=CARTESIAN_POINT('',(-0.043333290913584,0.046957465277778,0.0137917090864144));
#3459=CARTESIAN_POINT('',(-0.0435638020833256,0.0469574652777774,0.0143464972426359));
#3460=CARTESIAN_POINT('',(-0.0435638020833333,0.0469574652777778,0.014625));
#3461=CARTESIAN_POINT('',(-0.0425,0.0470234375,0.0135341796875));
#3462=CARTESIAN_POINT('',(-0.0427855761138126,0.0470234375,0.0135341796875076));
#3463=CARTESIAN_POINT('',(-0.0433544546668973,0.0470234375000003,0.013770545333101));
#3464=CARTESIAN_POINT('',(-0.0435908203124919,0.0470234374999995,0.0143394238861914));
#3465=CARTESIAN_POINT('',(-0.0435908203125,0.0470234375,0.014625));
#3466=CARTESIAN_POINT('',(-0.0425,0.0471455078125,0.01346533203125));
#3467=CARTESIAN_POINT('',(-0.0428036003895719,0.0471455078125,0.0134653320312583));
#3468=CARTESIAN_POINT('',(-0.0434083839900994,0.0471455078125002,0.013716616009899));
#3469=CARTESIAN_POINT('',(-0.0436596679687411,0.0471455078124997,0.014321399610432));
#3470=CARTESIAN_POINT('',(-0.04365966796875,0.0471455078125,0.014625));
#3471=CARTESIAN_POINT('',(-0.0425,0.0472013888888889,0.0134236111111111));
#3472=CARTESIAN_POINT('',(-0.0428145229018324,0.0472013888888889,0.0134236111111197));
#3473=CARTESIAN_POINT('',(-0.043441064564995,0.047201388888889,0.0136839354350036));
#3474=CARTESIAN_POINT('',(-0.0437013888888795,0.0472013888888887,0.0143104770981712));
#3475=CARTESIAN_POINT('',(-0.0437013888888889,0.0472013888888889,0.014625));
#3476=CARTESIAN_POINT('',(-0.0425,0.0472986111111111,0.0133263888888889));
#3477=CARTESIAN_POINT('',(-0.042839975622211,0.0472986111111111,0.013326388888898));
#3478=CARTESIAN_POINT('',(-0.0435172200789255,0.047298611111111,0.0136077799210733));
#3479=CARTESIAN_POINT('',(-0.0437986111111014,0.0472986111111113,0.0142850243777919));
#3480=CARTESIAN_POINT('',(-0.0437986111111111,0.0472986111111111,0.014625));
#3481=CARTESIAN_POINT('',(-0.0425,0.04734033203125,0.0132705078125));
#3482=CARTESIAN_POINT('',(-0.0428546052550181,0.04734033203125,0.0132705078125094));
#3483=CARTESIAN_POINT('',(-0.0435609925004366,0.0473403320312498,0.0135640074995621));
#3484=CARTESIAN_POINT('',(-0.0438544921874905,0.0473403320312504,0.0142703947449845));
#3485=CARTESIAN_POINT('',(-0.0438544921875,0.04734033203125,0.014625));
#3486=CARTESIAN_POINT('',(-0.0425,0.0474091796875,0.0131484375));
#3487=CARTESIAN_POINT('',(-0.0428865631907621,0.0474091796875,0.0131484375000102));
#3488=CARTESIAN_POINT('',(-0.0436566118678148,0.0474091796874998,0.0134683881321834));
#3489=CARTESIAN_POINT('',(-0.0439765624999914,0.0474091796875005,0.01423843680924));
#3490=CARTESIAN_POINT('',(-0.0439765625,0.0474091796875,0.014625));
#3491=CARTESIAN_POINT('',(-0.0425,0.0474361979166667,0.0130824652777778));
#3492=CARTESIAN_POINT('',(-0.0429038346795911,0.0474361979166667,0.0130824652777884));
#3493=CARTESIAN_POINT('',(-0.0437082888236954,0.0474361979166665,0.0134167111763023));
#3494=CARTESIAN_POINT('',(-0.0440425347222143,0.0474361979166671,0.0142211653204108));
#3495=CARTESIAN_POINT('',(-0.0440425347222222,0.0474361979166667,0.014625));
#3496=CARTESIAN_POINT('',(-0.0425,0.0474752604166667,0.0129487847222222));
#3497=CARTESIAN_POINT('',(-0.0429388321701128,0.0474752604166667,0.0129487847222339));
#3498=CARTESIAN_POINT('',(-0.0438130026553488,0.0474752604166665,0.0133119973446484));
#3499=CARTESIAN_POINT('',(-0.0441762152777703,0.0474752604166669,0.0141861678298887));
#3500=CARTESIAN_POINT('',(-0.0441762152777778,0.0474752604166667,0.014625));
#3501=CARTESIAN_POINT('',(-0.0425,0.0474871961805556,0.0128812934027778));
#3502=CARTESIAN_POINT('',(-0.0429565013576976,0.0474871961805556,0.01288129340279));
#3503=CARTESIAN_POINT('',(-0.0438658695411351,0.0474871961805555,0.013259130458862));
#3504=CARTESIAN_POINT('',(-0.0442437065972144,0.0474871961805557,0.0141684986423037));
#3505=CARTESIAN_POINT('',(-0.0442437065972222,0.0474871961805556,0.014625));
#3506=CARTESIAN_POINT('',(-0.0425,0.0474996202256944,0.0127505425347222));
#3507=CARTESIAN_POINT('',(-0.0429907318577608,0.0474996202256944,0.0127505425347356));
#3508=CARTESIAN_POINT('',(-0.0439682885079731,0.0474996202256945,0.0131567114920249));
#3509=CARTESIAN_POINT('',(-0.0443744574652676,0.0474996202256945,0.01413426814224));
#3510=CARTESIAN_POINT('',(-0.0443744574652778,0.0474996202256944,0.014625));
#3511=CARTESIAN_POINT('',(-0.0425,0.0475,0.0126875));
#3512=CARTESIAN_POINT('',(-0.0430072363561311,0.0475,0.012687500000014));
#3513=CARTESIAN_POINT('',(-0.0440176705990384,0.0475,0.0131073294009605));
#3514=CARTESIAN_POINT('',(-0.0444374999999877,0.0475,0.0141177636438692));
#3515=CARTESIAN_POINT('',(-0.0444375,0.0475,0.014625));
#3516=CARTESIAN_POINT('',(-0.0425,0.0475,0.012625));
#3517=CARTESIAN_POINT('',(-0.0430235988192315,0.0475,0.0126250000000145));
#3518=CARTESIAN_POINT('',(-0.0440666277151377,0.0475,0.0130583722848623));
#3519=CARTESIAN_POINT('',(-0.0444999999999854,0.0475,0.0141014011807685));
#3520=CARTESIAN_POINT('',(-0.0445,0.0475,0.014625));
#3521=CARTESIAN_POINT('',(0.042,0.0465,0.021625));
#3522=CARTESIAN_POINT('',(0.0422617994096186,0.0465,0.021625));
#3523=CARTESIAN_POINT('',(0.0427833138575638,0.0465,0.0214083138575656));
#3524=CARTESIAN_POINT('',(0.043,0.0465,0.020886799409615));
#3525=CARTESIAN_POINT('',(0.043,0.0465,0.020625));
#3526=CARTESIAN_POINT('',(0.042,0.0465625,0.021625));
#3527=CARTESIAN_POINT('',(0.0422617994096186,0.0465625,0.021624999999997));
#3528=CARTESIAN_POINT('',(0.0427833138575653,0.0465625,0.0214083138575671));
#3529=CARTESIAN_POINT('',(0.042999999999997,0.0465625,0.020886799409615));
#3530=CARTESIAN_POINT('',(0.043,0.0465625,0.020625));
#3531=CARTESIAN_POINT('',(0.042,0.0466255425347222,0.0216253797743056));
#3532=CARTESIAN_POINT('',(0.0422618988343076,0.0466255425347222,0.021625379774301));
#3533=CARTESIAN_POINT('',(0.0427836113400423,0.0466255425347222,0.0214086113400442));
#3534=CARTESIAN_POINT('',(0.043000379774301,0.0466255425347222,0.0208868988343039));
#3535=CARTESIAN_POINT('',(0.0430003797743056,0.0466255425347222,0.020625));
#3536=CARTESIAN_POINT('',(0.042,0.0467562934027778,0.0216378038194444));
#3537=CARTESIAN_POINT('',(0.0422651514419904,0.0467562934027778,0.0216378038194381));
#3538=CARTESIAN_POINT('',(0.0427933432667675,0.0467562934027778,0.0214183432667696));
#3539=CARTESIAN_POINT('',(0.0430128038194379,0.0467562934027776,0.0208901514419859));
#3540=CARTESIAN_POINT('',(0.0430128038194444,0.0467562934027778,0.020625));
#3541=CARTESIAN_POINT('',(0.042,0.0468237847222222,0.0216497395833333));
#3542=CARTESIAN_POINT('',(0.0422682762179302,0.0468237847222222,0.0216497395833268));
#3543=CARTESIAN_POINT('',(0.0428026927160223,0.0468237847222224,0.0214276927160246));
#3544=CARTESIAN_POINT('',(0.0430247395833263,0.046823784722222,0.0208932762179251));
#3545=CARTESIAN_POINT('',(0.0430247395833333,0.0468237847222222,0.020625));
#3546=CARTESIAN_POINT('',(0.042,0.0469574652777778,0.0216888020833333));
#3547=CARTESIAN_POINT('',(0.0422785027573686,0.0469574652777778,0.0216888020833267));
#3548=CARTESIAN_POINT('',(0.0428332909135837,0.046957465277778,0.0214582909135862));
#3549=CARTESIAN_POINT('',(0.0430638020833256,0.0469574652777774,0.0209035027573624));
#3550=CARTESIAN_POINT('',(0.0430638020833333,0.0469574652777778,0.020625));
#3551=CARTESIAN_POINT('',(0.042,0.0470234375,0.0217158203125));
#3552=CARTESIAN_POINT('',(0.0422855761138133,0.0470234375,0.0217158203124935));
#3553=CARTESIAN_POINT('',(0.042854454666897,0.0470234375000003,0.0214794546668995));
#3554=CARTESIAN_POINT('',(0.0430908203124919,0.0470234374999995,0.0209105761138067));
#3555=CARTESIAN_POINT('',(0.0430908203125,0.0470234375,0.020625));
#3556=CARTESIAN_POINT('',(0.042,0.0471455078125,0.02178466796875));
#3557=CARTESIAN_POINT('',(0.0423036003895723,0.0471455078125,0.0217846679687434));
#3558=CARTESIAN_POINT('',(0.0429083839900992,0.0471455078125002,0.0215333839901013));
#3559=CARTESIAN_POINT('',(0.0431596679687411,0.0471455078124997,0.0209286003895658));
#3560=CARTESIAN_POINT('',(0.04315966796875,0.0471455078125,0.020625));
#3561=CARTESIAN_POINT('',(0.042,0.0472013888888889,0.0218263888888889));
#3562=CARTESIAN_POINT('',(0.0423145229018327,0.0472013888888889,0.021826388888882));
#3563=CARTESIAN_POINT('',(0.0429410645649949,0.047201388888889,0.0215660645649967));
#3564=CARTESIAN_POINT('',(0.0432013888888796,0.0472013888888887,0.0209395229018266));
#3565=CARTESIAN_POINT('',(0.0432013888888889,0.0472013888888889,0.020625));
#3566=CARTESIAN_POINT('',(0.042,0.0472986111111111,0.0219236111111111));
#3567=CARTESIAN_POINT('',(0.0423399756222115,0.0472986111111111,0.0219236111111032));
#3568=CARTESIAN_POINT('',(0.0430172200789253,0.0472986111111111,0.0216422200789272));
#3569=CARTESIAN_POINT('',(0.0432986111111014,0.0472986111111113,0.0209649756222058));
#3570=CARTESIAN_POINT('',(0.0432986111111111,0.0472986111111111,0.020625));
#3571=CARTESIAN_POINT('',(0.042,0.04734033203125,0.0219794921875));
#3572=CARTESIAN_POINT('',(0.0423546052550192,0.04734033203125,0.0219794921874912));
#3573=CARTESIAN_POINT('',(0.0430609925004361,0.0473403320312498,0.0216859925004387));
#3574=CARTESIAN_POINT('',(0.0433544921874905,0.0473403320312504,0.0209796052550131));
#3575=CARTESIAN_POINT('',(0.0433544921875,0.04734033203125,0.020625));
#3576=CARTESIAN_POINT('',(0.042,0.0474091796875,0.0221015625));
#3577=CARTESIAN_POINT('',(0.0423865631907656,0.0474091796875,0.0221015624999891));
#3578=CARTESIAN_POINT('',(0.0431566118678131,0.0474091796874998,0.0217816118678183));
#3579=CARTESIAN_POINT('',(0.0434765624999914,0.0474091796875005,0.0210115631907574));
#3580=CARTESIAN_POINT('',(0.0434765625,0.0474091796875,0.020625));
#3581=CARTESIAN_POINT('',(0.042,0.0474361979166667,0.0221675347222222));
#3582=CARTESIAN_POINT('',(0.0424038346795962,0.0474361979166667,0.0221675347222101));
#3583=CARTESIAN_POINT('',(0.0432082888236929,0.0474361979166665,0.0218332888236999));
#3584=CARTESIAN_POINT('',(0.0435425347222143,0.0474361979166671,0.0210288346795863));
#3585=CARTESIAN_POINT('',(0.0435425347222222,0.0474361979166667,0.020625));
#3586=CARTESIAN_POINT('',(0.042,0.0474752604166667,0.0223012152777778));
#3587=CARTESIAN_POINT('',(0.0424388321701201,0.0474752604166667,0.0223012152777637));
#3588=CARTESIAN_POINT('',(0.0433130026553452,0.0474752604166666,0.0219380026553543));
#3589=CARTESIAN_POINT('',(0.0436762152777703,0.0474752604166669,0.0210638321701083));
#3590=CARTESIAN_POINT('',(0.0436762152777778,0.0474752604166667,0.020625));
#3591=CARTESIAN_POINT('',(0.042,0.0474871961805556,0.0223687065972222));
#3592=CARTESIAN_POINT('',(0.0424565013577052,0.0474871961805556,0.0223687065972074));
#3593=CARTESIAN_POINT('',(0.0433658695411313,0.0474871961805555,0.0219908695411407));
#3594=CARTESIAN_POINT('',(0.0437437065972145,0.0474871961805557,0.0210815013576934));
#3595=CARTESIAN_POINT('',(0.0437437065972222,0.0474871961805556,0.020625));
#3596=CARTESIAN_POINT('',(0.042,0.0474996202256944,0.0224994574652778));
#3597=CARTESIAN_POINT('',(0.0424907318577664,0.0474996202256944,0.0224994574652626));
#3598=CARTESIAN_POINT('',(0.0434682885079703,0.0474996202256945,0.0220932885079771));
#3599=CARTESIAN_POINT('',(0.0438744574652676,0.0474996202256945,0.0211157318577579));
#3600=CARTESIAN_POINT('',(0.0438744574652778,0.0474996202256944,0.020625));
#3601=CARTESIAN_POINT('',(0.042,0.0475,0.0225625));
#3602=CARTESIAN_POINT('',(0.0425072363561344,0.0475,0.0225624999999851));
#3603=CARTESIAN_POINT('',(0.0435176705990369,0.0475,0.0221426705990407));
#3604=CARTESIAN_POINT('',(0.0439374999999877,0.0475,0.0211322363561293));
#3605=CARTESIAN_POINT('',(0.0439375,0.0475,0.020625));
#3606=CARTESIAN_POINT('',(0.042,0.0475,0.022625));
#3607=CARTESIAN_POINT('',(0.0425235988192317,0.0475,0.0226249999999855));
#3608=CARTESIAN_POINT('',(0.0435666277151376,0.0475,0.0221916277151381));
#3609=CARTESIAN_POINT('',(0.0439999999999855,0.0475,0.0211485988192308));
#3610=CARTESIAN_POINT('',(0.044,0.0475,0.020625));
#3611=CARTESIAN_POINT('',(0.043,0.0465,0.020625));
#3612=CARTESIAN_POINT('',(0.043,0.046625,0.020625));
#3613=CARTESIAN_POINT('',(0.0430130208333333,0.0468932291666667,0.020625));
#3614=CARTESIAN_POINT('',(0.0432200520833333,0.0472799479166667,0.020625));
#3615=CARTESIAN_POINT('',(0.0436067708333333,0.0474869791666667,0.020625));
#3616=CARTESIAN_POINT('',(0.043875,0.0475,0.020625));
#3617=CARTESIAN_POINT('',(0.044,0.0475,0.020625));
#3618=CARTESIAN_POINT('',(0.042,0.0475,0.022625));
#3619=CARTESIAN_POINT('',(0.042,0.0475,0.0225));
#3620=CARTESIAN_POINT('',(0.042,0.0474869791666667,0.0222317708333333));
#3621=CARTESIAN_POINT('',(0.042,0.0472799479166667,0.0218450520833333));
#3622=CARTESIAN_POINT('',(0.042,0.0468932291666666,0.0216380208333333));
#3623=CARTESIAN_POINT('',(0.042,0.046625,0.021625));
#3624=CARTESIAN_POINT('',(0.042,0.0465,0.021625));
#3625=CARTESIAN_POINT('',(0.031,0.0465,0.021625));
#3626=CARTESIAN_POINT('',(0.042,0.0465,0.021625));
#3627=CARTESIAN_POINT('',(0.031,0.04665,0.021625));
#3628=CARTESIAN_POINT('',(0.042,0.04665,0.021625));
#3629=CARTESIAN_POINT('',(0.031,0.0468,0.021625));
#3630=CARTESIAN_POINT('',(0.042,0.0468,0.021625));
#3631=CARTESIAN_POINT('',(0.031,0.0471666666666667,0.021725));
#3632=CARTESIAN_POINT('',(0.042,0.0471666666666667,0.021725));
#3633=CARTESIAN_POINT('',(0.031,0.0474,0.0219583333333333));
#3634=CARTESIAN_POINT('',(0.042,0.0474,0.0219583333333333));
#3635=CARTESIAN_POINT('',(0.031,0.0475,0.022325));
#3636=CARTESIAN_POINT('',(0.042,0.0475,0.022325));
#3637=CARTESIAN_POINT('',(0.031,0.0475,0.022475));
#3638=CARTESIAN_POINT('',(0.042,0.0475,0.022475));
#3639=CARTESIAN_POINT('',(0.031,0.0475,0.022625));
#3640=CARTESIAN_POINT('',(0.042,0.0475,0.022625));
#3641=CARTESIAN_POINT('',(0.031,0.0465,0.021625));
#3642=CARTESIAN_POINT('',(0.031,0.046625,0.021625));
#3643=CARTESIAN_POINT('',(0.031,0.0468932291666666,0.0216380208333333));
#3644=CARTESIAN_POINT('',(0.031,0.0472799479166667,0.0218450520833333));
#3645=CARTESIAN_POINT('',(0.031,0.0474869791666667,0.0222317708333333));
#3646=CARTESIAN_POINT('',(0.031,0.0475,0.0225));
#3647=CARTESIAN_POINT('',(0.031,0.0475,0.022625));
#3648=CARTESIAN_POINT('',(0.043,0.0465,0.020625));
#3649=CARTESIAN_POINT('',(0.043,0.0465,0.016625));
#3650=CARTESIAN_POINT('',(0.043,0.04665,0.020625));
#3651=CARTESIAN_POINT('',(0.043,0.04665,0.016625));
#3652=CARTESIAN_POINT('',(0.043,0.0468,0.020625));
#3653=CARTESIAN_POINT('',(0.043,0.0468,0.016625));
#3654=CARTESIAN_POINT('',(0.0431,0.0471666666666667,0.020625));
#3655=CARTESIAN_POINT('',(0.0431,0.0471666666666667,0.016625));
#3656=CARTESIAN_POINT('',(0.0433333333333333,0.0474,0.020625));
#3657=CARTESIAN_POINT('',(0.0433333333333333,0.0474,0.016625));
#3658=CARTESIAN_POINT('',(0.0437,0.0475,0.020625));
#3659=CARTESIAN_POINT('',(0.0437,0.0475,0.016625));
#3660=CARTESIAN_POINT('',(0.04385,0.0475,0.020625));
#3661=CARTESIAN_POINT('',(0.04385,0.0475,0.016625));
#3662=CARTESIAN_POINT('',(0.044,0.0475,0.020625));
#3663=CARTESIAN_POINT('',(0.044,0.0475,0.016625));
#3664=CARTESIAN_POINT('',(0.044,0.0475,0.016625));
#3665=CARTESIAN_POINT('',(0.043875,0.0475,0.016625));
#3666=CARTESIAN_POINT('',(0.0436067708333333,0.0474869791666667,0.016625));
#3667=CARTESIAN_POINT('',(0.0432200520833334,0.0472799479166667,0.016625));
#3668=CARTESIAN_POINT('',(0.0430130208333333,0.0468932291666667,0.016625));
#3669=CARTESIAN_POINT('',(0.043,0.046625,0.016625));
#3670=CARTESIAN_POINT('',(0.043,0.0465,0.016625));
#3671=CARTESIAN_POINT('',(0.03,0.0465,0.020625));
#3672=CARTESIAN_POINT('',(0.03,0.0465,0.0208867994096158));
#3673=CARTESIAN_POINT('',(0.0302166861424344,0.0465,0.0214083138575652));
#3674=CARTESIAN_POINT('',(0.0307382005903851,0.0465,0.021625));
#3675=CARTESIAN_POINT('',(0.031,0.0465,0.021625));
#3676=CARTESIAN_POINT('',(0.03,0.0465625,0.020625));
#3677=CARTESIAN_POINT('',(0.0300000000000004,0.0465625,0.0208867994096158));
#3678=CARTESIAN_POINT('',(0.0302166861424342,0.0465625,0.0214083138575667));
#3679=CARTESIAN_POINT('',(0.0307382005903851,0.0465625,0.021624999999997));
#3680=CARTESIAN_POINT('',(0.031,0.0465625,0.021625));
#3681=CARTESIAN_POINT('',(0.0299996202256944,0.0466255425347222,0.020625));
#3682=CARTESIAN_POINT('',(0.0299996202256945,0.0466255425347222,0.0208868988343048));
#3683=CARTESIAN_POINT('',(0.0302163886599581,0.0466255425347222,0.0214086113400437));
#3684=CARTESIAN_POINT('',(0.0307381011656961,0.0466255425347222,0.021625379774301));
#3685=CARTESIAN_POINT('',(0.031,0.0466255425347222,0.0216253797743056));
#3686=CARTESIAN_POINT('',(0.0299871961805556,0.0467562934027778,0.020625));
#3687=CARTESIAN_POINT('',(0.0299871961805557,0.0467562934027778,0.0208901514419869));
#3688=CARTESIAN_POINT('',(0.0302066567332336,0.0467562934027778,0.0214183432667691));
#3689=CARTESIAN_POINT('',(0.0307348485580141,0.0467562934027778,0.0216378038194381));
#3690=CARTESIAN_POINT('',(0.031,0.0467562934027778,0.0216378038194444));
#3691=CARTESIAN_POINT('',(0.0299752604166667,0.0468237847222222,0.020625));
#3692=CARTESIAN_POINT('',(0.029975260416667,0.0468237847222222,0.0208932762179261));
#3693=CARTESIAN_POINT('',(0.0301973072839785,0.0468237847222222,0.0214276927160241));
#3694=CARTESIAN_POINT('',(0.030731723782075,0.0468237847222222,0.0216497395833268));
#3695=CARTESIAN_POINT('',(0.031,0.0468237847222222,0.0216497395833333));
#3696=CARTESIAN_POINT('',(0.0299361979166667,0.0469574652777778,0.020625));
#3697=CARTESIAN_POINT('',(0.0299361979166682,0.0469574652777778,0.0209035027573638));
#3698=CARTESIAN_POINT('',(0.0301667090864164,0.0469574652777778,0.0214582909135855));
#3699=CARTESIAN_POINT('',(0.0307214972426376,0.0469574652777778,0.0216888020833267));
#3700=CARTESIAN_POINT('',(0.031,0.0469574652777778,0.0216888020833333));
#3701=CARTESIAN_POINT('',(0.0299091796875,0.0470234375,0.020625));
#3702=CARTESIAN_POINT('',(0.0299091796875024,0.0470234375,0.0209105761138083));
#3703=CARTESIAN_POINT('',(0.0301455453331026,0.0470234375,0.0214794546668987));
#3704=CARTESIAN_POINT('',(0.0307144238861933,0.0470234375,0.0217158203124934));
#3705=CARTESIAN_POINT('',(0.031,0.0470234375,0.0217158203125));
#3706=CARTESIAN_POINT('',(0.02984033203125,0.0471455078125,0.020625));
#3707=CARTESIAN_POINT('',(0.0298403320312541,0.0471455078125,0.0209286003895681));
#3708=CARTESIAN_POINT('',(0.0300916160099,0.0471455078125,0.0215333839901002));
#3709=CARTESIAN_POINT('',(0.0306963996104342,0.0471455078125,0.0217846679687433));
#3710=CARTESIAN_POINT('',(0.031,0.0471455078125,0.02178466796875));
#3711=CARTESIAN_POINT('',(0.0297986111111111,0.0472013888888889,0.020625));
#3712=CARTESIAN_POINT('',(0.029798611111116,0.0472013888888889,0.0209395229018294));
#3713=CARTESIAN_POINT('',(0.0300589354350043,0.0472013888888889,0.0215660645649953));
#3714=CARTESIAN_POINT('',(0.0306854770981734,0.0472013888888889,0.021826388888882));
#3715=CARTESIAN_POINT('',(0.031,0.0472013888888889,0.0218263888888889));
#3716=CARTESIAN_POINT('',(0.0297013888888889,0.0472986111111111,0.020625));
#3717=CARTESIAN_POINT('',(0.0297013888888949,0.0472986111111111,0.0209649756222096));
#3718=CARTESIAN_POINT('',(0.0299827799210737,0.0472986111111111,0.0216422200789253));
#3719=CARTESIAN_POINT('',(0.0306600243777943,0.0472986111111111,0.0219236111111032));
#3720=CARTESIAN_POINT('',(0.031,0.0472986111111111,0.0219236111111111));
#3721=CARTESIAN_POINT('',(0.0296455078125,0.04734033203125,0.020625));
#3722=CARTESIAN_POINT('',(0.0296455078125064,0.04734033203125,0.0209796052550175));
#3723=CARTESIAN_POINT('',(0.0299390074995625,0.04734033203125,0.0216859925004365));
#3724=CARTESIAN_POINT('',(0.0306453947449869,0.04734033203125,0.0219794921874912));
#3725=CARTESIAN_POINT('',(0.031,0.04734033203125,0.0219794921875));
#3726=CARTESIAN_POINT('',(0.0295234375,0.0474091796875,0.020625));
#3727=CARTESIAN_POINT('',(0.0295234375000071,0.0474091796875,0.0210115631907625));
#3728=CARTESIAN_POINT('',(0.0298433881321836,0.0474091796875,0.0217816118678157));
#3729=CARTESIAN_POINT('',(0.0306134368092427,0.0474091796875,0.0221015624999891));
#3730=CARTESIAN_POINT('',(0.031,0.0474091796875,0.0221015625));
#3731=CARTESIAN_POINT('',(0.0294574652777778,0.0474361979166667,0.020625));
#3732=CARTESIAN_POINT('',(0.0294574652777852,0.0474361979166667,0.0210288346795917));
#3733=CARTESIAN_POINT('',(0.0297917111763025,0.0474361979166667,0.0218332888236972));
#3734=CARTESIAN_POINT('',(0.0305961653204137,0.0474361979166667,0.0221675347222101));
#3735=CARTESIAN_POINT('',(0.031,0.0474361979166667,0.0221675347222222));
#3736=CARTESIAN_POINT('',(0.0293237847222222,0.0474752604166667,0.020625));
#3737=CARTESIAN_POINT('',(0.0293237847222307,0.0474752604166667,0.0210638321701135));
#3738=CARTESIAN_POINT('',(0.0296869973446485,0.0474752604166667,0.0219380026553517));
#3739=CARTESIAN_POINT('',(0.0305611678298917,0.0474752604166667,0.0223012152777637));
#3740=CARTESIAN_POINT('',(0.031,0.0474752604166667,0.0223012152777778));
#3741=CARTESIAN_POINT('',(0.0292562934027778,0.0474871961805556,0.020625));
#3742=CARTESIAN_POINT('',(0.0292562934027871,0.0474871961805556,0.0210815013576981));
#3743=CARTESIAN_POINT('',(0.029634130458862,0.0474871961805556,0.0219908695411384));
#3744=CARTESIAN_POINT('',(0.0305434986423067,0.0474871961805556,0.0223687065972074));
#3745=CARTESIAN_POINT('',(0.031,0.0474871961805556,0.0223687065972222));
#3746=CARTESIAN_POINT('',(0.0291255425347222,0.0474996202256944,0.020625));
#3747=CARTESIAN_POINT('',(0.0291255425347338,0.0474996202256944,0.021115731857761));
#3748=CARTESIAN_POINT('',(0.0295317114920247,0.0474996202256944,0.0220932885079755));
#3749=CARTESIAN_POINT('',(0.0305092681422422,0.0474996202256944,0.0224994574652626));
#3750=CARTESIAN_POINT('',(0.031,0.0474996202256944,0.0224994574652778));
#3751=CARTESIAN_POINT('',(0.0290625,0.0475,0.020625));
#3752=CARTESIAN_POINT('',(0.029062500000013,0.0475,0.0211322363561314));
#3753=CARTESIAN_POINT('',(0.0294823294009603,0.0475,0.0221426705990396));
#3754=CARTESIAN_POINT('',(0.0304927636438708,0.0475,0.0225624999999851));
#3755=CARTESIAN_POINT('',(0.031,0.0475,0.0225625));
#3756=CARTESIAN_POINT('',(0.029,0.0475,0.020625));
#3757=CARTESIAN_POINT('',(0.0290000000000146,0.0475,0.0211485988192317));
#3758=CARTESIAN_POINT('',(0.0294333722848619,0.0475,0.0221916277151376));
#3759=CARTESIAN_POINT('',(0.0304764011807693,0.0475,0.0226249999999855));
#3760=CARTESIAN_POINT('',(0.031,0.0475,0.022625));
#3761=CARTESIAN_POINT('',(0.029,0.0475,0.020625));
#3762=CARTESIAN_POINT('',(0.029125,0.0475,0.020625));
#3763=CARTESIAN_POINT('',(0.0293932291666667,0.0474869791666667,0.020625));
#3764=CARTESIAN_POINT('',(0.0297799479166667,0.0472799479166667,0.020625));
#3765=CARTESIAN_POINT('',(0.0299869791666667,0.0468932291666667,0.020625));
#3766=CARTESIAN_POINT('',(0.03,0.046625,0.020625));
#3767=CARTESIAN_POINT('',(0.03,0.0465,0.020625));
#3768=CARTESIAN_POINT('',(0.043,0.0465,0.016625));
#3769=CARTESIAN_POINT('',(0.043,0.0465,0.0163632005903851));
#3770=CARTESIAN_POINT('',(0.0427833138575638,0.0465,0.0158416861424344));
#3771=CARTESIAN_POINT('',(0.0422617994096185,0.0465,0.015625));
#3772=CARTESIAN_POINT('',(0.042,0.0465,0.015625));
#3773=CARTESIAN_POINT('',(0.043,0.0465625,0.016625));
#3774=CARTESIAN_POINT('',(0.042999999999997,0.0465625,0.0163632005903851));
#3775=CARTESIAN_POINT('',(0.0427833138575654,0.0465625,0.0158416861424342));
#3776=CARTESIAN_POINT('',(0.0422617994096185,0.0465625,0.0156250000000004));
#3777=CARTESIAN_POINT('',(0.042,0.0465625,0.015625));
#3778=CARTESIAN_POINT('',(0.0430003797743056,0.0466255425347222,0.016625));
#3779=CARTESIAN_POINT('',(0.043000379774301,0.0466255425347222,0.0163631011656961));
#3780=CARTESIAN_POINT('',(0.0427836113400425,0.0466255425347222,0.0158413886599581));
#3781=CARTESIAN_POINT('',(0.0422618988343074,0.0466255425347222,0.0156246202256946));
#3782=CARTESIAN_POINT('',(0.042,0.0466255425347222,0.0156246202256944));
#3783=CARTESIAN_POINT('',(0.0430128038194444,0.0467562934027778,0.016625));
#3784=CARTESIAN_POINT('',(0.0430128038194377,0.0467562934027773,0.0163598485580137));
#3785=CARTESIAN_POINT('',(0.0427933432667685,0.046756293402778,0.0158316567332337));
#3786=CARTESIAN_POINT('',(0.0422651514419885,0.0467562934027778,0.0156121961805558));
#3787=CARTESIAN_POINT('',(0.042,0.0467562934027778,0.0156121961805556));
#3788=CARTESIAN_POINT('',(0.0430247395833333,0.0468237847222222,0.016625));
#3789=CARTESIAN_POINT('',(0.0430247395833261,0.0468237847222214,0.0163567237820742));
#3790=CARTESIAN_POINT('',(0.0428026927160241,0.0468237847222226,0.0158223072839787));
#3791=CARTESIAN_POINT('',(0.0422682762179268,0.0468237847222222,0.0156002604166673));
#3792=CARTESIAN_POINT('',(0.042,0.0468237847222222,0.0156002604166667));
#3793=CARTESIAN_POINT('',(0.0430638020833333,0.0469574652777778,0.016625));
#3794=CARTESIAN_POINT('',(0.0430638020833252,0.0469574652777765,0.016346497242636));
#3795=CARTESIAN_POINT('',(0.042833290913587,0.0469574652777784,0.0157917090864169));
#3796=CARTESIAN_POINT('',(0.0422785027573624,0.0469574652777778,0.0155611979166687));
#3797=CARTESIAN_POINT('',(0.042,0.0469574652777778,0.0155611979166667));
#3798=CARTESIAN_POINT('',(0.0430908203125,0.0470234375,0.016625));
#3799=CARTESIAN_POINT('',(0.0430908203124915,0.0470234374999986,0.0163394238861911));
#3800=CARTESIAN_POINT('',(0.0428544546669009,0.0470234375000007,0.0157705453331034));
#3801=CARTESIAN_POINT('',(0.0422855761138057,0.0470234375,0.015534179687503));
#3802=CARTESIAN_POINT('',(0.042,0.0470234375,0.0155341796875));
#3803=CARTESIAN_POINT('',(0.04315966796875,0.0471455078125,0.016625));
#3804=CARTESIAN_POINT('',(0.0431596679687409,0.0471455078124989,0.016321399610431));
#3805=CARTESIAN_POINT('',(0.0429083839901036,0.0471455078125005,0.0157166160099011));
#3806=CARTESIAN_POINT('',(0.0423036003895636,0.0471455078125,0.0154653320312549));
#3807=CARTESIAN_POINT('',(0.042,0.0471455078125,0.01546533203125));
#3808=CARTESIAN_POINT('',(0.0432013888888889,0.0472013888888889,0.016625));
#3809=CARTESIAN_POINT('',(0.0432013888888794,0.0472013888888883,0.0163104770981697));
#3810=CARTESIAN_POINT('',(0.0429410645649991,0.0472013888888892,0.0156839354350057));
#3811=CARTESIAN_POINT('',(0.0423145229018243,0.0472013888888889,0.0154236111111169));
#3812=CARTESIAN_POINT('',(0.042,0.0472013888888889,0.0154236111111111));
#3813=CARTESIAN_POINT('',(0.0432986111111111,0.0472986111111111,0.016625));
#3814=CARTESIAN_POINT('',(0.0432986111111011,0.0472986111111117,0.0162850243777895));
#3815=CARTESIAN_POINT('',(0.0430172200789291,0.0472986111111108,0.0156077799210755));
#3816=CARTESIAN_POINT('',(0.0423399756222042,0.0472986111111111,0.0153263888888962));
#3817=CARTESIAN_POINT('',(0.042,0.0472986111111111,0.0153263888888889));
#3818=CARTESIAN_POINT('',(0.0433544921875,0.04734033203125,0.016625));
#3819=CARTESIAN_POINT('',(0.0433544921874897,0.047340332031251,0.0162703947449816));
#3820=CARTESIAN_POINT('',(0.0430609925004398,0.0473403320312495,0.0155640074995644));
#3821=CARTESIAN_POINT('',(0.0423546052550124,0.04734033203125,0.0152705078125079));
#3822=CARTESIAN_POINT('',(0.042,0.04734033203125,0.0152705078125));
#3823=CARTESIAN_POINT('',(0.0434765625,0.0474091796875,0.016625));
#3824=CARTESIAN_POINT('',(0.0434765624999893,0.0474091796875014,0.0162384368092364));
#3825=CARTESIAN_POINT('',(0.0431566118678175,0.0474091796874993,0.0154683881321857));
#3826=CARTESIAN_POINT('',(0.0423865631907586,0.0474091796875,0.0151484375000093));
#3827=CARTESIAN_POINT('',(0.042,0.0474091796875,0.0151484375));
#3828=CARTESIAN_POINT('',(0.0435425347222222,0.0474361979166667,0.016625));
#3829=CARTESIAN_POINT('',(0.0435425347222113,0.047436197916668,0.0162211653204071));
#3830=CARTESIAN_POINT('',(0.0432082888236981,0.047436197916666,0.0154167111763045));
#3831=CARTESIAN_POINT('',(0.0424038346795886,0.0474361979166667,0.0150824652777878));
#3832=CARTESIAN_POINT('',(0.042,0.0474361979166667,0.0150824652777778));
#3833=CARTESIAN_POINT('',(0.0436762152777778,0.0474752604166667,0.016625));
#3834=CARTESIAN_POINT('',(0.0436762152777663,0.0474752604166675,0.0161861678298855));
#3835=CARTESIAN_POINT('',(0.0433130026553512,0.0474752604166663,0.0153119973446501));
#3836=CARTESIAN_POINT('',(0.0424388321701119,0.0474752604166667,0.0149487847222336));
#3837=CARTESIAN_POINT('',(0.042,0.0474752604166667,0.0149487847222222));
#3838=CARTESIAN_POINT('',(0.0437437065972222,0.0474871961805556,0.016625));
#3839=CARTESIAN_POINT('',(0.0437437065972103,0.047487196180556,0.0161684986423012));
#3840=CARTESIAN_POINT('',(0.0433658695411373,0.0474871961805553,0.0152591304588634));
#3841=CARTESIAN_POINT('',(0.0424565013576971,0.0474871961805556,0.0148812934027899));
#3842=CARTESIAN_POINT('',(0.042,0.0474871961805556,0.0148812934027778));
#3843=CARTESIAN_POINT('',(0.0438744574652778,0.0474996202256944,0.016625));
#3844=CARTESIAN_POINT('',(0.0438744574652648,0.0474996202256945,0.0161342681422392));
#3845=CARTESIAN_POINT('',(0.0434682885079745,0.0474996202256944,0.0151567114920253));
#3846=CARTESIAN_POINT('',(0.0424907318577607,0.0474996202256944,0.0147505425347356));
#3847=CARTESIAN_POINT('',(0.042,0.0474996202256944,0.0147505425347222));
#3848=CARTESIAN_POINT('',(0.0439375,0.0475,0.016625));
#3849=CARTESIAN_POINT('',(0.0439374999999863,0.0475,0.0161177636438695));
#3850=CARTESIAN_POINT('',(0.0435176705990391,0.0475,0.0151073294009604));
#3851=CARTESIAN_POINT('',(0.0425072363561311,0.0475,0.014687500000014));
#3852=CARTESIAN_POINT('',(0.042,0.0475,0.0146875));
#3853=CARTESIAN_POINT('',(0.044,0.0475,0.016625));
#3854=CARTESIAN_POINT('',(0.0439999999999855,0.0475,0.0161014011807691));
#3855=CARTESIAN_POINT('',(0.0435666277151377,0.0475,0.0150583722848619));
#3856=CARTESIAN_POINT('',(0.0425235988192315,0.0475,0.0146250000000145));
#3857=CARTESIAN_POINT('',(0.042,0.0475,0.014625));
#3858=CARTESIAN_POINT('',(0.042,0.0465,0.015625));
#3859=CARTESIAN_POINT('',(0.042,0.046625,0.015625));
#3860=CARTESIAN_POINT('',(0.042,0.0468932291666667,0.0156119791666657));
#3861=CARTESIAN_POINT('',(0.042,0.0472799479166667,0.0154049479166618));
#3862=CARTESIAN_POINT('',(0.042,0.0474869791666667,0.0150182291666694));
#3863=CARTESIAN_POINT('',(0.042,0.0475,0.014750000000004));
#3864=CARTESIAN_POINT('',(0.042,0.0475,0.014625));
#3865=CARTESIAN_POINT('',(0.03,0.0465,0.016625));
#3866=CARTESIAN_POINT('',(0.03,0.0465,0.020625));
#3867=CARTESIAN_POINT('',(0.03,0.04665,0.016625));
#3868=CARTESIAN_POINT('',(0.03,0.04665,0.020625));
#3869=CARTESIAN_POINT('',(0.03,0.0468,0.016625));
#3870=CARTESIAN_POINT('',(0.03,0.0468,0.020625));
#3871=CARTESIAN_POINT('',(0.0299,0.0471666666666667,0.016625));
#3872=CARTESIAN_POINT('',(0.0299,0.0471666666666667,0.020625));
#3873=CARTESIAN_POINT('',(0.0296666666666667,0.0474,0.016625));
#3874=CARTESIAN_POINT('',(0.0296666666666667,0.0474,0.020625));
#3875=CARTESIAN_POINT('',(0.0293,0.0475,0.016625));
#3876=CARTESIAN_POINT('',(0.0293,0.0475,0.020625));
#3877=CARTESIAN_POINT('',(0.02915,0.0475,0.016625));
#3878=CARTESIAN_POINT('',(0.02915,0.0475,0.020625));
#3879=CARTESIAN_POINT('',(0.029,0.0475,0.016625));
#3880=CARTESIAN_POINT('',(0.029,0.0475,0.020625));
#3881=CARTESIAN_POINT('',(0.03,0.0465,0.016625));
#3882=CARTESIAN_POINT('',(0.03,0.046625,0.016625));
#3883=CARTESIAN_POINT('',(0.0299869791666667,0.0468932291666667,0.016625));
#3884=CARTESIAN_POINT('',(0.0297799479166667,0.0472799479166667,0.016625));
#3885=CARTESIAN_POINT('',(0.0293932291666667,0.0474869791666667,0.016625));
#3886=CARTESIAN_POINT('',(0.029125,0.0475,0.016625));
#3887=CARTESIAN_POINT('',(0.029,0.0475,0.016625));
#3888=CARTESIAN_POINT('',(0.042,0.0465,0.015625));
#3889=CARTESIAN_POINT('',(0.031,0.0465,0.015625));
#3890=CARTESIAN_POINT('',(0.042,0.04665,0.015625));
#3891=CARTESIAN_POINT('',(0.031,0.04665,0.015625));
#3892=CARTESIAN_POINT('',(0.042,0.0468,0.015625));
#3893=CARTESIAN_POINT('',(0.031,0.0468,0.015625));
#3894=CARTESIAN_POINT('',(0.042,0.0471666666666667,0.0155249999999952));
#3895=CARTESIAN_POINT('',(0.031,0.0471666666666667,0.0155249999999952));
#3896=CARTESIAN_POINT('',(0.042,0.0474,0.0152916666666619));
#3897=CARTESIAN_POINT('',(0.031,0.0474,0.0152916666666619));
#3898=CARTESIAN_POINT('',(0.042,0.0475,0.0149250000000048));
#3899=CARTESIAN_POINT('',(0.031,0.0475,0.0149250000000048));
#3900=CARTESIAN_POINT('',(0.042,0.0475,0.0147750000000048));
#3901=CARTESIAN_POINT('',(0.031,0.0475,0.0147750000000048));
#3902=CARTESIAN_POINT('',(0.042,0.0475,0.014625));
#3903=CARTESIAN_POINT('',(0.031,0.0475,0.014625));
#3904=CARTESIAN_POINT('',(0.031,0.0475,0.014625));
#3905=CARTESIAN_POINT('',(0.031,0.0475,0.014750000000004));
#3906=CARTESIAN_POINT('',(0.031,0.0474869791666667,0.0150182291666694));
#3907=CARTESIAN_POINT('',(0.031,0.0472799479166667,0.0154049479166618));
#3908=CARTESIAN_POINT('',(0.031,0.0468932291666667,0.0156119791666657));
#3909=CARTESIAN_POINT('',(0.031,0.046625,0.015625));
#3910=CARTESIAN_POINT('',(0.031,0.0465,0.015625));
#3911=CARTESIAN_POINT('',(0.031,0.0465,0.015625));
#3912=CARTESIAN_POINT('',(0.0307382005903852,0.0465,0.015625));
#3913=CARTESIAN_POINT('',(0.0302166861424343,0.0465,0.0158416861424345));
#3914=CARTESIAN_POINT('',(0.03,0.0465,0.016363200590385));
#3915=CARTESIAN_POINT('',(0.03,0.0465,0.016625));
#3916=CARTESIAN_POINT('',(0.031,0.0465625,0.015625));
#3917=CARTESIAN_POINT('',(0.0307382005903852,0.0465625,0.0156250000000019));
#3918=CARTESIAN_POINT('',(0.0302166861424334,0.0465625,0.0158416861424335));
#3919=CARTESIAN_POINT('',(0.0300000000000019,0.0465625,0.016363200590385));
#3920=CARTESIAN_POINT('',(0.03,0.0465625,0.016625));
#3921=CARTESIAN_POINT('',(0.031,0.0466255425347222,0.0156246202256944));
#3922=CARTESIAN_POINT('',(0.0307381011656962,0.0466255425347222,0.0156246202256968));
#3923=CARTESIAN_POINT('',(0.0302163886599568,0.0466255425347222,0.015841388659957));
#3924=CARTESIAN_POINT('',(0.0299996202256968,0.0466255425347222,0.016363101165696));
#3925=CARTESIAN_POINT('',(0.0299996202256944,0.0466255425347222,0.016625));
#3926=CARTESIAN_POINT('',(0.031,0.0467562934027778,0.0156121961805556));
#3927=CARTESIAN_POINT('',(0.0307348485580138,0.0467562934027778,0.0156121961805589));
#3928=CARTESIAN_POINT('',(0.0302066567332321,0.0467562934027778,0.0158316567332322));
#3929=CARTESIAN_POINT('',(0.0299871961805588,0.0467562934027778,0.0163598485580136));
#3930=CARTESIAN_POINT('',(0.0299871961805556,0.0467562934027778,0.016625));
#3931=CARTESIAN_POINT('',(0.031,0.0468237847222222,0.0156002604166667));
#3932=CARTESIAN_POINT('',(0.0307317237820743,0.0468237847222222,0.0156002604166704));
#3933=CARTESIAN_POINT('',(0.0301973072839772,0.0468237847222222,0.0158223072839773));
#3934=CARTESIAN_POINT('',(0.0299752604166702,0.0468237847222222,0.0163567237820741));
#3935=CARTESIAN_POINT('',(0.0299752604166667,0.0468237847222222,0.016625));
#3936=CARTESIAN_POINT('',(0.031,0.0469574652777778,0.0155611979166667));
#3937=CARTESIAN_POINT('',(0.0307214972426361,0.0469574652777778,0.0155611979166716));
#3938=CARTESIAN_POINT('',(0.0301667090864156,0.0469574652777778,0.0157917090864156));
#3939=CARTESIAN_POINT('',(0.0299361979166712,0.0469574652777778,0.0163464972426358));
#3940=CARTESIAN_POINT('',(0.0299361979166667,0.0469574652777778,0.016625));
#3941=CARTESIAN_POINT('',(0.031,0.0470234375,0.0155341796875));
#3942=CARTESIAN_POINT('',(0.0307144238861914,0.0470234375,0.0155341796875056));
#3943=CARTESIAN_POINT('',(0.0301455453331022,0.0470234375,0.0157705453331021));
#3944=CARTESIAN_POINT('',(0.0299091796875052,0.0470234375,0.016339423886191));
#3945=CARTESIAN_POINT('',(0.0299091796875,0.0470234375,0.016625));
#3946=CARTESIAN_POINT('',(0.031,0.0471455078125,0.01546533203125));
#3947=CARTESIAN_POINT('',(0.0306963996104316,0.0471455078125,0.0154653320312571));
#3948=CARTESIAN_POINT('',(0.0300916160099001,0.0471455078125,0.0157166160099001));
#3949=CARTESIAN_POINT('',(0.0298403320312565,0.0471455078125,0.0163213996104309));
#3950=CARTESIAN_POINT('',(0.02984033203125,0.0471455078125,0.016625));
#3951=CARTESIAN_POINT('',(0.031,0.0472013888888889,0.0154236111111111));
#3952=CARTESIAN_POINT('',(0.0306854770981705,0.0472013888888889,0.0154236111111189));
#3953=CARTESIAN_POINT('',(0.0300589354350047,0.0472013888888889,0.0156839354350048));
#3954=CARTESIAN_POINT('',(0.0297986111111182,0.0472013888888889,0.0163104770981696));
#3955=CARTESIAN_POINT('',(0.0297986111111111,0.0472013888888889,0.016625));
#3956=CARTESIAN_POINT('',(0.031,0.0472986111111111,0.0153263888888889));
#3957=CARTESIAN_POINT('',(0.0306600243777913,0.0472986111111111,0.0153263888888978));
#3958=CARTESIAN_POINT('',(0.029982779921074,0.0472986111111111,0.0156077799210747));
#3959=CARTESIAN_POINT('',(0.0297013888888973,0.0472986111111111,0.0162850243777893));
#3960=CARTESIAN_POINT('',(0.0297013888888889,0.0472986111111111,0.016625));
#3961=CARTESIAN_POINT('',(0.031,0.04734033203125,0.0152705078125));
#3962=CARTESIAN_POINT('',(0.0306453947449841,0.04734033203125,0.0152705078125093));
#3963=CARTESIAN_POINT('',(0.0299390074995625,0.04734033203125,0.0155640074995637));
#3964=CARTESIAN_POINT('',(0.0296455078125092,0.04734033203125,0.0162703947449814));
#3965=CARTESIAN_POINT('',(0.0296455078125,0.04734033203125,0.016625));
#3966=CARTESIAN_POINT('',(0.031,0.0474091796875,0.0151484375));
#3967=CARTESIAN_POINT('',(0.0306134368092406,0.0474091796875,0.0151484375000103));
#3968=CARTESIAN_POINT('',(0.0298433881321826,0.0474091796875,0.0154683881321853));
#3969=CARTESIAN_POINT('',(0.0295234375000112,0.0474091796875,0.0162384368092362));
#3970=CARTESIAN_POINT('',(0.0295234375,0.0474091796875,0.016625));
#3971=CARTESIAN_POINT('',(0.031,0.0474361979166667,0.0150824652777778));
#3972=CARTESIAN_POINT('',(0.0305961653204121,0.0474361979166667,0.0150824652777885));
#3973=CARTESIAN_POINT('',(0.0297917111763009,0.0474361979166667,0.0154167111763042));
#3974=CARTESIAN_POINT('',(0.0294574652777901,0.0474361979166667,0.0162211653204069));
#3975=CARTESIAN_POINT('',(0.0294574652777778,0.0474361979166667,0.016625));
#3976=CARTESIAN_POINT('',(0.031,0.0474752604166667,0.0149487847222222));
#3977=CARTESIAN_POINT('',(0.030561167829891,0.0474752604166667,0.014948784722234));
#3978=CARTESIAN_POINT('',(0.029686997344646,0.0474752604166667,0.0153119973446501));
#3979=CARTESIAN_POINT('',(0.0293237847222364,0.0474752604166667,0.0161861678298853));
#3980=CARTESIAN_POINT('',(0.0293237847222222,0.0474752604166667,0.016625));
#3981=CARTESIAN_POINT('',(0.031,0.0474871961805556,0.0148812934027778));
#3982=CARTESIAN_POINT('',(0.0305434986423064,0.0474871961805556,0.0148812934027901));
#3983=CARTESIAN_POINT('',(0.0296341304588594,0.0474871961805556,0.0152591304588634));
#3984=CARTESIAN_POINT('',(0.0292562934027926,0.0474871961805556,0.016168498642301));
#3985=CARTESIAN_POINT('',(0.0292562934027778,0.0474871961805556,0.016625));
#3986=CARTESIAN_POINT('',(0.031,0.0474996202256944,0.0147505425347222));
#3987=CARTESIAN_POINT('',(0.0305092681422423,0.0474996202256944,0.0147505425347356));
#3988=CARTESIAN_POINT('',(0.0295317114920228,0.0474996202256944,0.0151567114920254));
#3989=CARTESIAN_POINT('',(0.0291255425347374,0.0474996202256944,0.016134268142239));
#3990=CARTESIAN_POINT('',(0.0291255425347222,0.0474996202256944,0.016625));
#3991=CARTESIAN_POINT('',(0.031,0.0475,0.0146875));
#3992=CARTESIAN_POINT('',(0.0304927636438709,0.0475,0.014687500000014));
#3993=CARTESIAN_POINT('',(0.0294823294009592,0.0475,0.0151073294009605));
#3994=CARTESIAN_POINT('',(0.0290625000000149,0.0475,0.0161177636438693));
#3995=CARTESIAN_POINT('',(0.0290625,0.0475,0.016625));
#3996=CARTESIAN_POINT('',(0.031,0.0475,0.014625));
#3997=CARTESIAN_POINT('',(0.0304764011807694,0.0475,0.0146250000000145));
#3998=CARTESIAN_POINT('',(0.0294333722848618,0.0475,0.0150583722848621));
#3999=CARTESIAN_POINT('',(0.0290000000000146,0.0475,0.0161014011807689));
#4000=CARTESIAN_POINT('',(0.029,0.0475,0.016625));
#4001=CARTESIAN_POINT('',(0.055,-0.04804,0.001));
#4002=CARTESIAN_POINT('',(0.055,0.04304,0.001));
#4003=CARTESIAN_POINT('',(0.055,-0.04804,0.00085));
#4004=CARTESIAN_POINT('',(0.055,0.04304,0.00085));
#4005=CARTESIAN_POINT('',(0.055,-0.04804,0.0007));
#4006=CARTESIAN_POINT('',(0.055,0.04304,0.0007));
#4007=CARTESIAN_POINT('',(0.0549,-0.04804,0.000333333333333317));
#4008=CARTESIAN_POINT('',(0.0549,0.04304,0.000333333333333317));
#4009=CARTESIAN_POINT('',(0.0546666666666667,-0.04804,9.99999999999881E-5));
#4010=CARTESIAN_POINT('',(0.0546666666666667,0.04304,9.99999999999881E-5));
#4011=CARTESIAN_POINT('',(0.0543,-0.04804,-4.21745971479477E-18));
#4012=CARTESIAN_POINT('',(0.0543,0.04304,-4.21745971479477E-18));
#4013=CARTESIAN_POINT('',(0.05415,-0.04804,8.67361737988404E-19));
#4014=CARTESIAN_POINT('',(0.05415,0.04304,8.67361737988404E-19));
#4015=CARTESIAN_POINT('',(0.054,-0.04804,8.67361737988404E-19));
#4016=CARTESIAN_POINT('',(0.054,0.04304,8.67361737988404E-19));
#4017=CARTESIAN_POINT('',(-0.055,-0.0475,0.029));
#4018=CARTESIAN_POINT('',(-0.055,0.0425,0.029));
#4019=CARTESIAN_POINT('',(-0.055000000000123,-0.0475,0.02915));
#4020=CARTESIAN_POINT('',(-0.055000000000123,0.0425,0.02915));
#4021=CARTESIAN_POINT('',(-0.055000000000123,-0.0475,0.0293));
#4022=CARTESIAN_POINT('',(-0.055000000000123,0.0425,0.0293));
#4023=CARTESIAN_POINT('',(-0.054900000000123,-0.0475,0.0296666666666667));
#4024=CARTESIAN_POINT('',(-0.054900000000123,0.0425,0.0296666666666667));
#4025=CARTESIAN_POINT('',(-0.0546666666667896,-0.0475,0.0299));
#4026=CARTESIAN_POINT('',(-0.0546666666667896,0.0425,0.0299));
#4027=CARTESIAN_POINT('',(-0.0543000000001229,-0.0475,0.03));
#4028=CARTESIAN_POINT('',(-0.0543000000001229,0.0425,0.03));
#4029=CARTESIAN_POINT('',(-0.054150000000123,-0.0475,0.03));
#4030=CARTESIAN_POINT('',(-0.054150000000123,0.0425,0.03));
#4031=CARTESIAN_POINT('',(-0.054000000000123,-0.0475,0.03));
#4032=CARTESIAN_POINT('',(-0.054000000000123,0.0425,0.03));
#4033=CARTESIAN_POINT('',(-0.054,0.0425,0.03));
#4034=CARTESIAN_POINT('',(-0.0541250000000102,0.0425,0.03));
#4035=CARTESIAN_POINT('',(-0.0543932291666815,0.0425,0.0299869791667006));
#4036=CARTESIAN_POINT('',(-0.0547799479167453,0.0425,0.0297799479167208));
#4037=CARTESIAN_POINT('',(-0.054986979166788,0.0425,0.0293932291667032));
#4038=CARTESIAN_POINT('',(-0.0550000000001025,0.0425,0.0291250000000102));
#4039=CARTESIAN_POINT('',(-0.055,0.0425,0.029));
#4040=CARTESIAN_POINT('',(-0.0499623274134663,0.046490943468647,0.0300000000000007));
#4041=CARTESIAN_POINT('',(-0.0523352132545145,0.0465131705330288,0.03));
#4042=CARTESIAN_POINT('',(-0.0540131705330289,0.0448352132545147,0.0299999999999997));
#4043=CARTESIAN_POINT('',(-0.0539909434686472,0.0424623274134664,0.03));
#4044=CARTESIAN_POINT('',(-0.0499623105533544,0.0464927433968851,0.0300000000000007));
#4045=CARTESIAN_POINT('',(-0.0523362664967139,0.0465149804850248,0.03));
#4046=CARTESIAN_POINT('',(-0.0540149804850248,0.0448362664967141,0.0299999999999997));
#4047=CARTESIAN_POINT('',(-0.0539927433968853,0.0424623105533545,0.03));
#4048=CARTESIAN_POINT('',(-0.0499622936932425,0.0464945433251233,0.0300000000000007));
#4049=CARTESIAN_POINT('',(-0.0523373197389133,0.0465167904370208,0.03));
#4050=CARTESIAN_POINT('',(-0.0540167904370208,0.0448373197389134,0.0299999999999997));
#4051=CARTESIAN_POINT('',(-0.0539945433251235,0.0424622936932426,0.03));
#4052=CARTESIAN_POINT('',(-0.0499622768331306,0.0464963432533614,0.0300000000000007));
#4053=CARTESIAN_POINT('',(-0.0523383729811127,0.0465186003890167,0.03));
#4054=CARTESIAN_POINT('',(-0.0540186003890167,0.0448383729811128,0.0299999999999997));
#4055=CARTESIAN_POINT('',(-0.0539963432533616,0.0424622768331307,0.03));
#4056=CARTESIAN_POINT('',(-0.0499622599730187,0.0464981431815996,0.0300000000000007));
#4057=CARTESIAN_POINT('',(-0.0523394262233121,0.0465204103410127,0.03));
#4058=CARTESIAN_POINT('',(-0.0540204103410127,0.0448394262233122,0.0299999999999997));
#4059=CARTESIAN_POINT('',(-0.0539981431815998,0.0424622599730188,0.03));
#4060=CARTESIAN_POINT('',(-0.0499622431129068,0.0464999431098377,0.0300000000000007));
#4061=CARTESIAN_POINT('',(-0.0523404794655115,0.0465222202930086,0.03));
#4062=CARTESIAN_POINT('',(-0.0540222202930086,0.0448404794655117,0.0299999999999997));
#4063=CARTESIAN_POINT('',(-0.0539999431098379,0.0424622431129069,0.03));
#4064=CARTESIAN_POINT('',(-0.0499608381092021,0.0466499365295753,0.0300000000000007));
#4065=CARTESIAN_POINT('',(-0.052428249297637,0.0466730490225546,0.03));
#4066=CARTESIAN_POINT('',(-0.0541730490225546,0.0449282492976371,0.0299999999999997));
#4067=CARTESIAN_POINT('',(-0.0541499365295755,0.0424608381092022,0.03));
#4068=CARTESIAN_POINT('',(-0.0499594331054975,0.046799929949313,0.0300000000000007));
#4069=CARTESIAN_POINT('',(-0.0525160191297624,0.0468238777521007,0.0299999999999999));
#4070=CARTESIAN_POINT('',(-0.0543238777521007,0.0450160191297626,0.0299999999999996));
#4071=CARTESIAN_POINT('',(-0.0542999299493132,0.0424594331054976,0.03));
#4072=CARTESIAN_POINT('',(-0.0499559986519972,0.0471665805308939,0.0299000000000008));
#4073=CARTESIAN_POINT('',(-0.0527305676082913,0.0471925702021021,0.0299));
#4074=CARTESIAN_POINT('',(-0.0546925702021021,0.0452305676082914,0.0298999999999996));
#4075=CARTESIAN_POINT('',(-0.054666580530894,0.0424559986519974,0.0299));
#4076=CARTESIAN_POINT('',(-0.0499538130906789,0.0473999036282636,0.0296666666666675));
#4077=CARTESIAN_POINT('',(-0.0528670984582642,0.0474271926702848,0.0296666666666666));
#4078=CARTESIAN_POINT('',(-0.0549271926702848,0.0453670984582643,0.0296666666666663));
#4079=CARTESIAN_POINT('',(-0.0548999036282637,0.0424538130906789,0.0296666666666667));
#4080=CARTESIAN_POINT('',(-0.0499528764215424,0.047499899241422,0.0293000000000009));
#4081=CARTESIAN_POINT('',(-0.0529256116796812,0.0475277451566488,0.0293));
#4082=CARTESIAN_POINT('',(-0.0550277451566489,0.0454256116796812,0.0292999999999996));
#4083=CARTESIAN_POINT('',(-0.0549998992414221,0.0424528764215424,0.0293000000000001));
#4084=CARTESIAN_POINT('',(-0.0499528764215424,0.0474998992414221,0.0291500000000009));
#4085=CARTESIAN_POINT('',(-0.0529256116796812,0.0475277451566488,0.02915));
#4086=CARTESIAN_POINT('',(-0.0550277451566489,0.0454256116796812,0.0291499999999996));
#4087=CARTESIAN_POINT('',(-0.0549998992414221,0.0424528764215424,0.0291500000000001));
#4088=CARTESIAN_POINT('',(-0.0499528764215423,0.0474998992414221,0.0290000000000009));
#4089=CARTESIAN_POINT('',(-0.0529256116796812,0.0475277451566489,0.029));
#4090=CARTESIAN_POINT('',(-0.0550277451566489,0.0454256116796812,0.0289999999999996));
#4091=CARTESIAN_POINT('',(-0.0549998992414221,0.0424528764215424,0.0290000000000001));
#4092=CARTESIAN_POINT('',(-0.0500000000067909,0.0475,0.0290000000000009));
#4093=CARTESIAN_POINT('',(-0.0500000000066023,0.0475,0.0291250000000008));
#4094=CARTESIAN_POINT('',(-0.050000000006225,0.0474869791666665,0.0293932291666675));
#4095=CARTESIAN_POINT('',(-0.0500000000056591,0.0472799479166662,0.029779947916667));
#4096=CARTESIAN_POINT('',(-0.0500000000050932,0.0468932291666663,0.0299869791666667));
#4097=CARTESIAN_POINT('',(-0.0500000000047159,0.0466249999999998,0.03));
#4098=CARTESIAN_POINT('',(-0.0500000000045272,0.0464999999999999,0.03));
#4099=CARTESIAN_POINT('',(-0.0500000000067909,0.0475,0.029));
#4100=CARTESIAN_POINT('',(0.05,0.0475,0.029));
#4101=CARTESIAN_POINT('',(-0.0500000000067909,0.0475,0.02915));
#4102=CARTESIAN_POINT('',(0.05,0.0475,0.02915));
#4103=CARTESIAN_POINT('',(-0.0500000000067909,0.0475,0.0293));
#4104=CARTESIAN_POINT('',(0.05,0.0475,0.0293));
#4105=CARTESIAN_POINT('',(-0.0500000000067909,0.0474,0.0296666666666667));
#4106=CARTESIAN_POINT('',(0.05,0.0474,0.0296666666666667));
#4107=CARTESIAN_POINT('',(-0.0500000000067909,0.0471666666666667,0.0299));
#4108=CARTESIAN_POINT('',(0.05,0.0471666666666667,0.0299));
#4109=CARTESIAN_POINT('',(-0.0500000000067909,0.0468,0.03));
#4110=CARTESIAN_POINT('',(0.05,0.0468,0.03));
#4111=CARTESIAN_POINT('',(-0.0500000000067909,0.04665,0.03));
#4112=CARTESIAN_POINT('',(0.05,0.04665,0.03));
#4113=CARTESIAN_POINT('',(-0.0500000000067909,0.0465,0.03));
#4114=CARTESIAN_POINT('',(0.05,0.0465,0.03));
#4115=CARTESIAN_POINT('',(0.05,0.0465,0.03));
#4116=CARTESIAN_POINT('',(0.05,0.046625,0.03));
#4117=CARTESIAN_POINT('',(0.05,0.0468932291666667,0.0299869791666667));
#4118=CARTESIAN_POINT('',(0.05,0.0472799479166667,0.0297799479166667));
#4119=CARTESIAN_POINT('',(0.05,0.0474869791666667,0.0293932291666666));
#4120=CARTESIAN_POINT('',(0.05,0.0475,0.029125));
#4121=CARTESIAN_POINT('',(0.05,0.0475,0.029));
#4122=CARTESIAN_POINT('',(0.0539909434686471,0.0424623274134663,0.0300000000000007));
#4123=CARTESIAN_POINT('',(0.0540131705330288,0.0448352132545146,0.03));
#4124=CARTESIAN_POINT('',(0.0523352132545145,0.0465131705330289,0.0299999999999997));
#4125=CARTESIAN_POINT('',(0.0499623274134663,0.0464909434686473,0.03));
#4126=CARTESIAN_POINT('',(0.0539927433968853,0.0424623105533544,0.0300000000000007));
#4127=CARTESIAN_POINT('',(0.0540149804850248,0.044836266496714,0.03));
#4128=CARTESIAN_POINT('',(0.0523362664967139,0.0465149804850249,0.0299999999999997));
#4129=CARTESIAN_POINT('',(0.0499623105533544,0.0464927433968854,0.03));
#4130=CARTESIAN_POINT('',(0.0539945433251234,0.0424622936932425,0.0300000000000007));
#4131=CARTESIAN_POINT('',(0.0540167904370207,0.0448373197389133,0.03));
#4132=CARTESIAN_POINT('',(0.0523373197389133,0.0465167904370208,0.0299999999999997));
#4133=CARTESIAN_POINT('',(0.0499622936932425,0.0464945433251236,0.03));
#4134=CARTESIAN_POINT('',(0.0539963432533616,0.0424622768331306,0.0300000000000007));
#4135=CARTESIAN_POINT('',(0.0540186003890167,0.0448383729811128,0.03));
#4136=CARTESIAN_POINT('',(0.0523383729811127,0.0465186003890168,0.0299999999999997));
#4137=CARTESIAN_POINT('',(0.0499622768331305,0.0464963432533617,0.03));
#4138=CARTESIAN_POINT('',(0.0539981431815997,0.0424622599730187,0.0300000000000007));
#4139=CARTESIAN_POINT('',(0.0540204103410126,0.0448394262233122,0.03));
#4140=CARTESIAN_POINT('',(0.0523394262233121,0.0465204103410127,0.0299999999999997));
#4141=CARTESIAN_POINT('',(0.0499622599730186,0.0464981431815999,0.03));
#4142=CARTESIAN_POINT('',(0.0539999431098379,0.0424622431129068,0.0300000000000007));
#4143=CARTESIAN_POINT('',(0.0540222202930086,0.0448404794655116,0.03));
#4144=CARTESIAN_POINT('',(0.0523404794655115,0.0465222202930087,0.0299999999999997));
#4145=CARTESIAN_POINT('',(0.0499622431129067,0.046499943109838,0.03));
#4146=CARTESIAN_POINT('',(0.0541499365295755,0.0424608381092021,0.0300000000000007));
#4147=CARTESIAN_POINT('',(0.0541730490225547,0.044928249297637,0.03));
#4148=CARTESIAN_POINT('',(0.052428249297637,0.0466730490225547,0.0299999999999997));
#4149=CARTESIAN_POINT('',(0.0499608381092021,0.0466499365295757,0.03));
#4150=CARTESIAN_POINT('',(0.0542999299493132,0.0424594331054975,0.0300000000000007));
#4151=CARTESIAN_POINT('',(0.0543238777521007,0.0450160191297625,0.03));
#4152=CARTESIAN_POINT('',(0.0525160191297625,0.0468238777521008,0.0299999999999997));
#4153=CARTESIAN_POINT('',(0.0499594331054975,0.0467999299493133,0.03));
#4154=CARTESIAN_POINT('',(0.0546665805308941,0.0424559986519972,0.0299000000000008));
#4155=CARTESIAN_POINT('',(0.0546925702021021,0.0452305676082913,0.0299));
#4156=CARTESIAN_POINT('',(0.0527305676082914,0.0471925702021021,0.0298999999999997));
#4157=CARTESIAN_POINT('',(0.0499559986519973,0.0471665805308942,0.0299000000000001));
#4158=CARTESIAN_POINT('',(0.0548999036282638,0.0424538130906789,0.0296666666666675));
#4159=CARTESIAN_POINT('',(0.0549271926702848,0.0453670984582642,0.0296666666666666));
#4160=CARTESIAN_POINT('',(0.0528670984582643,0.0474271926702848,0.0296666666666663));
#4161=CARTESIAN_POINT('',(0.0499538130906789,0.0473999036282639,0.0296666666666667));
#4162=CARTESIAN_POINT('',(0.0549998992414222,0.0424528764215424,0.0293000000000009));
#4163=CARTESIAN_POINT('',(0.0550277451566489,0.0454256116796812,0.0293));
#4164=CARTESIAN_POINT('',(0.0529256116796812,0.0475277451566489,0.0292999999999996));
#4165=CARTESIAN_POINT('',(0.0499528764215424,0.0474998992414223,0.0293000000000001));
#4166=CARTESIAN_POINT('',(0.0549998992414223,0.0424528764215424,0.0291500000000009));
#4167=CARTESIAN_POINT('',(0.0550277451566489,0.0454256116796812,0.02915));
#4168=CARTESIAN_POINT('',(0.0529256116796812,0.0475277451566489,0.0291499999999996));
#4169=CARTESIAN_POINT('',(0.0499528764215424,0.0474998992414223,0.02915));
#4170=CARTESIAN_POINT('',(0.0549998992414223,0.0424528764215423,0.0290000000000009));
#4171=CARTESIAN_POINT('',(0.0550277451566489,0.0454256116796812,0.029));
#4172=CARTESIAN_POINT('',(0.0529256116796812,0.0475277451566489,0.0289999999999996));
#4173=CARTESIAN_POINT('',(0.0499528764215423,0.0474998992414223,0.0290000000000001));
#4174=CARTESIAN_POINT('',(0.055,0.0425000000067909,0.0290000000000009));
#4175=CARTESIAN_POINT('',(0.055,0.0425000000066023,0.0291250000000008));
#4176=CARTESIAN_POINT('',(0.0549869791666664,0.042500000006225,0.0293932291666675));
#4177=CARTESIAN_POINT('',(0.0547799479166663,0.0425000000056591,0.029779947916667));
#4178=CARTESIAN_POINT('',(0.0543932291666663,0.0425000000050932,0.0299869791666667));
#4179=CARTESIAN_POINT('',(0.0541249999999998,0.0425000000047159,0.03));
#4180=CARTESIAN_POINT('',(0.0539999999999999,0.0425000000045272,0.03));
#4181=CARTESIAN_POINT('',(0.055,0.0425000000067909,0.029));
#4182=CARTESIAN_POINT('',(0.055,-0.0475,0.029));
#4183=CARTESIAN_POINT('',(0.055,0.0425000000067909,0.02915));
#4184=CARTESIAN_POINT('',(0.055,-0.0475,0.02915));
#4185=CARTESIAN_POINT('',(0.055,0.0425000000067909,0.0293));
#4186=CARTESIAN_POINT('',(0.055,-0.0475,0.0293));
#4187=CARTESIAN_POINT('',(0.0549,0.0425000000067909,0.0296666666666667));
#4188=CARTESIAN_POINT('',(0.0549,-0.0475,0.0296666666666667));
#4189=CARTESIAN_POINT('',(0.0546666666666667,0.0425000000067909,0.0299));
#4190=CARTESIAN_POINT('',(0.0546666666666667,-0.0475,0.0299));
#4191=CARTESIAN_POINT('',(0.0543,0.0425000000067909,0.03));
#4192=CARTESIAN_POINT('',(0.0543,-0.0475,0.03));
#4193=CARTESIAN_POINT('',(0.05415,0.0425000000067909,0.03));
#4194=CARTESIAN_POINT('',(0.05415,-0.0475,0.03));
#4195=CARTESIAN_POINT('',(0.054,0.0425000000067909,0.03));
#4196=CARTESIAN_POINT('',(0.054,-0.0475,0.03));
#4197=CARTESIAN_POINT('',(0.0506,0.0475,0.000999999999999999));
#4198=CARTESIAN_POINT('',(-0.0506,0.0475,0.000999999999999999));
#4199=CARTESIAN_POINT('',(0.0506,0.0475,0.000849999999999999));
#4200=CARTESIAN_POINT('',(-0.0506,0.0475,0.000849999999999999));
#4201=CARTESIAN_POINT('',(0.0506,0.0475,0.000699999999999999));
#4202=CARTESIAN_POINT('',(-0.0506,0.0475,0.000699999999999999));
#4203=CARTESIAN_POINT('',(0.0506,0.0474,0.000333333333333327));
#4204=CARTESIAN_POINT('',(-0.0506,0.0474,0.000333333333333327));
#4205=CARTESIAN_POINT('',(0.0506,0.0471666666666667,9.99999999999917E-5));
#4206=CARTESIAN_POINT('',(-0.0506,0.0471666666666667,9.99999999999917E-5));
#4207=CARTESIAN_POINT('',(0.0506,0.0468,-3.01425551185726E-18));
#4208=CARTESIAN_POINT('',(-0.0506,0.0468,-3.01425551185726E-18));
#4209=CARTESIAN_POINT('',(0.0506,0.04665,-1.04083408558606E-18));
#4210=CARTESIAN_POINT('',(-0.0506,0.04665,-1.04083408558606E-18));
#4211=CARTESIAN_POINT('',(0.0506,0.0465,1.94133738394233E-32));
#4212=CARTESIAN_POINT('',(-0.0506,0.0465,1.94133738394233E-32));
#4213=CARTESIAN_POINT('',(-0.055,0.04304,0.001));
#4214=CARTESIAN_POINT('',(-0.055,-0.04804,0.001));
#4215=CARTESIAN_POINT('',(-0.055,0.04304,0.000850000000000005));
#4216=CARTESIAN_POINT('',(-0.055,-0.04804,0.000850000000000005));
#4217=CARTESIAN_POINT('',(-0.055,0.04304,0.000700000000000006));
#4218=CARTESIAN_POINT('',(-0.055,-0.04804,0.000700000000000006));
#4219=CARTESIAN_POINT('',(-0.0549,0.04304,0.000333333333333337));
#4220=CARTESIAN_POINT('',(-0.0549,-0.04804,0.000333333333333337));
#4221=CARTESIAN_POINT('',(-0.0546666666666667,0.04304,9.99999999999986E-5));
#4222=CARTESIAN_POINT('',(-0.0546666666666667,-0.04804,9.99999999999986E-5));
#4223=CARTESIAN_POINT('',(-0.0543,0.04304,-4.66293670342564E-19));
#4224=CARTESIAN_POINT('',(-0.0543,-0.04804,-4.66293670342564E-19));
#4225=CARTESIAN_POINT('',(-0.05415,0.04304,0.));
#4226=CARTESIAN_POINT('',(-0.05415,-0.04804,0.));
#4227=CARTESIAN_POINT('',(-0.054,0.04304,0.));
#4228=CARTESIAN_POINT('',(-0.054,-0.04804,0.));
#4229=CARTESIAN_POINT('',(-0.046,0.0116528000000026,0.025));
#4230=CARTESIAN_POINT('',(-0.046,-0.0478528,0.025));
#4231=CARTESIAN_POINT('',(-0.046,0.0116528000000026,0.02575));
#4232=CARTESIAN_POINT('',(-0.046,-0.0478528,0.02575));
#4233=CARTESIAN_POINT('',(-0.046,0.0116528000000026,0.0265));
#4234=CARTESIAN_POINT('',(-0.046,-0.0478528,0.0265));
#4235=CARTESIAN_POINT('',(-0.0465,0.0116528000000026,0.0283333333333334));
#4236=CARTESIAN_POINT('',(-0.0465,-0.0478528,0.0283333333333334));
#4237=CARTESIAN_POINT('',(-0.0476666666666667,0.0116528000000026,0.0295));
#4238=CARTESIAN_POINT('',(-0.0476666666666667,-0.0478528,0.0295));
#4239=CARTESIAN_POINT('',(-0.0495,0.0116528000000026,0.03));
#4240=CARTESIAN_POINT('',(-0.0495,-0.0478528,0.03));
#4241=CARTESIAN_POINT('',(-0.05025,0.0116528000000026,0.03));
#4242=CARTESIAN_POINT('',(-0.05025,-0.0478528,0.03));
#4243=CARTESIAN_POINT('',(-0.051,0.0116528000000026,0.03));
#4244=CARTESIAN_POINT('',(-0.051,-0.0478528,0.03));
#4245=CARTESIAN_POINT('',(-0.051,-0.0475,0.03));
#4246=CARTESIAN_POINT('',(-0.0504249714767606,-0.046924971476608,0.03));
#4247=CARTESIAN_POINT('',(-0.0492679221672793,-0.0457679221673519,0.0299433391013647));
#4248=CARTESIAN_POINT('',(-0.0478536978980662,-0.0443536978980571,0.029352580328551));
#4249=CARTESIAN_POINT('',(-0.0468810746146178,-0.0433810746146195,0.0284046799207204));
#4250=CARTESIAN_POINT('',(-0.0463335071432413,-0.0428335071432408,0.0274229684430087));
#4251=CARTESIAN_POINT('',(-0.0460190988031701,-0.0425190988031703,0.0262509852235573));
#4252=CARTESIAN_POINT('',(-0.046,-0.0425,0.0254150138871282));
#4253=CARTESIAN_POINT('',(-0.046,-0.0425,0.025));
#4254=CARTESIAN_POINT('',(-0.046,0.0063,0.025));
#4255=CARTESIAN_POINT('',(-0.046,0.0063,0.0254110945519757));
#4256=CARTESIAN_POINT('',(-0.0460168769772343,0.00631687697723401,0.02622654335161));
#4257=CARTESIAN_POINT('',(-0.0463256443412085,0.00662564434120953,0.0274050956933289));
#4258=CARTESIAN_POINT('',(-0.0468716263451492,0.00717162634514542,0.0283921710386215));
#4259=CARTESIAN_POINT('',(-0.0478408694836647,0.00814086948368458,0.0293446164288255));
#4260=CARTESIAN_POINT('',(-0.0492522442442732,0.0095522442441114,0.0299413555984321));
#4261=CARTESIAN_POINT('',(-0.0504256024175244,0.0107256024178599,0.03));
#4262=CARTESIAN_POINT('',(-0.051,0.0113,0.03));
#4263=CARTESIAN_POINT('',(-0.0510300000000001,0.0113000000000001,0.0300000000000004));
#4264=CARTESIAN_POINT('',(-0.046,0.0113000000000001,0.0300000000000004));
#4265=CARTESIAN_POINT('',(-0.0510300000000001,0.0105500000000001,0.0300000000000004));
#4266=CARTESIAN_POINT('',(-0.046,0.0105500000000001,0.0300000000000004));
#4267=CARTESIAN_POINT('',(-0.0510300000000001,0.00979999999999998,0.0300000000000004));
#4268=CARTESIAN_POINT('',(-0.046,0.00979999999999998,0.0300000000000004));
#4269=CARTESIAN_POINT('',(-0.0510300000000001,0.00796666666666671,0.0295));
#4270=CARTESIAN_POINT('',(-0.046,0.00796666666666671,0.0295));
#4271=CARTESIAN_POINT('',(-0.0510300000000001,0.00680000000000004,0.0283333333333335));
#4272=CARTESIAN_POINT('',(-0.046,0.00680000000000004,0.0283333333333335));
#4273=CARTESIAN_POINT('',(-0.0510300000000001,0.00630000000000003,0.0265));
#4274=CARTESIAN_POINT('',(-0.046,0.00630000000000003,0.0265));
#4275=CARTESIAN_POINT('',(-0.0510300000000001,0.00630000000000003,0.0257500000000002));
#4276=CARTESIAN_POINT('',(-0.046,0.00630000000000003,0.0257500000000002));
#4277=CARTESIAN_POINT('',(-0.0510300000000001,0.00630000000000003,0.025));
#4278=CARTESIAN_POINT('',(-0.046,0.00630000000000003,0.025));
#4279=CARTESIAN_POINT('',(-0.0510300000000001,0.00630000000000003,0.024991));
#4280=CARTESIAN_POINT('',(-0.046,0.00630000000000003,0.024991));
#4281=CARTESIAN_POINT('',(-0.0510300000000001,0.00630000000000003,0.024982));
#4282=CARTESIAN_POINT('',(-0.046,0.00630000000000003,0.024982));
#4283=CARTESIAN_POINT('',(-0.0510300000000001,0.00630000000000003,0.024973));
#4284=CARTESIAN_POINT('',(-0.046,0.00630000000000003,0.024973));
#4285=CARTESIAN_POINT('',(-0.0510300000000001,0.00630000000000003,0.024964));
#4286=CARTESIAN_POINT('',(-0.046,0.00630000000000003,0.024964));
#4287=CARTESIAN_POINT('',(-0.0510300000000001,0.00630000000000003,0.024955));
#4288=CARTESIAN_POINT('',(-0.046,0.00630000000000003,0.024955));
#4289=CARTESIAN_POINT('',(-0.046,-0.0475,0.03));
#4290=CARTESIAN_POINT('',(-0.05103,-0.0475,0.03));
#4291=CARTESIAN_POINT('',(-0.046,-0.04675,0.03));
#4292=CARTESIAN_POINT('',(-0.05103,-0.04675,0.03));
#4293=CARTESIAN_POINT('',(-0.046,-0.046,0.03));
#4294=CARTESIAN_POINT('',(-0.05103,-0.046,0.03));
#4295=CARTESIAN_POINT('',(-0.046,-0.0441666666666667,0.0295));
#4296=CARTESIAN_POINT('',(-0.05103,-0.0441666666666667,0.0295));
#4297=CARTESIAN_POINT('',(-0.046,-0.043,0.0283333333333333));
#4298=CARTESIAN_POINT('',(-0.05103,-0.043,0.0283333333333333));
#4299=CARTESIAN_POINT('',(-0.046,-0.0425,0.0265));
#4300=CARTESIAN_POINT('',(-0.05103,-0.0425,0.0265));
#4301=CARTESIAN_POINT('',(-0.046,-0.0425,0.02575));
#4302=CARTESIAN_POINT('',(-0.05103,-0.0425,0.02575));
#4303=CARTESIAN_POINT('',(-0.046,-0.0425,0.025));
#4304=CARTESIAN_POINT('',(-0.05103,-0.0425,0.025));
#4305=CARTESIAN_POINT('',(-0.046,-0.0425,0.024991));
#4306=CARTESIAN_POINT('',(-0.05103,-0.0425,0.024991));
#4307=CARTESIAN_POINT('',(-0.046,-0.0425,0.024982));
#4308=CARTESIAN_POINT('',(-0.05103,-0.0425,0.024982));
#4309=CARTESIAN_POINT('',(-0.046,-0.0425,0.024973));
#4310=CARTESIAN_POINT('',(-0.05103,-0.0425,0.024973));
#4311=CARTESIAN_POINT('',(-0.046,-0.0425,0.024964));
#4312=CARTESIAN_POINT('',(-0.05103,-0.0425,0.024964));
#4313=CARTESIAN_POINT('',(-0.046,-0.0425,0.024955));
#4314=CARTESIAN_POINT('',(-0.05103,-0.0425,0.024955));
#4315=CARTESIAN_POINT('',(0.046,-0.0475,0.029));
#4316=CARTESIAN_POINT('',(0.046,0.0165822,0.029));
#4317=CARTESIAN_POINT('',(0.046,-0.0475,0.02915));
#4318=CARTESIAN_POINT('',(0.046,0.0165822,0.02915));
#4319=CARTESIAN_POINT('',(0.046,-0.0475,0.0293));
#4320=CARTESIAN_POINT('',(0.046,0.0165822,0.0293));
#4321=CARTESIAN_POINT('',(0.0461,-0.0475,0.0296666666666666));
#4322=CARTESIAN_POINT('',(0.0461,0.0165822,0.0296666666666666));
#4323=CARTESIAN_POINT('',(0.0463333333333333,-0.0475,0.0299));
#4324=CARTESIAN_POINT('',(0.0463333333333333,0.0165822,0.0299));
#4325=CARTESIAN_POINT('',(0.0467,-0.0475,0.03));
#4326=CARTESIAN_POINT('',(0.0467,0.0165822,0.03));
#4327=CARTESIAN_POINT('',(0.04685,-0.0475,0.03));
#4328=CARTESIAN_POINT('',(0.04685,0.0165822,0.03));
#4329=CARTESIAN_POINT('',(0.047,-0.0475,0.03));
#4330=CARTESIAN_POINT('',(0.047,0.0165822,0.03));
#4331=CARTESIAN_POINT('',(0.047,0.0162,0.03));
#4332=CARTESIAN_POINT('',(0.0468849762230266,0.0160849762224014,0.03));
#4333=CARTESIAN_POINT('',(0.0466535363366701,0.0158535363369604,0.0299879859909151));
#4334=CARTESIAN_POINT('',(0.046314166539293,0.0155141665392148,0.0298492238079364));
#4335=CARTESIAN_POINT('',(0.0460378510674031,0.0152378510674254,0.0295059563156414));
#4336=CARTESIAN_POINT('',(0.046,0.0152,0.0291659660469736));
#4337=CARTESIAN_POINT('',(0.046,0.0152,0.029));
#4338=CARTESIAN_POINT('',(0.046,0.0162,0.03));
#4339=CARTESIAN_POINT('',(0.047006,0.0162,0.03));
#4340=CARTESIAN_POINT('',(0.046,0.01605,0.03));
#4341=CARTESIAN_POINT('',(0.047006,0.01605,0.03));
#4342=CARTESIAN_POINT('',(0.046,0.0159,0.03));
#4343=CARTESIAN_POINT('',(0.047006,0.0159,0.03));
#4344=CARTESIAN_POINT('',(0.046,0.0155333333333334,0.0299));
#4345=CARTESIAN_POINT('',(0.047006,0.0155333333333334,0.0299));
#4346=CARTESIAN_POINT('',(0.046,0.0153,0.0296666666666668));
#4347=CARTESIAN_POINT('',(0.047006,0.0153,0.0296666666666668));
#4348=CARTESIAN_POINT('',(0.046,0.0152,0.0293000000000002));
#4349=CARTESIAN_POINT('',(0.047006,0.0152,0.0293000000000002));
#4350=CARTESIAN_POINT('',(0.046,0.0152,0.02915));
#4351=CARTESIAN_POINT('',(0.047006,0.0152,0.02915));
#4352=CARTESIAN_POINT('',(0.046,0.0152,0.029));
#4353=CARTESIAN_POINT('',(0.047006,0.0152,0.029));
#4354=CARTESIAN_POINT('',(0.046,0.0152,0.0289982));
#4355=CARTESIAN_POINT('',(0.047006,0.0152,0.0289982));
#4356=CARTESIAN_POINT('',(0.046,0.0152,0.0289964));
#4357=CARTESIAN_POINT('',(0.047006,0.0152,0.0289964));
#4358=CARTESIAN_POINT('',(0.046,0.0152,0.0289946));
#4359=CARTESIAN_POINT('',(0.047006,0.0152,0.0289946));
#4360=CARTESIAN_POINT('',(0.046,0.0152,0.0289928));
#4361=CARTESIAN_POINT('',(0.047006,0.0152,0.0289928));
#4362=CARTESIAN_POINT('',(0.046,0.0152,0.028991));
#4363=CARTESIAN_POINT('',(0.047006,0.0152,0.028991));
#4364=MECHANICAL_DESIGN_GEOMETRIC_PRESENTATION_REPRESENTATION('',(#1584),
#4365);
#4365=(
GEOMETRIC_REPRESENTATION_CONTEXT(3)
GLOBAL_UNCERTAINTY_ASSIGNED_CONTEXT((#4366))
GLOBAL_UNIT_ASSIGNED_CONTEXT((#4369,#4368,#4367))
REPRESENTATION_CONTEXT('Front Case','TOP_LEVEL_ASSEMBLY_PART')
);
#4366=UNCERTAINTY_MEASURE_WITH_UNIT(LENGTH_MEASURE(2.E-5),#4369,
'DISTANCE_ACCURACY_VALUE','Maximum Tolerance applied to model');
#4367=(
NAMED_UNIT(*)
SI_UNIT($,.STERADIAN.)
SOLID_ANGLE_UNIT()
);
#4368=(
NAMED_UNIT(*)
PLANE_ANGLE_UNIT()
SI_UNIT($,.RADIAN.)
);
#4369=(
LENGTH_UNIT()
NAMED_UNIT(*)
SI_UNIT($,.METRE.)
);
#4370=PRODUCT_DEFINITION_SHAPE('','',#4371);
#4371=PRODUCT_DEFINITION('','',#4373,#4372);
#4372=PRODUCT_DEFINITION_CONTEXT('',#4379,'design');
#4373=PRODUCT_DEFINITION_FORMATION_WITH_SPECIFIED_SOURCE('','',#4375,
 .NOT_KNOWN.);
#4374=PRODUCT_RELATED_PRODUCT_CATEGORY('','',(#4375));
#4375=PRODUCT('Front Case','Front Case','Front Case',(#4377));
#4376=PRODUCT_CATEGORY('','');
#4377=PRODUCT_CONTEXT('',#4379,'mechanical');
#4378=APPLICATION_PROTOCOL_DEFINITION('international standard',
'ap242_managed_model_based_3d_engineering',2020,#4379);
#4379=APPLICATION_CONTEXT('managed model based 3d engineering');
ENDSEC;
END-ISO-10303-21;
